id,category,subcategory,name,brand,specification,unit,price_range_inr,description,image_url
MAT00001,Building & Structural,Cement,OPC 33 Grade Cement,UltraTech,25kg bag,bag,Rs.230 - Rs.429,"UltraTech OPC 33 Grade cement, packed in 25kg bag, used for RCC, masonry and plastering work.",https://placehold.co/400x300/8B8378/FFFFFF?text=UltraTech+OPC+33+Grade+Cement
MAT00002,Building & Structural,Cement,OPC 33 Grade Cement,UltraTech,40kg bag,bag,Rs.230 - Rs.429,"UltraTech OPC 33 Grade cement, packed in 40kg bag, used for RCC, masonry and plastering work.",https://placehold.co/400x300/8B8378/FFFFFF?text=UltraTech+OPC+33+Grade+Cement
MAT00003,Building & Structural,Cement,OPC 33 Grade Cement,UltraTech,50kg bag,bag,Rs.230 - Rs.429,"UltraTech OPC 33 Grade cement, packed in 50kg bag, used for RCC, masonry and plastering work.",https://placehold.co/400x300/8B8378/FFFFFF?text=UltraTech+OPC+33+Grade+Cement
MAT00004,Building & Structural,Cement,OPC 33 Grade Cement,ACC,25kg bag,bag,Rs.230 - Rs.429,"ACC OPC 33 Grade cement, packed in 25kg bag, used for RCC, masonry and plastering work.",https://placehold.co/400x300/8B8378/FFFFFF?text=ACC+OPC+33+Grade+Cement
MAT00005,Building & Structural,Cement,OPC 33 Grade Cement,ACC,40kg bag,bag,Rs.230 - Rs.429,"ACC OPC 33 Grade cement, packed in 40kg bag, used for RCC, masonry and plastering work.",https://placehold.co/400x300/8B8378/FFFFFF?text=ACC+OPC+33+Grade+Cement
MAT00006,Building & Structural,Cement,OPC 33 Grade Cement,ACC,50kg bag,bag,Rs.230 - Rs.429,"ACC OPC 33 Grade cement, packed in 50kg bag, used for RCC, masonry and plastering work.",https://placehold.co/400x300/8B8378/FFFFFF?text=ACC+OPC+33+Grade+Cement
MAT00007,Building & Structural,Cement,OPC 33 Grade Cement,Ambuja,25kg bag,bag,Rs.230 - Rs.429,"Ambuja OPC 33 Grade cement, packed in 25kg bag, used for RCC, masonry and plastering work.",https://placehold.co/400x300/8B8378/FFFFFF?text=Ambuja+OPC+33+Grade+Cement
MAT00008,Building & Structural,Cement,OPC 33 Grade Cement,Ambuja,40kg bag,bag,Rs.230 - Rs.429,"Ambuja OPC 33 Grade cement, packed in 40kg bag, used for RCC, masonry and plastering work.",https://placehold.co/400x300/8B8378/FFFFFF?text=Ambuja+OPC+33+Grade+Cement
MAT00009,Building & Structural,Cement,OPC 33 Grade Cement,Ambuja,50kg bag,bag,Rs.230 - Rs.429,"Ambuja OPC 33 Grade cement, packed in 50kg bag, used for RCC, masonry and plastering work.",https://placehold.co/400x300/8B8378/FFFFFF?text=Ambuja+OPC+33+Grade+Cement
MAT00010,Building & Structural,Cement,OPC 33 Grade Cement,Shree Cement,25kg bag,bag,Rs.230 - Rs.429,"Shree Cement OPC 33 Grade cement, packed in 25kg bag, used for RCC, masonry and plastering work.",https://placehold.co/400x300/8B8378/FFFFFF?text=Shree+Cement+OPC+33+Grade+Cement
MAT00011,Building & Structural,Cement,OPC 33 Grade Cement,Shree Cement,40kg bag,bag,Rs.230 - Rs.429,"Shree Cement OPC 33 Grade cement, packed in 40kg bag, used for RCC, masonry and plastering work.",https://placehold.co/400x300/8B8378/FFFFFF?text=Shree+Cement+OPC+33+Grade+Cement
MAT00012,Building & Structural,Cement,OPC 33 Grade Cement,Shree Cement,50kg bag,bag,Rs.230 - Rs.429,"Shree Cement OPC 33 Grade cement, packed in 50kg bag, used for RCC, masonry and plastering work.",https://placehold.co/400x300/8B8378/FFFFFF?text=Shree+Cement+OPC+33+Grade+Cement
MAT00013,Building & Structural,Cement,OPC 33 Grade Cement,Dalmia,25kg bag,bag,Rs.230 - Rs.429,"Dalmia OPC 33 Grade cement, packed in 25kg bag, used for RCC, masonry and plastering work.",https://placehold.co/400x300/8B8378/FFFFFF?text=Dalmia+OPC+33+Grade+Cement
MAT00014,Building & Structural,Cement,OPC 33 Grade Cement,Dalmia,40kg bag,bag,Rs.230 - Rs.429,"Dalmia OPC 33 Grade cement, packed in 40kg bag, used for RCC, masonry and plastering work.",https://placehold.co/400x300/8B8378/FFFFFF?text=Dalmia+OPC+33+Grade+Cement
MAT00015,Building & Structural,Cement,OPC 33 Grade Cement,Dalmia,50kg bag,bag,Rs.230 - Rs.429,"Dalmia OPC 33 Grade cement, packed in 50kg bag, used for RCC, masonry and plastering work.",https://placehold.co/400x300/8B8378/FFFFFF?text=Dalmia+OPC+33+Grade+Cement
MAT00016,Building & Structural,Cement,OPC 33 Grade Cement,JK Cement,25kg bag,bag,Rs.230 - Rs.429,"JK Cement OPC 33 Grade cement, packed in 25kg bag, used for RCC, masonry and plastering work.",https://placehold.co/400x300/8B8378/FFFFFF?text=JK+Cement+OPC+33+Grade+Cement
MAT00017,Building & Structural,Cement,OPC 33 Grade Cement,JK Cement,40kg bag,bag,Rs.230 - Rs.429,"JK Cement OPC 33 Grade cement, packed in 40kg bag, used for RCC, masonry and plastering work.",https://placehold.co/400x300/8B8378/FFFFFF?text=JK+Cement+OPC+33+Grade+Cement
MAT00018,Building & Structural,Cement,OPC 33 Grade Cement,JK Cement,50kg bag,bag,Rs.230 - Rs.429,"JK Cement OPC 33 Grade cement, packed in 50kg bag, used for RCC, masonry and plastering work.",https://placehold.co/400x300/8B8378/FFFFFF?text=JK+Cement+OPC+33+Grade+Cement
MAT00019,Building & Structural,Cement,OPC 33 Grade Cement,Ramco,25kg bag,bag,Rs.230 - Rs.429,"Ramco OPC 33 Grade cement, packed in 25kg bag, used for RCC, masonry and plastering work.",https://placehold.co/400x300/8B8378/FFFFFF?text=Ramco+OPC+33+Grade+Cement
MAT00020,Building & Structural,Cement,OPC 33 Grade Cement,Ramco,40kg bag,bag,Rs.230 - Rs.429,"Ramco OPC 33 Grade cement, packed in 40kg bag, used for RCC, masonry and plastering work.",https://placehold.co/400x300/8B8378/FFFFFF?text=Ramco+OPC+33+Grade+Cement
MAT00021,Building & Structural,Cement,OPC 33 Grade Cement,Ramco,50kg bag,bag,Rs.230 - Rs.429,"Ramco OPC 33 Grade cement, packed in 50kg bag, used for RCC, masonry and plastering work.",https://placehold.co/400x300/8B8378/FFFFFF?text=Ramco+OPC+33+Grade+Cement
MAT00022,Building & Structural,Cement,OPC 33 Grade Cement,Birla A1,25kg bag,bag,Rs.230 - Rs.429,"Birla A1 OPC 33 Grade cement, packed in 25kg bag, used for RCC, masonry and plastering work.",https://placehold.co/400x300/8B8378/FFFFFF?text=Birla+A1+OPC+33+Grade+Cement
MAT00023,Building & Structural,Cement,OPC 33 Grade Cement,Birla A1,40kg bag,bag,Rs.230 - Rs.429,"Birla A1 OPC 33 Grade cement, packed in 40kg bag, used for RCC, masonry and plastering work.",https://placehold.co/400x300/8B8378/FFFFFF?text=Birla+A1+OPC+33+Grade+Cement
MAT00024,Building & Structural,Cement,OPC 33 Grade Cement,Birla A1,50kg bag,bag,Rs.230 - Rs.429,"Birla A1 OPC 33 Grade cement, packed in 50kg bag, used for RCC, masonry and plastering work.",https://placehold.co/400x300/8B8378/FFFFFF?text=Birla+A1+OPC+33+Grade+Cement
MAT00025,Building & Structural,Cement,OPC 33 Grade Cement,India Cements,25kg bag,bag,Rs.230 - Rs.429,"India Cements OPC 33 Grade cement, packed in 25kg bag, used for RCC, masonry and plastering work.",https://placehold.co/400x300/8B8378/FFFFFF?text=India+Cements+OPC+33+Grade+Cement
MAT00026,Building & Structural,Cement,OPC 33 Grade Cement,India Cements,40kg bag,bag,Rs.230 - Rs.429,"India Cements OPC 33 Grade cement, packed in 40kg bag, used for RCC, masonry and plastering work.",https://placehold.co/400x300/8B8378/FFFFFF?text=India+Cements+OPC+33+Grade+Cement
MAT00027,Building & Structural,Cement,OPC 33 Grade Cement,India Cements,50kg bag,bag,Rs.230 - Rs.429,"India Cements OPC 33 Grade cement, packed in 50kg bag, used for RCC, masonry and plastering work.",https://placehold.co/400x300/8B8378/FFFFFF?text=India+Cements+OPC+33+Grade+Cement
MAT00028,Building & Structural,Cement,OPC 33 Grade Cement,Star Cement,25kg bag,bag,Rs.230 - Rs.429,"Star Cement OPC 33 Grade cement, packed in 25kg bag, used for RCC, masonry and plastering work.",https://placehold.co/400x300/8B8378/FFFFFF?text=Star+Cement+OPC+33+Grade+Cement
MAT00029,Building & Structural,Cement,OPC 33 Grade Cement,Star Cement,40kg bag,bag,Rs.230 - Rs.429,"Star Cement OPC 33 Grade cement, packed in 40kg bag, used for RCC, masonry and plastering work.",https://placehold.co/400x300/8B8378/FFFFFF?text=Star+Cement+OPC+33+Grade+Cement
MAT00030,Building & Structural,Cement,OPC 33 Grade Cement,Star Cement,50kg bag,bag,Rs.230 - Rs.429,"Star Cement OPC 33 Grade cement, packed in 50kg bag, used for RCC, masonry and plastering work.",https://placehold.co/400x300/8B8378/FFFFFF?text=Star+Cement+OPC+33+Grade+Cement
MAT00031,Building & Structural,Cement,OPC 33 Grade Cement,Wonder Cement,25kg bag,bag,Rs.230 - Rs.429,"Wonder Cement OPC 33 Grade cement, packed in 25kg bag, used for RCC, masonry and plastering work.",https://placehold.co/400x300/8B8378/FFFFFF?text=Wonder+Cement+OPC+33+Grade+Cement
MAT00032,Building & Structural,Cement,OPC 33 Grade Cement,Wonder Cement,40kg bag,bag,Rs.230 - Rs.429,"Wonder Cement OPC 33 Grade cement, packed in 40kg bag, used for RCC, masonry and plastering work.",https://placehold.co/400x300/8B8378/FFFFFF?text=Wonder+Cement+OPC+33+Grade+Cement
MAT00033,Building & Structural,Cement,OPC 33 Grade Cement,Wonder Cement,50kg bag,bag,Rs.230 - Rs.429,"Wonder Cement OPC 33 Grade cement, packed in 50kg bag, used for RCC, masonry and plastering work.",https://placehold.co/400x300/8B8378/FFFFFF?text=Wonder+Cement+OPC+33+Grade+Cement
MAT00034,Building & Structural,Cement,OPC 33 Grade Cement,Prism Cement,25kg bag,bag,Rs.230 - Rs.429,"Prism Cement OPC 33 Grade cement, packed in 25kg bag, used for RCC, masonry and plastering work.",https://placehold.co/400x300/8B8378/FFFFFF?text=Prism+Cement+OPC+33+Grade+Cement
MAT00035,Building & Structural,Cement,OPC 33 Grade Cement,Prism Cement,40kg bag,bag,Rs.230 - Rs.429,"Prism Cement OPC 33 Grade cement, packed in 40kg bag, used for RCC, masonry and plastering work.",https://placehold.co/400x300/8B8378/FFFFFF?text=Prism+Cement+OPC+33+Grade+Cement
MAT00036,Building & Structural,Cement,OPC 33 Grade Cement,Prism Cement,50kg bag,bag,Rs.230 - Rs.429,"Prism Cement OPC 33 Grade cement, packed in 50kg bag, used for RCC, masonry and plastering work.",https://placehold.co/400x300/8B8378/FFFFFF?text=Prism+Cement+OPC+33+Grade+Cement
MAT00037,Building & Structural,Cement,OPC 33 Grade Cement,Zuari Cement,25kg bag,bag,Rs.230 - Rs.429,"Zuari Cement OPC 33 Grade cement, packed in 25kg bag, used for RCC, masonry and plastering work.",https://placehold.co/400x300/8B8378/FFFFFF?text=Zuari+Cement+OPC+33+Grade+Cement
MAT00038,Building & Structural,Cement,OPC 33 Grade Cement,Zuari Cement,40kg bag,bag,Rs.230 - Rs.429,"Zuari Cement OPC 33 Grade cement, packed in 40kg bag, used for RCC, masonry and plastering work.",https://placehold.co/400x300/8B8378/FFFFFF?text=Zuari+Cement+OPC+33+Grade+Cement
MAT00039,Building & Structural,Cement,OPC 33 Grade Cement,Zuari Cement,50kg bag,bag,Rs.230 - Rs.429,"Zuari Cement OPC 33 Grade cement, packed in 50kg bag, used for RCC, masonry and plastering work.",https://placehold.co/400x300/8B8378/FFFFFF?text=Zuari+Cement+OPC+33+Grade+Cement
MAT00040,Building & Structural,Cement,OPC 33 Grade Cement,Sagar Cement,25kg bag,bag,Rs.230 - Rs.429,"Sagar Cement OPC 33 Grade cement, packed in 25kg bag, used for RCC, masonry and plastering work.",https://placehold.co/400x300/8B8378/FFFFFF?text=Sagar+Cement+OPC+33+Grade+Cement
MAT00041,Building & Structural,Cement,OPC 33 Grade Cement,Sagar Cement,40kg bag,bag,Rs.230 - Rs.429,"Sagar Cement OPC 33 Grade cement, packed in 40kg bag, used for RCC, masonry and plastering work.",https://placehold.co/400x300/8B8378/FFFFFF?text=Sagar+Cement+OPC+33+Grade+Cement
MAT00042,Building & Structural,Cement,OPC 33 Grade Cement,Sagar Cement,50kg bag,bag,Rs.230 - Rs.429,"Sagar Cement OPC 33 Grade cement, packed in 50kg bag, used for RCC, masonry and plastering work.",https://placehold.co/400x300/8B8378/FFFFFF?text=Sagar+Cement+OPC+33+Grade+Cement
MAT00043,Building & Structural,Cement,OPC 33 Grade Cement,Penna Cement,25kg bag,bag,Rs.230 - Rs.429,"Penna Cement OPC 33 Grade cement, packed in 25kg bag, used for RCC, masonry and plastering work.",https://placehold.co/400x300/8B8378/FFFFFF?text=Penna+Cement+OPC+33+Grade+Cement
MAT00044,Building & Structural,Cement,OPC 33 Grade Cement,Penna Cement,40kg bag,bag,Rs.230 - Rs.429,"Penna Cement OPC 33 Grade cement, packed in 40kg bag, used for RCC, masonry and plastering work.",https://placehold.co/400x300/8B8378/FFFFFF?text=Penna+Cement+OPC+33+Grade+Cement
MAT00045,Building & Structural,Cement,OPC 33 Grade Cement,Penna Cement,50kg bag,bag,Rs.230 - Rs.429,"Penna Cement OPC 33 Grade cement, packed in 50kg bag, used for RCC, masonry and plastering work.",https://placehold.co/400x300/8B8378/FFFFFF?text=Penna+Cement+OPC+33+Grade+Cement
MAT00046,Building & Structural,Cement,OPC 43 Grade Cement,UltraTech,25kg bag,bag,Rs.230 - Rs.429,"UltraTech OPC 43 Grade cement, packed in 25kg bag, used for RCC, masonry and plastering work.",https://placehold.co/400x300/8B8378/FFFFFF?text=UltraTech+OPC+43+Grade+Cement
MAT00047,Building & Structural,Cement,OPC 43 Grade Cement,UltraTech,40kg bag,bag,Rs.230 - Rs.429,"UltraTech OPC 43 Grade cement, packed in 40kg bag, used for RCC, masonry and plastering work.",https://placehold.co/400x300/8B8378/FFFFFF?text=UltraTech+OPC+43+Grade+Cement
MAT00048,Building & Structural,Cement,OPC 43 Grade Cement,UltraTech,50kg bag,bag,Rs.230 - Rs.429,"UltraTech OPC 43 Grade cement, packed in 50kg bag, used for RCC, masonry and plastering work.",https://placehold.co/400x300/8B8378/FFFFFF?text=UltraTech+OPC+43+Grade+Cement
MAT00049,Building & Structural,Cement,OPC 43 Grade Cement,ACC,25kg bag,bag,Rs.230 - Rs.429,"ACC OPC 43 Grade cement, packed in 25kg bag, used for RCC, masonry and plastering work.",https://placehold.co/400x300/8B8378/FFFFFF?text=ACC+OPC+43+Grade+Cement
MAT00050,Building & Structural,Cement,OPC 43 Grade Cement,ACC,40kg bag,bag,Rs.230 - Rs.429,"ACC OPC 43 Grade cement, packed in 40kg bag, used for RCC, masonry and plastering work.",https://placehold.co/400x300/8B8378/FFFFFF?text=ACC+OPC+43+Grade+Cement
MAT00051,Building & Structural,Cement,OPC 43 Grade Cement,ACC,50kg bag,bag,Rs.230 - Rs.429,"ACC OPC 43 Grade cement, packed in 50kg bag, used for RCC, masonry and plastering work.",https://placehold.co/400x300/8B8378/FFFFFF?text=ACC+OPC+43+Grade+Cement
MAT00052,Building & Structural,Cement,OPC 43 Grade Cement,Ambuja,25kg bag,bag,Rs.230 - Rs.429,"Ambuja OPC 43 Grade cement, packed in 25kg bag, used for RCC, masonry and plastering work.",https://placehold.co/400x300/8B8378/FFFFFF?text=Ambuja+OPC+43+Grade+Cement
MAT00053,Building & Structural,Cement,OPC 43 Grade Cement,Ambuja,40kg bag,bag,Rs.230 - Rs.429,"Ambuja OPC 43 Grade cement, packed in 40kg bag, used for RCC, masonry and plastering work.",https://placehold.co/400x300/8B8378/FFFFFF?text=Ambuja+OPC+43+Grade+Cement
MAT00054,Building & Structural,Cement,OPC 43 Grade Cement,Ambuja,50kg bag,bag,Rs.230 - Rs.429,"Ambuja OPC 43 Grade cement, packed in 50kg bag, used for RCC, masonry and plastering work.",https://placehold.co/400x300/8B8378/FFFFFF?text=Ambuja+OPC+43+Grade+Cement
MAT00055,Building & Structural,Cement,OPC 43 Grade Cement,Shree Cement,25kg bag,bag,Rs.230 - Rs.429,"Shree Cement OPC 43 Grade cement, packed in 25kg bag, used for RCC, masonry and plastering work.",https://placehold.co/400x300/8B8378/FFFFFF?text=Shree+Cement+OPC+43+Grade+Cement
MAT00056,Building & Structural,Cement,OPC 43 Grade Cement,Shree Cement,40kg bag,bag,Rs.230 - Rs.429,"Shree Cement OPC 43 Grade cement, packed in 40kg bag, used for RCC, masonry and plastering work.",https://placehold.co/400x300/8B8378/FFFFFF?text=Shree+Cement+OPC+43+Grade+Cement
MAT00057,Building & Structural,Cement,OPC 43 Grade Cement,Shree Cement,50kg bag,bag,Rs.230 - Rs.429,"Shree Cement OPC 43 Grade cement, packed in 50kg bag, used for RCC, masonry and plastering work.",https://placehold.co/400x300/8B8378/FFFFFF?text=Shree+Cement+OPC+43+Grade+Cement
MAT00058,Building & Structural,Cement,OPC 43 Grade Cement,Dalmia,25kg bag,bag,Rs.230 - Rs.429,"Dalmia OPC 43 Grade cement, packed in 25kg bag, used for RCC, masonry and plastering work.",https://placehold.co/400x300/8B8378/FFFFFF?text=Dalmia+OPC+43+Grade+Cement
MAT00059,Building & Structural,Cement,OPC 43 Grade Cement,Dalmia,40kg bag,bag,Rs.230 - Rs.429,"Dalmia OPC 43 Grade cement, packed in 40kg bag, used for RCC, masonry and plastering work.",https://placehold.co/400x300/8B8378/FFFFFF?text=Dalmia+OPC+43+Grade+Cement
MAT00060,Building & Structural,Cement,OPC 43 Grade Cement,Dalmia,50kg bag,bag,Rs.230 - Rs.429,"Dalmia OPC 43 Grade cement, packed in 50kg bag, used for RCC, masonry and plastering work.",https://placehold.co/400x300/8B8378/FFFFFF?text=Dalmia+OPC+43+Grade+Cement
MAT00061,Building & Structural,Cement,OPC 43 Grade Cement,JK Cement,25kg bag,bag,Rs.230 - Rs.429,"JK Cement OPC 43 Grade cement, packed in 25kg bag, used for RCC, masonry and plastering work.",https://placehold.co/400x300/8B8378/FFFFFF?text=JK+Cement+OPC+43+Grade+Cement
MAT00062,Building & Structural,Cement,OPC 43 Grade Cement,JK Cement,40kg bag,bag,Rs.230 - Rs.429,"JK Cement OPC 43 Grade cement, packed in 40kg bag, used for RCC, masonry and plastering work.",https://placehold.co/400x300/8B8378/FFFFFF?text=JK+Cement+OPC+43+Grade+Cement
MAT00063,Building & Structural,Cement,OPC 43 Grade Cement,JK Cement,50kg bag,bag,Rs.230 - Rs.429,"JK Cement OPC 43 Grade cement, packed in 50kg bag, used for RCC, masonry and plastering work.",https://placehold.co/400x300/8B8378/FFFFFF?text=JK+Cement+OPC+43+Grade+Cement
MAT00064,Building & Structural,Cement,OPC 43 Grade Cement,Ramco,25kg bag,bag,Rs.230 - Rs.429,"Ramco OPC 43 Grade cement, packed in 25kg bag, used for RCC, masonry and plastering work.",https://placehold.co/400x300/8B8378/FFFFFF?text=Ramco+OPC+43+Grade+Cement
MAT00065,Building & Structural,Cement,OPC 43 Grade Cement,Ramco,40kg bag,bag,Rs.230 - Rs.429,"Ramco OPC 43 Grade cement, packed in 40kg bag, used for RCC, masonry and plastering work.",https://placehold.co/400x300/8B8378/FFFFFF?text=Ramco+OPC+43+Grade+Cement
MAT00066,Building & Structural,Cement,OPC 43 Grade Cement,Ramco,50kg bag,bag,Rs.230 - Rs.429,"Ramco OPC 43 Grade cement, packed in 50kg bag, used for RCC, masonry and plastering work.",https://placehold.co/400x300/8B8378/FFFFFF?text=Ramco+OPC+43+Grade+Cement
MAT00067,Building & Structural,Cement,OPC 43 Grade Cement,Birla A1,25kg bag,bag,Rs.230 - Rs.429,"Birla A1 OPC 43 Grade cement, packed in 25kg bag, used for RCC, masonry and plastering work.",https://placehold.co/400x300/8B8378/FFFFFF?text=Birla+A1+OPC+43+Grade+Cement
MAT00068,Building & Structural,Cement,OPC 43 Grade Cement,Birla A1,40kg bag,bag,Rs.230 - Rs.429,"Birla A1 OPC 43 Grade cement, packed in 40kg bag, used for RCC, masonry and plastering work.",https://placehold.co/400x300/8B8378/FFFFFF?text=Birla+A1+OPC+43+Grade+Cement
MAT00069,Building & Structural,Cement,OPC 43 Grade Cement,Birla A1,50kg bag,bag,Rs.230 - Rs.429,"Birla A1 OPC 43 Grade cement, packed in 50kg bag, used for RCC, masonry and plastering work.",https://placehold.co/400x300/8B8378/FFFFFF?text=Birla+A1+OPC+43+Grade+Cement
MAT00070,Building & Structural,Cement,OPC 43 Grade Cement,India Cements,25kg bag,bag,Rs.230 - Rs.429,"India Cements OPC 43 Grade cement, packed in 25kg bag, used for RCC, masonry and plastering work.",https://placehold.co/400x300/8B8378/FFFFFF?text=India+Cements+OPC+43+Grade+Cement
MAT00071,Building & Structural,Cement,OPC 43 Grade Cement,India Cements,40kg bag,bag,Rs.230 - Rs.429,"India Cements OPC 43 Grade cement, packed in 40kg bag, used for RCC, masonry and plastering work.",https://placehold.co/400x300/8B8378/FFFFFF?text=India+Cements+OPC+43+Grade+Cement
MAT00072,Building & Structural,Cement,OPC 43 Grade Cement,India Cements,50kg bag,bag,Rs.230 - Rs.429,"India Cements OPC 43 Grade cement, packed in 50kg bag, used for RCC, masonry and plastering work.",https://placehold.co/400x300/8B8378/FFFFFF?text=India+Cements+OPC+43+Grade+Cement
MAT00073,Building & Structural,Cement,OPC 43 Grade Cement,Star Cement,25kg bag,bag,Rs.230 - Rs.429,"Star Cement OPC 43 Grade cement, packed in 25kg bag, used for RCC, masonry and plastering work.",https://placehold.co/400x300/8B8378/FFFFFF?text=Star+Cement+OPC+43+Grade+Cement
MAT00074,Building & Structural,Cement,OPC 43 Grade Cement,Star Cement,40kg bag,bag,Rs.230 - Rs.429,"Star Cement OPC 43 Grade cement, packed in 40kg bag, used for RCC, masonry and plastering work.",https://placehold.co/400x300/8B8378/FFFFFF?text=Star+Cement+OPC+43+Grade+Cement
MAT00075,Building & Structural,Cement,OPC 43 Grade Cement,Star Cement,50kg bag,bag,Rs.230 - Rs.429,"Star Cement OPC 43 Grade cement, packed in 50kg bag, used for RCC, masonry and plastering work.",https://placehold.co/400x300/8B8378/FFFFFF?text=Star+Cement+OPC+43+Grade+Cement
MAT00076,Building & Structural,Cement,OPC 43 Grade Cement,Wonder Cement,25kg bag,bag,Rs.230 - Rs.429,"Wonder Cement OPC 43 Grade cement, packed in 25kg bag, used for RCC, masonry and plastering work.",https://placehold.co/400x300/8B8378/FFFFFF?text=Wonder+Cement+OPC+43+Grade+Cement
MAT00077,Building & Structural,Cement,OPC 43 Grade Cement,Wonder Cement,40kg bag,bag,Rs.230 - Rs.429,"Wonder Cement OPC 43 Grade cement, packed in 40kg bag, used for RCC, masonry and plastering work.",https://placehold.co/400x300/8B8378/FFFFFF?text=Wonder+Cement+OPC+43+Grade+Cement
MAT00078,Building & Structural,Cement,OPC 43 Grade Cement,Wonder Cement,50kg bag,bag,Rs.230 - Rs.429,"Wonder Cement OPC 43 Grade cement, packed in 50kg bag, used for RCC, masonry and plastering work.",https://placehold.co/400x300/8B8378/FFFFFF?text=Wonder+Cement+OPC+43+Grade+Cement
MAT00079,Building & Structural,Cement,OPC 43 Grade Cement,Prism Cement,25kg bag,bag,Rs.230 - Rs.429,"Prism Cement OPC 43 Grade cement, packed in 25kg bag, used for RCC, masonry and plastering work.",https://placehold.co/400x300/8B8378/FFFFFF?text=Prism+Cement+OPC+43+Grade+Cement
MAT00080,Building & Structural,Cement,OPC 43 Grade Cement,Prism Cement,40kg bag,bag,Rs.230 - Rs.429,"Prism Cement OPC 43 Grade cement, packed in 40kg bag, used for RCC, masonry and plastering work.",https://placehold.co/400x300/8B8378/FFFFFF?text=Prism+Cement+OPC+43+Grade+Cement
MAT00081,Building & Structural,Cement,OPC 43 Grade Cement,Prism Cement,50kg bag,bag,Rs.230 - Rs.429,"Prism Cement OPC 43 Grade cement, packed in 50kg bag, used for RCC, masonry and plastering work.",https://placehold.co/400x300/8B8378/FFFFFF?text=Prism+Cement+OPC+43+Grade+Cement
MAT00082,Building & Structural,Cement,OPC 43 Grade Cement,Zuari Cement,25kg bag,bag,Rs.230 - Rs.429,"Zuari Cement OPC 43 Grade cement, packed in 25kg bag, used for RCC, masonry and plastering work.",https://placehold.co/400x300/8B8378/FFFFFF?text=Zuari+Cement+OPC+43+Grade+Cement
MAT00083,Building & Structural,Cement,OPC 43 Grade Cement,Zuari Cement,40kg bag,bag,Rs.230 - Rs.429,"Zuari Cement OPC 43 Grade cement, packed in 40kg bag, used for RCC, masonry and plastering work.",https://placehold.co/400x300/8B8378/FFFFFF?text=Zuari+Cement+OPC+43+Grade+Cement
MAT00084,Building & Structural,Cement,OPC 43 Grade Cement,Zuari Cement,50kg bag,bag,Rs.230 - Rs.429,"Zuari Cement OPC 43 Grade cement, packed in 50kg bag, used for RCC, masonry and plastering work.",https://placehold.co/400x300/8B8378/FFFFFF?text=Zuari+Cement+OPC+43+Grade+Cement
MAT00085,Building & Structural,Cement,OPC 43 Grade Cement,Sagar Cement,25kg bag,bag,Rs.230 - Rs.429,"Sagar Cement OPC 43 Grade cement, packed in 25kg bag, used for RCC, masonry and plastering work.",https://placehold.co/400x300/8B8378/FFFFFF?text=Sagar+Cement+OPC+43+Grade+Cement
MAT00086,Building & Structural,Cement,OPC 43 Grade Cement,Sagar Cement,40kg bag,bag,Rs.230 - Rs.429,"Sagar Cement OPC 43 Grade cement, packed in 40kg bag, used for RCC, masonry and plastering work.",https://placehold.co/400x300/8B8378/FFFFFF?text=Sagar+Cement+OPC+43+Grade+Cement
MAT00087,Building & Structural,Cement,OPC 43 Grade Cement,Sagar Cement,50kg bag,bag,Rs.230 - Rs.429,"Sagar Cement OPC 43 Grade cement, packed in 50kg bag, used for RCC, masonry and plastering work.",https://placehold.co/400x300/8B8378/FFFFFF?text=Sagar+Cement+OPC+43+Grade+Cement
MAT00088,Building & Structural,Cement,OPC 43 Grade Cement,Penna Cement,25kg bag,bag,Rs.230 - Rs.429,"Penna Cement OPC 43 Grade cement, packed in 25kg bag, used for RCC, masonry and plastering work.",https://placehold.co/400x300/8B8378/FFFFFF?text=Penna+Cement+OPC+43+Grade+Cement
MAT00089,Building & Structural,Cement,OPC 43 Grade Cement,Penna Cement,40kg bag,bag,Rs.230 - Rs.429,"Penna Cement OPC 43 Grade cement, packed in 40kg bag, used for RCC, masonry and plastering work.",https://placehold.co/400x300/8B8378/FFFFFF?text=Penna+Cement+OPC+43+Grade+Cement
MAT00090,Building & Structural,Cement,OPC 43 Grade Cement,Penna Cement,50kg bag,bag,Rs.230 - Rs.429,"Penna Cement OPC 43 Grade cement, packed in 50kg bag, used for RCC, masonry and plastering work.",https://placehold.co/400x300/8B8378/FFFFFF?text=Penna+Cement+OPC+43+Grade+Cement
MAT00091,Building & Structural,Bricks & Blocks,Red Clay Brick,Local Kiln Co.,230x110x75mm,piece,Rs.17 - Rs.32,"Local Kiln Co. Red Clay Brick, size 230x110x75mm, used for load bearing and partition walls.",https://placehold.co/400x300/8B8378/FFFFFF?text=Local+Kiln+Co.+Red+Clay+Brick
MAT00092,Building & Structural,Bricks & Blocks,Red Clay Brick,Bigbloc,230x110x75mm,piece,Rs.17 - Rs.32,"Bigbloc Red Clay Brick, size 230x110x75mm, used for load bearing and partition walls.",https://placehold.co/400x300/8B8378/FFFFFF?text=Bigbloc+Red+Clay+Brick
MAT00093,Building & Structural,Bricks & Blocks,Red Clay Brick,Magicrete,230x110x75mm,piece,Rs.17 - Rs.32,"Magicrete Red Clay Brick, size 230x110x75mm, used for load bearing and partition walls.",https://placehold.co/400x300/8B8378/FFFFFF?text=Magicrete+Red+Clay+Brick
MAT00094,Building & Structural,Bricks & Blocks,Red Clay Brick,Siporex,230x110x75mm,piece,Rs.17 - Rs.32,"Siporex Red Clay Brick, size 230x110x75mm, used for load bearing and partition walls.",https://placehold.co/400x300/8B8378/FFFFFF?text=Siporex+Red+Clay+Brick
MAT00095,Building & Structural,Bricks & Blocks,Red Clay Brick,JK Lakshmi AAC,230x110x75mm,piece,Rs.17 - Rs.32,"JK Lakshmi AAC Red Clay Brick, size 230x110x75mm, used for load bearing and partition walls.",https://placehold.co/400x300/8B8378/FFFFFF?text=JK+Lakshmi+AAC+Red+Clay+Brick
MAT00096,Building & Structural,Bricks & Blocks,Red Clay Brick,Biltech,230x110x75mm,piece,Rs.17 - Rs.32,"Biltech Red Clay Brick, size 230x110x75mm, used for load bearing and partition walls.",https://placehold.co/400x300/8B8378/FFFFFF?text=Biltech+Red+Clay+Brick
MAT00097,Building & Structural,Bricks & Blocks,Red Clay Brick,Aerocon,230x110x75mm,piece,Rs.17 - Rs.32,"Aerocon Red Clay Brick, size 230x110x75mm, used for load bearing and partition walls.",https://placehold.co/400x300/8B8378/FFFFFF?text=Aerocon+Red+Clay+Brick
MAT00098,Building & Structural,Bricks & Blocks,Red Clay Brick,UltraTech AAC,230x110x75mm,piece,Rs.17 - Rs.32,"UltraTech AAC Red Clay Brick, size 230x110x75mm, used for load bearing and partition walls.",https://placehold.co/400x300/8B8378/FFFFFF?text=UltraTech+AAC+Red+Clay+Brick
MAT00099,Building & Structural,Bricks & Blocks,Red Clay Brick,Local Kiln Co.,230x110x100mm,piece,Rs.17 - Rs.32,"Local Kiln Co. Red Clay Brick, size 230x110x100mm, used for load bearing and partition walls.",https://placehold.co/400x300/8B8378/FFFFFF?text=Local+Kiln+Co.+Red+Clay+Brick
MAT00100,Building & Structural,Bricks & Blocks,Red Clay Brick,Bigbloc,230x110x100mm,piece,Rs.17 - Rs.32,"Bigbloc Red Clay Brick, size 230x110x100mm, used for load bearing and partition walls.",https://placehold.co/400x300/8B8378/FFFFFF?text=Bigbloc+Red+Clay+Brick
MAT00101,Building & Structural,Bricks & Blocks,Red Clay Brick,Magicrete,230x110x100mm,piece,Rs.17 - Rs.32,"Magicrete Red Clay Brick, size 230x110x100mm, used for load bearing and partition walls.",https://placehold.co/400x300/8B8378/FFFFFF?text=Magicrete+Red+Clay+Brick
MAT00102,Building & Structural,Bricks & Blocks,Red Clay Brick,Siporex,230x110x100mm,piece,Rs.17 - Rs.32,"Siporex Red Clay Brick, size 230x110x100mm, used for load bearing and partition walls.",https://placehold.co/400x300/8B8378/FFFFFF?text=Siporex+Red+Clay+Brick
MAT00103,Building & Structural,Bricks & Blocks,Red Clay Brick,JK Lakshmi AAC,230x110x100mm,piece,Rs.17 - Rs.32,"JK Lakshmi AAC Red Clay Brick, size 230x110x100mm, used for load bearing and partition walls.",https://placehold.co/400x300/8B8378/FFFFFF?text=JK+Lakshmi+AAC+Red+Clay+Brick
MAT00104,Building & Structural,Bricks & Blocks,Red Clay Brick,Biltech,230x110x100mm,piece,Rs.17 - Rs.32,"Biltech Red Clay Brick, size 230x110x100mm, used for load bearing and partition walls.",https://placehold.co/400x300/8B8378/FFFFFF?text=Biltech+Red+Clay+Brick
MAT00105,Building & Structural,Bricks & Blocks,Red Clay Brick,Aerocon,230x110x100mm,piece,Rs.17 - Rs.32,"Aerocon Red Clay Brick, size 230x110x100mm, used for load bearing and partition walls.",https://placehold.co/400x300/8B8378/FFFFFF?text=Aerocon+Red+Clay+Brick
MAT00106,Building & Structural,Bricks & Blocks,Red Clay Brick,UltraTech AAC,230x110x100mm,piece,Rs.17 - Rs.32,"UltraTech AAC Red Clay Brick, size 230x110x100mm, used for load bearing and partition walls.",https://placehold.co/400x300/8B8378/FFFFFF?text=UltraTech+AAC+Red+Clay+Brick
MAT00107,Building & Structural,Bricks & Blocks,Red Clay Brick,Local Kiln Co.,400x200x200mm,piece,Rs.17 - Rs.32,"Local Kiln Co. Red Clay Brick, size 400x200x200mm, used for load bearing and partition walls.",https://placehold.co/400x300/8B8378/FFFFFF?text=Local+Kiln+Co.+Red+Clay+Brick
MAT00108,Building & Structural,Bricks & Blocks,Red Clay Brick,Bigbloc,400x200x200mm,piece,Rs.17 - Rs.32,"Bigbloc Red Clay Brick, size 400x200x200mm, used for load bearing and partition walls.",https://placehold.co/400x300/8B8378/FFFFFF?text=Bigbloc+Red+Clay+Brick
MAT00109,Building & Structural,Bricks & Blocks,Red Clay Brick,Magicrete,400x200x200mm,piece,Rs.17 - Rs.32,"Magicrete Red Clay Brick, size 400x200x200mm, used for load bearing and partition walls.",https://placehold.co/400x300/8B8378/FFFFFF?text=Magicrete+Red+Clay+Brick
MAT00110,Building & Structural,Bricks & Blocks,Red Clay Brick,Siporex,400x200x200mm,piece,Rs.17 - Rs.32,"Siporex Red Clay Brick, size 400x200x200mm, used for load bearing and partition walls.",https://placehold.co/400x300/8B8378/FFFFFF?text=Siporex+Red+Clay+Brick
MAT00111,Building & Structural,Bricks & Blocks,Red Clay Brick,JK Lakshmi AAC,400x200x200mm,piece,Rs.17 - Rs.32,"JK Lakshmi AAC Red Clay Brick, size 400x200x200mm, used for load bearing and partition walls.",https://placehold.co/400x300/8B8378/FFFFFF?text=JK+Lakshmi+AAC+Red+Clay+Brick
MAT00112,Building & Structural,Bricks & Blocks,Red Clay Brick,Biltech,400x200x200mm,piece,Rs.17 - Rs.32,"Biltech Red Clay Brick, size 400x200x200mm, used for load bearing and partition walls.",https://placehold.co/400x300/8B8378/FFFFFF?text=Biltech+Red+Clay+Brick
MAT00113,Building & Structural,Bricks & Blocks,Red Clay Brick,Aerocon,400x200x200mm,piece,Rs.17 - Rs.32,"Aerocon Red Clay Brick, size 400x200x200mm, used for load bearing and partition walls.",https://placehold.co/400x300/8B8378/FFFFFF?text=Aerocon+Red+Clay+Brick
MAT00114,Building & Structural,Bricks & Blocks,Red Clay Brick,UltraTech AAC,400x200x200mm,piece,Rs.17 - Rs.32,"UltraTech AAC Red Clay Brick, size 400x200x200mm, used for load bearing and partition walls.",https://placehold.co/400x300/8B8378/FFFFFF?text=UltraTech+AAC+Red+Clay+Brick
MAT00115,Building & Structural,Bricks & Blocks,Red Clay Brick,Local Kiln Co.,600x200x100mm,piece,Rs.17 - Rs.32,"Local Kiln Co. Red Clay Brick, size 600x200x100mm, used for load bearing and partition walls.",https://placehold.co/400x300/8B8378/FFFFFF?text=Local+Kiln+Co.+Red+Clay+Brick
MAT00116,Building & Structural,Bricks & Blocks,Red Clay Brick,Bigbloc,600x200x100mm,piece,Rs.17 - Rs.32,"Bigbloc Red Clay Brick, size 600x200x100mm, used for load bearing and partition walls.",https://placehold.co/400x300/8B8378/FFFFFF?text=Bigbloc+Red+Clay+Brick
MAT00117,Building & Structural,Bricks & Blocks,Red Clay Brick,Magicrete,600x200x100mm,piece,Rs.17 - Rs.32,"Magicrete Red Clay Brick, size 600x200x100mm, used for load bearing and partition walls.",https://placehold.co/400x300/8B8378/FFFFFF?text=Magicrete+Red+Clay+Brick
MAT00118,Building & Structural,Bricks & Blocks,Red Clay Brick,Siporex,600x200x100mm,piece,Rs.17 - Rs.32,"Siporex Red Clay Brick, size 600x200x100mm, used for load bearing and partition walls.",https://placehold.co/400x300/8B8378/FFFFFF?text=Siporex+Red+Clay+Brick
MAT00119,Building & Structural,Bricks & Blocks,Red Clay Brick,JK Lakshmi AAC,600x200x100mm,piece,Rs.17 - Rs.32,"JK Lakshmi AAC Red Clay Brick, size 600x200x100mm, used for load bearing and partition walls.",https://placehold.co/400x300/8B8378/FFFFFF?text=JK+Lakshmi+AAC+Red+Clay+Brick
MAT00120,Building & Structural,Bricks & Blocks,Red Clay Brick,Biltech,600x200x100mm,piece,Rs.17 - Rs.32,"Biltech Red Clay Brick, size 600x200x100mm, used for load bearing and partition walls.",https://placehold.co/400x300/8B8378/FFFFFF?text=Biltech+Red+Clay+Brick
MAT00121,Building & Structural,Bricks & Blocks,Red Clay Brick,Aerocon,600x200x100mm,piece,Rs.17 - Rs.32,"Aerocon Red Clay Brick, size 600x200x100mm, used for load bearing and partition walls.",https://placehold.co/400x300/8B8378/FFFFFF?text=Aerocon+Red+Clay+Brick
MAT00122,Building & Structural,Bricks & Blocks,Red Clay Brick,UltraTech AAC,600x200x100mm,piece,Rs.17 - Rs.32,"UltraTech AAC Red Clay Brick, size 600x200x100mm, used for load bearing and partition walls.",https://placehold.co/400x300/8B8378/FFFFFF?text=UltraTech+AAC+Red+Clay+Brick
MAT00123,Building & Structural,Bricks & Blocks,Red Clay Brick,Local Kiln Co.,600x200x150mm,piece,Rs.17 - Rs.32,"Local Kiln Co. Red Clay Brick, size 600x200x150mm, used for load bearing and partition walls.",https://placehold.co/400x300/8B8378/FFFFFF?text=Local+Kiln+Co.+Red+Clay+Brick
MAT00124,Building & Structural,Bricks & Blocks,Red Clay Brick,Bigbloc,600x200x150mm,piece,Rs.17 - Rs.32,"Bigbloc Red Clay Brick, size 600x200x150mm, used for load bearing and partition walls.",https://placehold.co/400x300/8B8378/FFFFFF?text=Bigbloc+Red+Clay+Brick
MAT00125,Building & Structural,Bricks & Blocks,Red Clay Brick,Magicrete,600x200x150mm,piece,Rs.17 - Rs.32,"Magicrete Red Clay Brick, size 600x200x150mm, used for load bearing and partition walls.",https://placehold.co/400x300/8B8378/FFFFFF?text=Magicrete+Red+Clay+Brick
MAT00126,Building & Structural,Bricks & Blocks,Red Clay Brick,Siporex,600x200x150mm,piece,Rs.17 - Rs.32,"Siporex Red Clay Brick, size 600x200x150mm, used for load bearing and partition walls.",https://placehold.co/400x300/8B8378/FFFFFF?text=Siporex+Red+Clay+Brick
MAT00127,Building & Structural,Bricks & Blocks,Red Clay Brick,JK Lakshmi AAC,600x200x150mm,piece,Rs.17 - Rs.32,"JK Lakshmi AAC Red Clay Brick, size 600x200x150mm, used for load bearing and partition walls.",https://placehold.co/400x300/8B8378/FFFFFF?text=JK+Lakshmi+AAC+Red+Clay+Brick
MAT00128,Building & Structural,Bricks & Blocks,Red Clay Brick,Biltech,600x200x150mm,piece,Rs.17 - Rs.32,"Biltech Red Clay Brick, size 600x200x150mm, used for load bearing and partition walls.",https://placehold.co/400x300/8B8378/FFFFFF?text=Biltech+Red+Clay+Brick
MAT00129,Building & Structural,Bricks & Blocks,Red Clay Brick,Aerocon,600x200x150mm,piece,Rs.17 - Rs.32,"Aerocon Red Clay Brick, size 600x200x150mm, used for load bearing and partition walls.",https://placehold.co/400x300/8B8378/FFFFFF?text=Aerocon+Red+Clay+Brick
MAT00130,Building & Structural,Bricks & Blocks,Red Clay Brick,UltraTech AAC,600x200x150mm,piece,Rs.17 - Rs.32,"UltraTech AAC Red Clay Brick, size 600x200x150mm, used for load bearing and partition walls.",https://placehold.co/400x300/8B8378/FFFFFF?text=UltraTech+AAC+Red+Clay+Brick
MAT00131,Building & Structural,Bricks & Blocks,Red Clay Brick,Local Kiln Co.,600x200x200mm,piece,Rs.17 - Rs.32,"Local Kiln Co. Red Clay Brick, size 600x200x200mm, used for load bearing and partition walls.",https://placehold.co/400x300/8B8378/FFFFFF?text=Local+Kiln+Co.+Red+Clay+Brick
MAT00132,Building & Structural,Bricks & Blocks,Red Clay Brick,Bigbloc,600x200x200mm,piece,Rs.17 - Rs.32,"Bigbloc Red Clay Brick, size 600x200x200mm, used for load bearing and partition walls.",https://placehold.co/400x300/8B8378/FFFFFF?text=Bigbloc+Red+Clay+Brick
MAT00133,Building & Structural,Bricks & Blocks,Red Clay Brick,Magicrete,600x200x200mm,piece,Rs.17 - Rs.32,"Magicrete Red Clay Brick, size 600x200x200mm, used for load bearing and partition walls.",https://placehold.co/400x300/8B8378/FFFFFF?text=Magicrete+Red+Clay+Brick
MAT00134,Building & Structural,Bricks & Blocks,Red Clay Brick,Siporex,600x200x200mm,piece,Rs.17 - Rs.32,"Siporex Red Clay Brick, size 600x200x200mm, used for load bearing and partition walls.",https://placehold.co/400x300/8B8378/FFFFFF?text=Siporex+Red+Clay+Brick
MAT00135,Building & Structural,Bricks & Blocks,Red Clay Brick,JK Lakshmi AAC,600x200x200mm,piece,Rs.17 - Rs.32,"JK Lakshmi AAC Red Clay Brick, size 600x200x200mm, used for load bearing and partition walls.",https://placehold.co/400x300/8B8378/FFFFFF?text=JK+Lakshmi+AAC+Red+Clay+Brick
MAT00136,Building & Structural,Bricks & Blocks,Red Clay Brick,Biltech,600x200x200mm,piece,Rs.17 - Rs.32,"Biltech Red Clay Brick, size 600x200x200mm, used for load bearing and partition walls.",https://placehold.co/400x300/8B8378/FFFFFF?text=Biltech+Red+Clay+Brick
MAT00137,Building & Structural,Bricks & Blocks,Red Clay Brick,Aerocon,600x200x200mm,piece,Rs.17 - Rs.32,"Aerocon Red Clay Brick, size 600x200x200mm, used for load bearing and partition walls.",https://placehold.co/400x300/8B8378/FFFFFF?text=Aerocon+Red+Clay+Brick
MAT00138,Building & Structural,Bricks & Blocks,Red Clay Brick,UltraTech AAC,600x200x200mm,piece,Rs.17 - Rs.32,"UltraTech AAC Red Clay Brick, size 600x200x200mm, used for load bearing and partition walls.",https://placehold.co/400x300/8B8378/FFFFFF?text=UltraTech+AAC+Red+Clay+Brick
MAT00139,Building & Structural,Bricks & Blocks,Fly Ash Brick,Local Kiln Co.,230x110x75mm,piece,Rs.17 - Rs.32,"Local Kiln Co. Fly Ash Brick, size 230x110x75mm, used for load bearing and partition walls.",https://placehold.co/400x300/8B8378/FFFFFF?text=Local+Kiln+Co.+Fly+Ash+Brick
MAT00140,Building & Structural,Bricks & Blocks,Fly Ash Brick,Bigbloc,230x110x75mm,piece,Rs.17 - Rs.32,"Bigbloc Fly Ash Brick, size 230x110x75mm, used for load bearing and partition walls.",https://placehold.co/400x300/8B8378/FFFFFF?text=Bigbloc+Fly+Ash+Brick
MAT00141,Building & Structural,Bricks & Blocks,Fly Ash Brick,Magicrete,230x110x75mm,piece,Rs.17 - Rs.32,"Magicrete Fly Ash Brick, size 230x110x75mm, used for load bearing and partition walls.",https://placehold.co/400x300/8B8378/FFFFFF?text=Magicrete+Fly+Ash+Brick
MAT00142,Building & Structural,Bricks & Blocks,Fly Ash Brick,Siporex,230x110x75mm,piece,Rs.17 - Rs.32,"Siporex Fly Ash Brick, size 230x110x75mm, used for load bearing and partition walls.",https://placehold.co/400x300/8B8378/FFFFFF?text=Siporex+Fly+Ash+Brick
MAT00143,Building & Structural,Bricks & Blocks,Fly Ash Brick,JK Lakshmi AAC,230x110x75mm,piece,Rs.17 - Rs.32,"JK Lakshmi AAC Fly Ash Brick, size 230x110x75mm, used for load bearing and partition walls.",https://placehold.co/400x300/8B8378/FFFFFF?text=JK+Lakshmi+AAC+Fly+Ash+Brick
MAT00144,Building & Structural,Bricks & Blocks,Fly Ash Brick,Biltech,230x110x75mm,piece,Rs.17 - Rs.32,"Biltech Fly Ash Brick, size 230x110x75mm, used for load bearing and partition walls.",https://placehold.co/400x300/8B8378/FFFFFF?text=Biltech+Fly+Ash+Brick
MAT00145,Building & Structural,Bricks & Blocks,Fly Ash Brick,Aerocon,230x110x75mm,piece,Rs.17 - Rs.32,"Aerocon Fly Ash Brick, size 230x110x75mm, used for load bearing and partition walls.",https://placehold.co/400x300/8B8378/FFFFFF?text=Aerocon+Fly+Ash+Brick
MAT00146,Building & Structural,Bricks & Blocks,Fly Ash Brick,UltraTech AAC,230x110x75mm,piece,Rs.17 - Rs.32,"UltraTech AAC Fly Ash Brick, size 230x110x75mm, used for load bearing and partition walls.",https://placehold.co/400x300/8B8378/FFFFFF?text=UltraTech+AAC+Fly+Ash+Brick
MAT00147,Building & Structural,Bricks & Blocks,Fly Ash Brick,Local Kiln Co.,230x110x100mm,piece,Rs.17 - Rs.32,"Local Kiln Co. Fly Ash Brick, size 230x110x100mm, used for load bearing and partition walls.",https://placehold.co/400x300/8B8378/FFFFFF?text=Local+Kiln+Co.+Fly+Ash+Brick
MAT00148,Building & Structural,Bricks & Blocks,Fly Ash Brick,Bigbloc,230x110x100mm,piece,Rs.17 - Rs.32,"Bigbloc Fly Ash Brick, size 230x110x100mm, used for load bearing and partition walls.",https://placehold.co/400x300/8B8378/FFFFFF?text=Bigbloc+Fly+Ash+Brick
MAT00149,Building & Structural,Bricks & Blocks,Fly Ash Brick,Magicrete,230x110x100mm,piece,Rs.17 - Rs.32,"Magicrete Fly Ash Brick, size 230x110x100mm, used for load bearing and partition walls.",https://placehold.co/400x300/8B8378/FFFFFF?text=Magicrete+Fly+Ash+Brick
MAT00150,Building & Structural,Bricks & Blocks,Fly Ash Brick,Siporex,230x110x100mm,piece,Rs.17 - Rs.32,"Siporex Fly Ash Brick, size 230x110x100mm, used for load bearing and partition walls.",https://placehold.co/400x300/8B8378/FFFFFF?text=Siporex+Fly+Ash+Brick
MAT00151,Building & Structural,Bricks & Blocks,Fly Ash Brick,JK Lakshmi AAC,230x110x100mm,piece,Rs.17 - Rs.32,"JK Lakshmi AAC Fly Ash Brick, size 230x110x100mm, used for load bearing and partition walls.",https://placehold.co/400x300/8B8378/FFFFFF?text=JK+Lakshmi+AAC+Fly+Ash+Brick
MAT00152,Building & Structural,Bricks & Blocks,Fly Ash Brick,Biltech,230x110x100mm,piece,Rs.17 - Rs.32,"Biltech Fly Ash Brick, size 230x110x100mm, used for load bearing and partition walls.",https://placehold.co/400x300/8B8378/FFFFFF?text=Biltech+Fly+Ash+Brick
MAT00153,Building & Structural,Bricks & Blocks,Fly Ash Brick,Aerocon,230x110x100mm,piece,Rs.17 - Rs.32,"Aerocon Fly Ash Brick, size 230x110x100mm, used for load bearing and partition walls.",https://placehold.co/400x300/8B8378/FFFFFF?text=Aerocon+Fly+Ash+Brick
MAT00154,Building & Structural,Bricks & Blocks,Fly Ash Brick,UltraTech AAC,230x110x100mm,piece,Rs.17 - Rs.32,"UltraTech AAC Fly Ash Brick, size 230x110x100mm, used for load bearing and partition walls.",https://placehold.co/400x300/8B8378/FFFFFF?text=UltraTech+AAC+Fly+Ash+Brick
MAT00155,Building & Structural,Bricks & Blocks,Fly Ash Brick,Local Kiln Co.,400x200x200mm,piece,Rs.17 - Rs.32,"Local Kiln Co. Fly Ash Brick, size 400x200x200mm, used for load bearing and partition walls.",https://placehold.co/400x300/8B8378/FFFFFF?text=Local+Kiln+Co.+Fly+Ash+Brick
MAT00156,Building & Structural,Bricks & Blocks,Fly Ash Brick,Bigbloc,400x200x200mm,piece,Rs.17 - Rs.32,"Bigbloc Fly Ash Brick, size 400x200x200mm, used for load bearing and partition walls.",https://placehold.co/400x300/8B8378/FFFFFF?text=Bigbloc+Fly+Ash+Brick
MAT00157,Building & Structural,Bricks & Blocks,Fly Ash Brick,Magicrete,400x200x200mm,piece,Rs.17 - Rs.32,"Magicrete Fly Ash Brick, size 400x200x200mm, used for load bearing and partition walls.",https://placehold.co/400x300/8B8378/FFFFFF?text=Magicrete+Fly+Ash+Brick
MAT00158,Building & Structural,Bricks & Blocks,Fly Ash Brick,Siporex,400x200x200mm,piece,Rs.17 - Rs.32,"Siporex Fly Ash Brick, size 400x200x200mm, used for load bearing and partition walls.",https://placehold.co/400x300/8B8378/FFFFFF?text=Siporex+Fly+Ash+Brick
MAT00159,Building & Structural,Bricks & Blocks,Fly Ash Brick,JK Lakshmi AAC,400x200x200mm,piece,Rs.17 - Rs.32,"JK Lakshmi AAC Fly Ash Brick, size 400x200x200mm, used for load bearing and partition walls.",https://placehold.co/400x300/8B8378/FFFFFF?text=JK+Lakshmi+AAC+Fly+Ash+Brick
MAT00160,Building & Structural,Bricks & Blocks,Fly Ash Brick,Biltech,400x200x200mm,piece,Rs.17 - Rs.32,"Biltech Fly Ash Brick, size 400x200x200mm, used for load bearing and partition walls.",https://placehold.co/400x300/8B8378/FFFFFF?text=Biltech+Fly+Ash+Brick
MAT00161,Building & Structural,Bricks & Blocks,Fly Ash Brick,Aerocon,400x200x200mm,piece,Rs.17 - Rs.32,"Aerocon Fly Ash Brick, size 400x200x200mm, used for load bearing and partition walls.",https://placehold.co/400x300/8B8378/FFFFFF?text=Aerocon+Fly+Ash+Brick
MAT00162,Building & Structural,Bricks & Blocks,Fly Ash Brick,UltraTech AAC,400x200x200mm,piece,Rs.17 - Rs.32,"UltraTech AAC Fly Ash Brick, size 400x200x200mm, used for load bearing and partition walls.",https://placehold.co/400x300/8B8378/FFFFFF?text=UltraTech+AAC+Fly+Ash+Brick
MAT00163,Building & Structural,Bricks & Blocks,Fly Ash Brick,Local Kiln Co.,600x200x100mm,piece,Rs.17 - Rs.32,"Local Kiln Co. Fly Ash Brick, size 600x200x100mm, used for load bearing and partition walls.",https://placehold.co/400x300/8B8378/FFFFFF?text=Local+Kiln+Co.+Fly+Ash+Brick
MAT00164,Building & Structural,Bricks & Blocks,Fly Ash Brick,Bigbloc,600x200x100mm,piece,Rs.17 - Rs.32,"Bigbloc Fly Ash Brick, size 600x200x100mm, used for load bearing and partition walls.",https://placehold.co/400x300/8B8378/FFFFFF?text=Bigbloc+Fly+Ash+Brick
MAT00165,Building & Structural,Bricks & Blocks,Fly Ash Brick,Magicrete,600x200x100mm,piece,Rs.17 - Rs.32,"Magicrete Fly Ash Brick, size 600x200x100mm, used for load bearing and partition walls.",https://placehold.co/400x300/8B8378/FFFFFF?text=Magicrete+Fly+Ash+Brick
MAT00166,Building & Structural,Bricks & Blocks,Fly Ash Brick,Siporex,600x200x100mm,piece,Rs.17 - Rs.32,"Siporex Fly Ash Brick, size 600x200x100mm, used for load bearing and partition walls.",https://placehold.co/400x300/8B8378/FFFFFF?text=Siporex+Fly+Ash+Brick
MAT00167,Building & Structural,Bricks & Blocks,Fly Ash Brick,JK Lakshmi AAC,600x200x100mm,piece,Rs.17 - Rs.32,"JK Lakshmi AAC Fly Ash Brick, size 600x200x100mm, used for load bearing and partition walls.",https://placehold.co/400x300/8B8378/FFFFFF?text=JK+Lakshmi+AAC+Fly+Ash+Brick
MAT00168,Building & Structural,Bricks & Blocks,Fly Ash Brick,Biltech,600x200x100mm,piece,Rs.17 - Rs.32,"Biltech Fly Ash Brick, size 600x200x100mm, used for load bearing and partition walls.",https://placehold.co/400x300/8B8378/FFFFFF?text=Biltech+Fly+Ash+Brick
MAT00169,Building & Structural,Bricks & Blocks,Fly Ash Brick,Aerocon,600x200x100mm,piece,Rs.17 - Rs.32,"Aerocon Fly Ash Brick, size 600x200x100mm, used for load bearing and partition walls.",https://placehold.co/400x300/8B8378/FFFFFF?text=Aerocon+Fly+Ash+Brick
MAT00170,Building & Structural,Bricks & Blocks,Fly Ash Brick,UltraTech AAC,600x200x100mm,piece,Rs.17 - Rs.32,"UltraTech AAC Fly Ash Brick, size 600x200x100mm, used for load bearing and partition walls.",https://placehold.co/400x300/8B8378/FFFFFF?text=UltraTech+AAC+Fly+Ash+Brick
MAT00171,Building & Structural,Bricks & Blocks,Fly Ash Brick,Local Kiln Co.,600x200x150mm,piece,Rs.17 - Rs.32,"Local Kiln Co. Fly Ash Brick, size 600x200x150mm, used for load bearing and partition walls.",https://placehold.co/400x300/8B8378/FFFFFF?text=Local+Kiln+Co.+Fly+Ash+Brick
MAT00172,Building & Structural,Bricks & Blocks,Fly Ash Brick,Bigbloc,600x200x150mm,piece,Rs.17 - Rs.32,"Bigbloc Fly Ash Brick, size 600x200x150mm, used for load bearing and partition walls.",https://placehold.co/400x300/8B8378/FFFFFF?text=Bigbloc+Fly+Ash+Brick
MAT00173,Building & Structural,Bricks & Blocks,Fly Ash Brick,Magicrete,600x200x150mm,piece,Rs.17 - Rs.32,"Magicrete Fly Ash Brick, size 600x200x150mm, used for load bearing and partition walls.",https://placehold.co/400x300/8B8378/FFFFFF?text=Magicrete+Fly+Ash+Brick
MAT00174,Building & Structural,Bricks & Blocks,Fly Ash Brick,Siporex,600x200x150mm,piece,Rs.17 - Rs.32,"Siporex Fly Ash Brick, size 600x200x150mm, used for load bearing and partition walls.",https://placehold.co/400x300/8B8378/FFFFFF?text=Siporex+Fly+Ash+Brick
MAT00175,Building & Structural,Bricks & Blocks,Fly Ash Brick,JK Lakshmi AAC,600x200x150mm,piece,Rs.17 - Rs.32,"JK Lakshmi AAC Fly Ash Brick, size 600x200x150mm, used for load bearing and partition walls.",https://placehold.co/400x300/8B8378/FFFFFF?text=JK+Lakshmi+AAC+Fly+Ash+Brick
MAT00176,Building & Structural,Bricks & Blocks,Fly Ash Brick,Biltech,600x200x150mm,piece,Rs.17 - Rs.32,"Biltech Fly Ash Brick, size 600x200x150mm, used for load bearing and partition walls.",https://placehold.co/400x300/8B8378/FFFFFF?text=Biltech+Fly+Ash+Brick
MAT00177,Building & Structural,Bricks & Blocks,Fly Ash Brick,Aerocon,600x200x150mm,piece,Rs.17 - Rs.32,"Aerocon Fly Ash Brick, size 600x200x150mm, used for load bearing and partition walls.",https://placehold.co/400x300/8B8378/FFFFFF?text=Aerocon+Fly+Ash+Brick
MAT00178,Building & Structural,Bricks & Blocks,Fly Ash Brick,UltraTech AAC,600x200x150mm,piece,Rs.17 - Rs.32,"UltraTech AAC Fly Ash Brick, size 600x200x150mm, used for load bearing and partition walls.",https://placehold.co/400x300/8B8378/FFFFFF?text=UltraTech+AAC+Fly+Ash+Brick
MAT00179,Building & Structural,Bricks & Blocks,Fly Ash Brick,Local Kiln Co.,600x200x200mm,piece,Rs.17 - Rs.32,"Local Kiln Co. Fly Ash Brick, size 600x200x200mm, used for load bearing and partition walls.",https://placehold.co/400x300/8B8378/FFFFFF?text=Local+Kiln+Co.+Fly+Ash+Brick
MAT00180,Building & Structural,Bricks & Blocks,Fly Ash Brick,Bigbloc,600x200x200mm,piece,Rs.17 - Rs.32,"Bigbloc Fly Ash Brick, size 600x200x200mm, used for load bearing and partition walls.",https://placehold.co/400x300/8B8378/FFFFFF?text=Bigbloc+Fly+Ash+Brick
MAT00181,Building & Structural,Sand & Aggregates,River Sand,Local Quarry A,Grade A - screened,cubic ft / ton,Rs.38 - Rs.71,"River Sand of Grade A - screened, sourced from Local Quarry A, used for concreting and masonry mortar.",https://placehold.co/400x300/8B8378/FFFFFF?text=Local+Quarry+A+River+Sand
MAT00182,Building & Structural,Sand & Aggregates,River Sand,Local Quarry B,Grade A - screened,cubic ft / ton,Rs.38 - Rs.71,"River Sand of Grade A - screened, sourced from Local Quarry B, used for concreting and masonry mortar.",https://placehold.co/400x300/8B8378/FFFFFF?text=Local+Quarry+B+River+Sand
MAT00183,Building & Structural,Sand & Aggregates,River Sand,Regional Supplier C,Grade A - screened,cubic ft / ton,Rs.38 - Rs.71,"River Sand of Grade A - screened, sourced from Regional Supplier C, used for concreting and masonry mortar.",https://placehold.co/400x300/8B8378/FFFFFF?text=Regional+Supplier+C+River+Sand
MAT00184,Building & Structural,Sand & Aggregates,River Sand,Regional Supplier D,Grade A - screened,cubic ft / ton,Rs.38 - Rs.71,"River Sand of Grade A - screened, sourced from Regional Supplier D, used for concreting and masonry mortar.",https://placehold.co/400x300/8B8378/FFFFFF?text=Regional+Supplier+D+River+Sand
MAT00185,Building & Structural,Sand & Aggregates,River Sand,District Supplier E,Grade A - screened,cubic ft / ton,Rs.38 - Rs.71,"River Sand of Grade A - screened, sourced from District Supplier E, used for concreting and masonry mortar.",https://placehold.co/400x300/8B8378/FFFFFF?text=District+Supplier+E+River+Sand
MAT00186,Building & Structural,Sand & Aggregates,River Sand,Local Quarry A,Grade B - washed,cubic ft / ton,Rs.38 - Rs.71,"River Sand of Grade B - washed, sourced from Local Quarry A, used for concreting and masonry mortar.",https://placehold.co/400x300/8B8378/FFFFFF?text=Local+Quarry+A+River+Sand
MAT00187,Building & Structural,Sand & Aggregates,River Sand,Local Quarry B,Grade B - washed,cubic ft / ton,Rs.38 - Rs.71,"River Sand of Grade B - washed, sourced from Local Quarry B, used for concreting and masonry mortar.",https://placehold.co/400x300/8B8378/FFFFFF?text=Local+Quarry+B+River+Sand
MAT00188,Building & Structural,Sand & Aggregates,River Sand,Regional Supplier C,Grade B - washed,cubic ft / ton,Rs.38 - Rs.71,"River Sand of Grade B - washed, sourced from Regional Supplier C, used for concreting and masonry mortar.",https://placehold.co/400x300/8B8378/FFFFFF?text=Regional+Supplier+C+River+Sand
MAT00189,Building & Structural,Sand & Aggregates,River Sand,Regional Supplier D,Grade B - washed,cubic ft / ton,Rs.38 - Rs.71,"River Sand of Grade B - washed, sourced from Regional Supplier D, used for concreting and masonry mortar.",https://placehold.co/400x300/8B8378/FFFFFF?text=Regional+Supplier+D+River+Sand
MAT00190,Building & Structural,Sand & Aggregates,River Sand,District Supplier E,Grade B - washed,cubic ft / ton,Rs.38 - Rs.71,"River Sand of Grade B - washed, sourced from District Supplier E, used for concreting and masonry mortar.",https://placehold.co/400x300/8B8378/FFFFFF?text=District+Supplier+E+River+Sand
MAT00191,Building & Structural,Sand & Aggregates,River Sand,Local Quarry A,Grade C - crushed,cubic ft / ton,Rs.38 - Rs.71,"River Sand of Grade C - crushed, sourced from Local Quarry A, used for concreting and masonry mortar.",https://placehold.co/400x300/8B8378/FFFFFF?text=Local+Quarry+A+River+Sand
MAT00192,Building & Structural,Sand & Aggregates,River Sand,Local Quarry B,Grade C - crushed,cubic ft / ton,Rs.38 - Rs.71,"River Sand of Grade C - crushed, sourced from Local Quarry B, used for concreting and masonry mortar.",https://placehold.co/400x300/8B8378/FFFFFF?text=Local+Quarry+B+River+Sand
MAT00193,Building & Structural,Sand & Aggregates,River Sand,Regional Supplier C,Grade C - crushed,cubic ft / ton,Rs.38 - Rs.71,"River Sand of Grade C - crushed, sourced from Regional Supplier C, used for concreting and masonry mortar.",https://placehold.co/400x300/8B8378/FFFFFF?text=Regional+Supplier+C+River+Sand
MAT00194,Building & Structural,Sand & Aggregates,River Sand,Regional Supplier D,Grade C - crushed,cubic ft / ton,Rs.38 - Rs.71,"River Sand of Grade C - crushed, sourced from Regional Supplier D, used for concreting and masonry mortar.",https://placehold.co/400x300/8B8378/FFFFFF?text=Regional+Supplier+D+River+Sand
MAT00195,Building & Structural,Sand & Aggregates,River Sand,District Supplier E,Grade C - crushed,cubic ft / ton,Rs.38 - Rs.71,"River Sand of Grade C - crushed, sourced from District Supplier E, used for concreting and masonry mortar.",https://placehold.co/400x300/8B8378/FFFFFF?text=District+Supplier+E+River+Sand
MAT00196,Building & Structural,Sand & Aggregates,River Sand,Local Quarry A,Standard quality,cubic ft / ton,Rs.38 - Rs.71,"River Sand of Standard quality, sourced from Local Quarry A, used for concreting and masonry mortar.",https://placehold.co/400x300/8B8378/FFFFFF?text=Local+Quarry+A+River+Sand
MAT00197,Building & Structural,Sand & Aggregates,River Sand,Local Quarry B,Standard quality,cubic ft / ton,Rs.38 - Rs.71,"River Sand of Standard quality, sourced from Local Quarry B, used for concreting and masonry mortar.",https://placehold.co/400x300/8B8378/FFFFFF?text=Local+Quarry+B+River+Sand
MAT00198,Building & Structural,Sand & Aggregates,River Sand,Regional Supplier C,Standard quality,cubic ft / ton,Rs.38 - Rs.71,"River Sand of Standard quality, sourced from Regional Supplier C, used for concreting and masonry mortar.",https://placehold.co/400x300/8B8378/FFFFFF?text=Regional+Supplier+C+River+Sand
MAT00199,Building & Structural,Sand & Aggregates,River Sand,Regional Supplier D,Standard quality,cubic ft / ton,Rs.38 - Rs.71,"River Sand of Standard quality, sourced from Regional Supplier D, used for concreting and masonry mortar.",https://placehold.co/400x300/8B8378/FFFFFF?text=Regional+Supplier+D+River+Sand
MAT00200,Building & Structural,Sand & Aggregates,River Sand,District Supplier E,Standard quality,cubic ft / ton,Rs.38 - Rs.71,"River Sand of Standard quality, sourced from District Supplier E, used for concreting and masonry mortar.",https://placehold.co/400x300/8B8378/FFFFFF?text=District+Supplier+E+River+Sand
MAT00201,Building & Structural,Sand & Aggregates,River Sand,Local Quarry A,Premium quality,cubic ft / ton,Rs.38 - Rs.71,"River Sand of Premium quality, sourced from Local Quarry A, used for concreting and masonry mortar.",https://placehold.co/400x300/8B8378/FFFFFF?text=Local+Quarry+A+River+Sand
MAT00202,Building & Structural,Sand & Aggregates,River Sand,Local Quarry B,Premium quality,cubic ft / ton,Rs.38 - Rs.71,"River Sand of Premium quality, sourced from Local Quarry B, used for concreting and masonry mortar.",https://placehold.co/400x300/8B8378/FFFFFF?text=Local+Quarry+B+River+Sand
MAT00203,Building & Structural,Sand & Aggregates,River Sand,Regional Supplier C,Premium quality,cubic ft / ton,Rs.38 - Rs.71,"River Sand of Premium quality, sourced from Regional Supplier C, used for concreting and masonry mortar.",https://placehold.co/400x300/8B8378/FFFFFF?text=Regional+Supplier+C+River+Sand
MAT00204,Building & Structural,Sand & Aggregates,River Sand,Regional Supplier D,Premium quality,cubic ft / ton,Rs.38 - Rs.71,"River Sand of Premium quality, sourced from Regional Supplier D, used for concreting and masonry mortar.",https://placehold.co/400x300/8B8378/FFFFFF?text=Regional+Supplier+D+River+Sand
MAT00205,Building & Structural,Sand & Aggregates,River Sand,District Supplier E,Premium quality,cubic ft / ton,Rs.38 - Rs.71,"River Sand of Premium quality, sourced from District Supplier E, used for concreting and masonry mortar.",https://placehold.co/400x300/8B8378/FFFFFF?text=District+Supplier+E+River+Sand
MAT00206,Building & Structural,Sand & Aggregates,M-Sand,Local Quarry A,Grade A - screened,cubic ft / ton,Rs.38 - Rs.71,"M-Sand of Grade A - screened, sourced from Local Quarry A, used for concreting and masonry mortar.",https://placehold.co/400x300/8B8378/FFFFFF?text=Local+Quarry+A+M-Sand
MAT00207,Building & Structural,Sand & Aggregates,M-Sand,Local Quarry B,Grade A - screened,cubic ft / ton,Rs.38 - Rs.71,"M-Sand of Grade A - screened, sourced from Local Quarry B, used for concreting and masonry mortar.",https://placehold.co/400x300/8B8378/FFFFFF?text=Local+Quarry+B+M-Sand
MAT00208,Building & Structural,Sand & Aggregates,M-Sand,Regional Supplier C,Grade A - screened,cubic ft / ton,Rs.38 - Rs.71,"M-Sand of Grade A - screened, sourced from Regional Supplier C, used for concreting and masonry mortar.",https://placehold.co/400x300/8B8378/FFFFFF?text=Regional+Supplier+C+M-Sand
MAT00209,Building & Structural,Sand & Aggregates,M-Sand,Regional Supplier D,Grade A - screened,cubic ft / ton,Rs.38 - Rs.71,"M-Sand of Grade A - screened, sourced from Regional Supplier D, used for concreting and masonry mortar.",https://placehold.co/400x300/8B8378/FFFFFF?text=Regional+Supplier+D+M-Sand
MAT00210,Building & Structural,Sand & Aggregates,M-Sand,District Supplier E,Grade A - screened,cubic ft / ton,Rs.38 - Rs.71,"M-Sand of Grade A - screened, sourced from District Supplier E, used for concreting and masonry mortar.",https://placehold.co/400x300/8B8378/FFFFFF?text=District+Supplier+E+M-Sand
MAT00211,Building & Structural,Sand & Aggregates,M-Sand,Local Quarry A,Grade B - washed,cubic ft / ton,Rs.38 - Rs.71,"M-Sand of Grade B - washed, sourced from Local Quarry A, used for concreting and masonry mortar.",https://placehold.co/400x300/8B8378/FFFFFF?text=Local+Quarry+A+M-Sand
MAT00212,Building & Structural,Sand & Aggregates,M-Sand,Local Quarry B,Grade B - washed,cubic ft / ton,Rs.38 - Rs.71,"M-Sand of Grade B - washed, sourced from Local Quarry B, used for concreting and masonry mortar.",https://placehold.co/400x300/8B8378/FFFFFF?text=Local+Quarry+B+M-Sand
MAT00213,Building & Structural,Sand & Aggregates,M-Sand,Regional Supplier C,Grade B - washed,cubic ft / ton,Rs.38 - Rs.71,"M-Sand of Grade B - washed, sourced from Regional Supplier C, used for concreting and masonry mortar.",https://placehold.co/400x300/8B8378/FFFFFF?text=Regional+Supplier+C+M-Sand
MAT00214,Building & Structural,Sand & Aggregates,M-Sand,Regional Supplier D,Grade B - washed,cubic ft / ton,Rs.38 - Rs.71,"M-Sand of Grade B - washed, sourced from Regional Supplier D, used for concreting and masonry mortar.",https://placehold.co/400x300/8B8378/FFFFFF?text=Regional+Supplier+D+M-Sand
MAT00215,Building & Structural,Sand & Aggregates,M-Sand,District Supplier E,Grade B - washed,cubic ft / ton,Rs.38 - Rs.71,"M-Sand of Grade B - washed, sourced from District Supplier E, used for concreting and masonry mortar.",https://placehold.co/400x300/8B8378/FFFFFF?text=District+Supplier+E+M-Sand
MAT00216,Building & Structural,Sand & Aggregates,M-Sand,Local Quarry A,Grade C - crushed,cubic ft / ton,Rs.38 - Rs.71,"M-Sand of Grade C - crushed, sourced from Local Quarry A, used for concreting and masonry mortar.",https://placehold.co/400x300/8B8378/FFFFFF?text=Local+Quarry+A+M-Sand
MAT00217,Building & Structural,Sand & Aggregates,M-Sand,Local Quarry B,Grade C - crushed,cubic ft / ton,Rs.38 - Rs.71,"M-Sand of Grade C - crushed, sourced from Local Quarry B, used for concreting and masonry mortar.",https://placehold.co/400x300/8B8378/FFFFFF?text=Local+Quarry+B+M-Sand
MAT00218,Building & Structural,Sand & Aggregates,M-Sand,Regional Supplier C,Grade C - crushed,cubic ft / ton,Rs.38 - Rs.71,"M-Sand of Grade C - crushed, sourced from Regional Supplier C, used for concreting and masonry mortar.",https://placehold.co/400x300/8B8378/FFFFFF?text=Regional+Supplier+C+M-Sand
MAT00219,Building & Structural,Sand & Aggregates,M-Sand,Regional Supplier D,Grade C - crushed,cubic ft / ton,Rs.38 - Rs.71,"M-Sand of Grade C - crushed, sourced from Regional Supplier D, used for concreting and masonry mortar.",https://placehold.co/400x300/8B8378/FFFFFF?text=Regional+Supplier+D+M-Sand
MAT00220,Building & Structural,Sand & Aggregates,M-Sand,District Supplier E,Grade C - crushed,cubic ft / ton,Rs.38 - Rs.71,"M-Sand of Grade C - crushed, sourced from District Supplier E, used for concreting and masonry mortar.",https://placehold.co/400x300/8B8378/FFFFFF?text=District+Supplier+E+M-Sand
MAT00221,Building & Structural,Sand & Aggregates,M-Sand,Local Quarry A,Standard quality,cubic ft / ton,Rs.38 - Rs.71,"M-Sand of Standard quality, sourced from Local Quarry A, used for concreting and masonry mortar.",https://placehold.co/400x300/8B8378/FFFFFF?text=Local+Quarry+A+M-Sand
MAT00222,Building & Structural,Sand & Aggregates,M-Sand,Local Quarry B,Standard quality,cubic ft / ton,Rs.38 - Rs.71,"M-Sand of Standard quality, sourced from Local Quarry B, used for concreting and masonry mortar.",https://placehold.co/400x300/8B8378/FFFFFF?text=Local+Quarry+B+M-Sand
MAT00223,Building & Structural,Sand & Aggregates,M-Sand,Regional Supplier C,Standard quality,cubic ft / ton,Rs.38 - Rs.71,"M-Sand of Standard quality, sourced from Regional Supplier C, used for concreting and masonry mortar.",https://placehold.co/400x300/8B8378/FFFFFF?text=Regional+Supplier+C+M-Sand
MAT00224,Building & Structural,Sand & Aggregates,M-Sand,Regional Supplier D,Standard quality,cubic ft / ton,Rs.38 - Rs.71,"M-Sand of Standard quality, sourced from Regional Supplier D, used for concreting and masonry mortar.",https://placehold.co/400x300/8B8378/FFFFFF?text=Regional+Supplier+D+M-Sand
MAT00225,Building & Structural,Sand & Aggregates,M-Sand,District Supplier E,Standard quality,cubic ft / ton,Rs.38 - Rs.71,"M-Sand of Standard quality, sourced from District Supplier E, used for concreting and masonry mortar.",https://placehold.co/400x300/8B8378/FFFFFF?text=District+Supplier+E+M-Sand
MAT00226,Building & Structural,Sand & Aggregates,M-Sand,Local Quarry A,Premium quality,cubic ft / ton,Rs.38 - Rs.71,"M-Sand of Premium quality, sourced from Local Quarry A, used for concreting and masonry mortar.",https://placehold.co/400x300/8B8378/FFFFFF?text=Local+Quarry+A+M-Sand
MAT00227,Building & Structural,Sand & Aggregates,M-Sand,Local Quarry B,Premium quality,cubic ft / ton,Rs.38 - Rs.71,"M-Sand of Premium quality, sourced from Local Quarry B, used for concreting and masonry mortar.",https://placehold.co/400x300/8B8378/FFFFFF?text=Local+Quarry+B+M-Sand
MAT00228,Building & Structural,Sand & Aggregates,M-Sand,Regional Supplier C,Premium quality,cubic ft / ton,Rs.38 - Rs.71,"M-Sand of Premium quality, sourced from Regional Supplier C, used for concreting and masonry mortar.",https://placehold.co/400x300/8B8378/FFFFFF?text=Regional+Supplier+C+M-Sand
MAT00229,Building & Structural,Sand & Aggregates,M-Sand,Regional Supplier D,Premium quality,cubic ft / ton,Rs.38 - Rs.71,"M-Sand of Premium quality, sourced from Regional Supplier D, used for concreting and masonry mortar.",https://placehold.co/400x300/8B8378/FFFFFF?text=Regional+Supplier+D+M-Sand
MAT00230,Building & Structural,Sand & Aggregates,M-Sand,District Supplier E,Premium quality,cubic ft / ton,Rs.38 - Rs.71,"M-Sand of Premium quality, sourced from District Supplier E, used for concreting and masonry mortar.",https://placehold.co/400x300/8B8378/FFFFFF?text=District+Supplier+E+M-Sand
MAT00231,Building & Structural,Sand & Aggregates,P-Sand (Plastering),Local Quarry A,Grade A - screened,cubic ft / ton,Rs.38 - Rs.71,"P-Sand (Plastering) of Grade A - screened, sourced from Local Quarry A, used for concreting and masonry mortar.",https://placehold.co/400x300/8B8378/FFFFFF?text=Local+Quarry+A+P-Sand+%28Plastering%29
MAT00232,Building & Structural,Sand & Aggregates,P-Sand (Plastering),Local Quarry B,Grade A - screened,cubic ft / ton,Rs.38 - Rs.71,"P-Sand (Plastering) of Grade A - screened, sourced from Local Quarry B, used for concreting and masonry mortar.",https://placehold.co/400x300/8B8378/FFFFFF?text=Local+Quarry+B+P-Sand+%28Plastering%29
MAT00233,Building & Structural,Sand & Aggregates,P-Sand (Plastering),Regional Supplier C,Grade A - screened,cubic ft / ton,Rs.38 - Rs.71,"P-Sand (Plastering) of Grade A - screened, sourced from Regional Supplier C, used for concreting and masonry mortar.",https://placehold.co/400x300/8B8378/FFFFFF?text=Regional+Supplier+C+P-Sand+%28Plastering%29
MAT00234,Building & Structural,Sand & Aggregates,P-Sand (Plastering),Regional Supplier D,Grade A - screened,cubic ft / ton,Rs.38 - Rs.71,"P-Sand (Plastering) of Grade A - screened, sourced from Regional Supplier D, used for concreting and masonry mortar.",https://placehold.co/400x300/8B8378/FFFFFF?text=Regional+Supplier+D+P-Sand+%28Plastering%29
MAT00235,Building & Structural,Sand & Aggregates,P-Sand (Plastering),District Supplier E,Grade A - screened,cubic ft / ton,Rs.38 - Rs.71,"P-Sand (Plastering) of Grade A - screened, sourced from District Supplier E, used for concreting and masonry mortar.",https://placehold.co/400x300/8B8378/FFFFFF?text=District+Supplier+E+P-Sand+%28Plastering%29
MAT00236,Building & Structural,Sand & Aggregates,P-Sand (Plastering),Local Quarry A,Grade B - washed,cubic ft / ton,Rs.38 - Rs.71,"P-Sand (Plastering) of Grade B - washed, sourced from Local Quarry A, used for concreting and masonry mortar.",https://placehold.co/400x300/8B8378/FFFFFF?text=Local+Quarry+A+P-Sand+%28Plastering%29
MAT00237,Building & Structural,Sand & Aggregates,P-Sand (Plastering),Local Quarry B,Grade B - washed,cubic ft / ton,Rs.38 - Rs.71,"P-Sand (Plastering) of Grade B - washed, sourced from Local Quarry B, used for concreting and masonry mortar.",https://placehold.co/400x300/8B8378/FFFFFF?text=Local+Quarry+B+P-Sand+%28Plastering%29
MAT00238,Building & Structural,Sand & Aggregates,P-Sand (Plastering),Regional Supplier C,Grade B - washed,cubic ft / ton,Rs.38 - Rs.71,"P-Sand (Plastering) of Grade B - washed, sourced from Regional Supplier C, used for concreting and masonry mortar.",https://placehold.co/400x300/8B8378/FFFFFF?text=Regional+Supplier+C+P-Sand+%28Plastering%29
MAT00239,Building & Structural,Sand & Aggregates,P-Sand (Plastering),Regional Supplier D,Grade B - washed,cubic ft / ton,Rs.38 - Rs.71,"P-Sand (Plastering) of Grade B - washed, sourced from Regional Supplier D, used for concreting and masonry mortar.",https://placehold.co/400x300/8B8378/FFFFFF?text=Regional+Supplier+D+P-Sand+%28Plastering%29
MAT00240,Building & Structural,Sand & Aggregates,P-Sand (Plastering),District Supplier E,Grade B - washed,cubic ft / ton,Rs.38 - Rs.71,"P-Sand (Plastering) of Grade B - washed, sourced from District Supplier E, used for concreting and masonry mortar.",https://placehold.co/400x300/8B8378/FFFFFF?text=District+Supplier+E+P-Sand+%28Plastering%29
MAT00241,Building & Structural,Sand & Aggregates,P-Sand (Plastering),Local Quarry A,Grade C - crushed,cubic ft / ton,Rs.38 - Rs.71,"P-Sand (Plastering) of Grade C - crushed, sourced from Local Quarry A, used for concreting and masonry mortar.",https://placehold.co/400x300/8B8378/FFFFFF?text=Local+Quarry+A+P-Sand+%28Plastering%29
MAT00242,Building & Structural,Sand & Aggregates,P-Sand (Plastering),Local Quarry B,Grade C - crushed,cubic ft / ton,Rs.38 - Rs.71,"P-Sand (Plastering) of Grade C - crushed, sourced from Local Quarry B, used for concreting and masonry mortar.",https://placehold.co/400x300/8B8378/FFFFFF?text=Local+Quarry+B+P-Sand+%28Plastering%29
MAT00243,Building & Structural,Sand & Aggregates,P-Sand (Plastering),Regional Supplier C,Grade C - crushed,cubic ft / ton,Rs.38 - Rs.71,"P-Sand (Plastering) of Grade C - crushed, sourced from Regional Supplier C, used for concreting and masonry mortar.",https://placehold.co/400x300/8B8378/FFFFFF?text=Regional+Supplier+C+P-Sand+%28Plastering%29
MAT00244,Building & Structural,Sand & Aggregates,P-Sand (Plastering),Regional Supplier D,Grade C - crushed,cubic ft / ton,Rs.38 - Rs.71,"P-Sand (Plastering) of Grade C - crushed, sourced from Regional Supplier D, used for concreting and masonry mortar.",https://placehold.co/400x300/8B8378/FFFFFF?text=Regional+Supplier+D+P-Sand+%28Plastering%29
MAT00245,Building & Structural,Sand & Aggregates,P-Sand (Plastering),District Supplier E,Grade C - crushed,cubic ft / ton,Rs.38 - Rs.71,"P-Sand (Plastering) of Grade C - crushed, sourced from District Supplier E, used for concreting and masonry mortar.",https://placehold.co/400x300/8B8378/FFFFFF?text=District+Supplier+E+P-Sand+%28Plastering%29
MAT00246,Building & Structural,Sand & Aggregates,P-Sand (Plastering),Local Quarry A,Standard quality,cubic ft / ton,Rs.38 - Rs.71,"P-Sand (Plastering) of Standard quality, sourced from Local Quarry A, used for concreting and masonry mortar.",https://placehold.co/400x300/8B8378/FFFFFF?text=Local+Quarry+A+P-Sand+%28Plastering%29
MAT00247,Building & Structural,Sand & Aggregates,P-Sand (Plastering),Local Quarry B,Standard quality,cubic ft / ton,Rs.38 - Rs.71,"P-Sand (Plastering) of Standard quality, sourced from Local Quarry B, used for concreting and masonry mortar.",https://placehold.co/400x300/8B8378/FFFFFF?text=Local+Quarry+B+P-Sand+%28Plastering%29
MAT00248,Building & Structural,Sand & Aggregates,P-Sand (Plastering),Regional Supplier C,Standard quality,cubic ft / ton,Rs.38 - Rs.71,"P-Sand (Plastering) of Standard quality, sourced from Regional Supplier C, used for concreting and masonry mortar.",https://placehold.co/400x300/8B8378/FFFFFF?text=Regional+Supplier+C+P-Sand+%28Plastering%29
MAT00249,Building & Structural,Sand & Aggregates,P-Sand (Plastering),Regional Supplier D,Standard quality,cubic ft / ton,Rs.38 - Rs.71,"P-Sand (Plastering) of Standard quality, sourced from Regional Supplier D, used for concreting and masonry mortar.",https://placehold.co/400x300/8B8378/FFFFFF?text=Regional+Supplier+D+P-Sand+%28Plastering%29
MAT00250,Building & Structural,Sand & Aggregates,P-Sand (Plastering),District Supplier E,Standard quality,cubic ft / ton,Rs.38 - Rs.71,"P-Sand (Plastering) of Standard quality, sourced from District Supplier E, used for concreting and masonry mortar.",https://placehold.co/400x300/8B8378/FFFFFF?text=District+Supplier+E+P-Sand+%28Plastering%29
MAT00251,Building & Structural,Sand & Aggregates,P-Sand (Plastering),Local Quarry A,Premium quality,cubic ft / ton,Rs.38 - Rs.71,"P-Sand (Plastering) of Premium quality, sourced from Local Quarry A, used for concreting and masonry mortar.",https://placehold.co/400x300/8B8378/FFFFFF?text=Local+Quarry+A+P-Sand+%28Plastering%29
MAT00252,Building & Structural,Sand & Aggregates,P-Sand (Plastering),Local Quarry B,Premium quality,cubic ft / ton,Rs.38 - Rs.71,"P-Sand (Plastering) of Premium quality, sourced from Local Quarry B, used for concreting and masonry mortar.",https://placehold.co/400x300/8B8378/FFFFFF?text=Local+Quarry+B+P-Sand+%28Plastering%29
MAT00253,Building & Structural,Sand & Aggregates,P-Sand (Plastering),Regional Supplier C,Premium quality,cubic ft / ton,Rs.38 - Rs.71,"P-Sand (Plastering) of Premium quality, sourced from Regional Supplier C, used for concreting and masonry mortar.",https://placehold.co/400x300/8B8378/FFFFFF?text=Regional+Supplier+C+P-Sand+%28Plastering%29
MAT00254,Building & Structural,Sand & Aggregates,P-Sand (Plastering),Regional Supplier D,Premium quality,cubic ft / ton,Rs.38 - Rs.71,"P-Sand (Plastering) of Premium quality, sourced from Regional Supplier D, used for concreting and masonry mortar.",https://placehold.co/400x300/8B8378/FFFFFF?text=Regional+Supplier+D+P-Sand+%28Plastering%29
MAT00255,Building & Structural,Sand & Aggregates,P-Sand (Plastering),District Supplier E,Premium quality,cubic ft / ton,Rs.38 - Rs.71,"P-Sand (Plastering) of Premium quality, sourced from District Supplier E, used for concreting and masonry mortar.",https://placehold.co/400x300/8B8378/FFFFFF?text=District+Supplier+E+P-Sand+%28Plastering%29
MAT00256,Building & Structural,Sand & Aggregates,20mm Aggregate,Local Quarry A,Grade A - screened,cubic ft / ton,Rs.38 - Rs.71,"20mm Aggregate of Grade A - screened, sourced from Local Quarry A, used for concreting and masonry mortar.",https://placehold.co/400x300/8B8378/FFFFFF?text=Local+Quarry+A+20mm+Aggregate
MAT00257,Building & Structural,Sand & Aggregates,20mm Aggregate,Local Quarry B,Grade A - screened,cubic ft / ton,Rs.38 - Rs.71,"20mm Aggregate of Grade A - screened, sourced from Local Quarry B, used for concreting and masonry mortar.",https://placehold.co/400x300/8B8378/FFFFFF?text=Local+Quarry+B+20mm+Aggregate
MAT00258,Building & Structural,Sand & Aggregates,20mm Aggregate,Regional Supplier C,Grade A - screened,cubic ft / ton,Rs.38 - Rs.71,"20mm Aggregate of Grade A - screened, sourced from Regional Supplier C, used for concreting and masonry mortar.",https://placehold.co/400x300/8B8378/FFFFFF?text=Regional+Supplier+C+20mm+Aggregate
MAT00259,Building & Structural,Sand & Aggregates,20mm Aggregate,Regional Supplier D,Grade A - screened,cubic ft / ton,Rs.38 - Rs.71,"20mm Aggregate of Grade A - screened, sourced from Regional Supplier D, used for concreting and masonry mortar.",https://placehold.co/400x300/8B8378/FFFFFF?text=Regional+Supplier+D+20mm+Aggregate
MAT00260,Building & Structural,Sand & Aggregates,20mm Aggregate,District Supplier E,Grade A - screened,cubic ft / ton,Rs.38 - Rs.71,"20mm Aggregate of Grade A - screened, sourced from District Supplier E, used for concreting and masonry mortar.",https://placehold.co/400x300/8B8378/FFFFFF?text=District+Supplier+E+20mm+Aggregate
MAT00261,Building & Structural,Sand & Aggregates,20mm Aggregate,Local Quarry A,Grade B - washed,cubic ft / ton,Rs.38 - Rs.71,"20mm Aggregate of Grade B - washed, sourced from Local Quarry A, used for concreting and masonry mortar.",https://placehold.co/400x300/8B8378/FFFFFF?text=Local+Quarry+A+20mm+Aggregate
MAT00262,Building & Structural,Sand & Aggregates,20mm Aggregate,Local Quarry B,Grade B - washed,cubic ft / ton,Rs.38 - Rs.71,"20mm Aggregate of Grade B - washed, sourced from Local Quarry B, used for concreting and masonry mortar.",https://placehold.co/400x300/8B8378/FFFFFF?text=Local+Quarry+B+20mm+Aggregate
MAT00263,Building & Structural,Sand & Aggregates,20mm Aggregate,Regional Supplier C,Grade B - washed,cubic ft / ton,Rs.38 - Rs.71,"20mm Aggregate of Grade B - washed, sourced from Regional Supplier C, used for concreting and masonry mortar.",https://placehold.co/400x300/8B8378/FFFFFF?text=Regional+Supplier+C+20mm+Aggregate
MAT00264,Building & Structural,Sand & Aggregates,20mm Aggregate,Regional Supplier D,Grade B - washed,cubic ft / ton,Rs.38 - Rs.71,"20mm Aggregate of Grade B - washed, sourced from Regional Supplier D, used for concreting and masonry mortar.",https://placehold.co/400x300/8B8378/FFFFFF?text=Regional+Supplier+D+20mm+Aggregate
MAT00265,Building & Structural,Sand & Aggregates,20mm Aggregate,District Supplier E,Grade B - washed,cubic ft / ton,Rs.38 - Rs.71,"20mm Aggregate of Grade B - washed, sourced from District Supplier E, used for concreting and masonry mortar.",https://placehold.co/400x300/8B8378/FFFFFF?text=District+Supplier+E+20mm+Aggregate
MAT00266,Building & Structural,Sand & Aggregates,20mm Aggregate,Local Quarry A,Grade C - crushed,cubic ft / ton,Rs.38 - Rs.71,"20mm Aggregate of Grade C - crushed, sourced from Local Quarry A, used for concreting and masonry mortar.",https://placehold.co/400x300/8B8378/FFFFFF?text=Local+Quarry+A+20mm+Aggregate
MAT00267,Building & Structural,Sand & Aggregates,20mm Aggregate,Local Quarry B,Grade C - crushed,cubic ft / ton,Rs.38 - Rs.71,"20mm Aggregate of Grade C - crushed, sourced from Local Quarry B, used for concreting and masonry mortar.",https://placehold.co/400x300/8B8378/FFFFFF?text=Local+Quarry+B+20mm+Aggregate
MAT00268,Building & Structural,Sand & Aggregates,20mm Aggregate,Regional Supplier C,Grade C - crushed,cubic ft / ton,Rs.38 - Rs.71,"20mm Aggregate of Grade C - crushed, sourced from Regional Supplier C, used for concreting and masonry mortar.",https://placehold.co/400x300/8B8378/FFFFFF?text=Regional+Supplier+C+20mm+Aggregate
MAT00269,Building & Structural,Sand & Aggregates,20mm Aggregate,Regional Supplier D,Grade C - crushed,cubic ft / ton,Rs.38 - Rs.71,"20mm Aggregate of Grade C - crushed, sourced from Regional Supplier D, used for concreting and masonry mortar.",https://placehold.co/400x300/8B8378/FFFFFF?text=Regional+Supplier+D+20mm+Aggregate
MAT00270,Building & Structural,Sand & Aggregates,20mm Aggregate,District Supplier E,Grade C - crushed,cubic ft / ton,Rs.38 - Rs.71,"20mm Aggregate of Grade C - crushed, sourced from District Supplier E, used for concreting and masonry mortar.",https://placehold.co/400x300/8B8378/FFFFFF?text=District+Supplier+E+20mm+Aggregate
MAT00271,Building & Structural,Steel & Reinforcement,Fe415 TMT Bar - 6mm,TATA Tiscon,6mm,kg / ton,Rs.47 - Rs.88,"TATA Tiscon Fe415 TMT Bar of size 6mm, IS 1786 compliant, used for RCC reinforcement.",https://placehold.co/400x300/8B8378/FFFFFF?text=TATA+Tiscon+Fe415+TMT+Bar+-+6mm
MAT00272,Building & Structural,Steel & Reinforcement,Fe415 TMT Bar - 6mm,JSW Neosteel,6mm,kg / ton,Rs.47 - Rs.88,"JSW Neosteel Fe415 TMT Bar of size 6mm, IS 1786 compliant, used for RCC reinforcement.",https://placehold.co/400x300/8B8378/FFFFFF?text=JSW+Neosteel+Fe415+TMT+Bar+-+6mm
MAT00273,Building & Structural,Steel & Reinforcement,Fe415 TMT Bar - 6mm,SAIL,6mm,kg / ton,Rs.47 - Rs.88,"SAIL Fe415 TMT Bar of size 6mm, IS 1786 compliant, used for RCC reinforcement.",https://placehold.co/400x300/8B8378/FFFFFF?text=SAIL+Fe415+TMT+Bar+-+6mm
MAT00274,Building & Structural,Steel & Reinforcement,Fe415 TMT Bar - 6mm,Vizag Steel,6mm,kg / ton,Rs.47 - Rs.88,"Vizag Steel Fe415 TMT Bar of size 6mm, IS 1786 compliant, used for RCC reinforcement.",https://placehold.co/400x300/8B8378/FFFFFF?text=Vizag+Steel+Fe415+TMT+Bar+-+6mm
MAT00275,Building & Structural,Steel & Reinforcement,Fe415 TMT Bar - 6mm,Jindal Panther,6mm,kg / ton,Rs.47 - Rs.88,"Jindal Panther Fe415 TMT Bar of size 6mm, IS 1786 compliant, used for RCC reinforcement.",https://placehold.co/400x300/8B8378/FFFFFF?text=Jindal+Panther+Fe415+TMT+Bar+-+6mm
MAT00276,Building & Structural,Steel & Reinforcement,Fe415 TMT Bar - 6mm,Kamdhenu,6mm,kg / ton,Rs.47 - Rs.88,"Kamdhenu Fe415 TMT Bar of size 6mm, IS 1786 compliant, used for RCC reinforcement.",https://placehold.co/400x300/8B8378/FFFFFF?text=Kamdhenu+Fe415+TMT+Bar+-+6mm
MAT00277,Building & Structural,Steel & Reinforcement,Fe415 TMT Bar - 6mm,Rathi,6mm,kg / ton,Rs.47 - Rs.88,"Rathi Fe415 TMT Bar of size 6mm, IS 1786 compliant, used for RCC reinforcement.",https://placehold.co/400x300/8B8378/FFFFFF?text=Rathi+Fe415+TMT+Bar+-+6mm
MAT00278,Building & Structural,Steel & Reinforcement,Fe415 TMT Bar - 6mm,Shyam Steel,6mm,kg / ton,Rs.47 - Rs.88,"Shyam Steel Fe415 TMT Bar of size 6mm, IS 1786 compliant, used for RCC reinforcement.",https://placehold.co/400x300/8B8378/FFFFFF?text=Shyam+Steel+Fe415+TMT+Bar+-+6mm
MAT00279,Building & Structural,Steel & Reinforcement,Fe415 TMT Bar - 6mm,Electrosteel,6mm,kg / ton,Rs.47 - Rs.88,"Electrosteel Fe415 TMT Bar of size 6mm, IS 1786 compliant, used for RCC reinforcement.",https://placehold.co/400x300/8B8378/FFFFFF?text=Electrosteel+Fe415+TMT+Bar+-+6mm
MAT00280,Building & Structural,Steel & Reinforcement,Fe415 TMT Bar - 6mm,Sarthak TMT,6mm,kg / ton,Rs.47 - Rs.88,"Sarthak TMT Fe415 TMT Bar of size 6mm, IS 1786 compliant, used for RCC reinforcement.",https://placehold.co/400x300/8B8378/FFFFFF?text=Sarthak+TMT+Fe415+TMT+Bar+-+6mm
MAT00281,Building & Structural,Steel & Reinforcement,Fe415 TMT Bar - 8mm,TATA Tiscon,8mm,kg / ton,Rs.47 - Rs.88,"TATA Tiscon Fe415 TMT Bar of size 8mm, IS 1786 compliant, used for RCC reinforcement.",https://placehold.co/400x300/8B8378/FFFFFF?text=TATA+Tiscon+Fe415+TMT+Bar+-+8mm
MAT00282,Building & Structural,Steel & Reinforcement,Fe415 TMT Bar - 8mm,JSW Neosteel,8mm,kg / ton,Rs.47 - Rs.88,"JSW Neosteel Fe415 TMT Bar of size 8mm, IS 1786 compliant, used for RCC reinforcement.",https://placehold.co/400x300/8B8378/FFFFFF?text=JSW+Neosteel+Fe415+TMT+Bar+-+8mm
MAT00283,Building & Structural,Steel & Reinforcement,Fe415 TMT Bar - 8mm,SAIL,8mm,kg / ton,Rs.47 - Rs.88,"SAIL Fe415 TMT Bar of size 8mm, IS 1786 compliant, used for RCC reinforcement.",https://placehold.co/400x300/8B8378/FFFFFF?text=SAIL+Fe415+TMT+Bar+-+8mm
MAT00284,Building & Structural,Steel & Reinforcement,Fe415 TMT Bar - 8mm,Vizag Steel,8mm,kg / ton,Rs.47 - Rs.88,"Vizag Steel Fe415 TMT Bar of size 8mm, IS 1786 compliant, used for RCC reinforcement.",https://placehold.co/400x300/8B8378/FFFFFF?text=Vizag+Steel+Fe415+TMT+Bar+-+8mm
MAT00285,Building & Structural,Steel & Reinforcement,Fe415 TMT Bar - 8mm,Jindal Panther,8mm,kg / ton,Rs.47 - Rs.88,"Jindal Panther Fe415 TMT Bar of size 8mm, IS 1786 compliant, used for RCC reinforcement.",https://placehold.co/400x300/8B8378/FFFFFF?text=Jindal+Panther+Fe415+TMT+Bar+-+8mm
MAT00286,Building & Structural,Steel & Reinforcement,Fe415 TMT Bar - 8mm,Kamdhenu,8mm,kg / ton,Rs.47 - Rs.88,"Kamdhenu Fe415 TMT Bar of size 8mm, IS 1786 compliant, used for RCC reinforcement.",https://placehold.co/400x300/8B8378/FFFFFF?text=Kamdhenu+Fe415+TMT+Bar+-+8mm
MAT00287,Building & Structural,Steel & Reinforcement,Fe415 TMT Bar - 8mm,Rathi,8mm,kg / ton,Rs.47 - Rs.88,"Rathi Fe415 TMT Bar of size 8mm, IS 1786 compliant, used for RCC reinforcement.",https://placehold.co/400x300/8B8378/FFFFFF?text=Rathi+Fe415+TMT+Bar+-+8mm
MAT00288,Building & Structural,Steel & Reinforcement,Fe415 TMT Bar - 8mm,Shyam Steel,8mm,kg / ton,Rs.47 - Rs.88,"Shyam Steel Fe415 TMT Bar of size 8mm, IS 1786 compliant, used for RCC reinforcement.",https://placehold.co/400x300/8B8378/FFFFFF?text=Shyam+Steel+Fe415+TMT+Bar+-+8mm
MAT00289,Building & Structural,Steel & Reinforcement,Fe415 TMT Bar - 8mm,Electrosteel,8mm,kg / ton,Rs.47 - Rs.88,"Electrosteel Fe415 TMT Bar of size 8mm, IS 1786 compliant, used for RCC reinforcement.",https://placehold.co/400x300/8B8378/FFFFFF?text=Electrosteel+Fe415+TMT+Bar+-+8mm
MAT00290,Building & Structural,Steel & Reinforcement,Fe415 TMT Bar - 8mm,Sarthak TMT,8mm,kg / ton,Rs.47 - Rs.88,"Sarthak TMT Fe415 TMT Bar of size 8mm, IS 1786 compliant, used for RCC reinforcement.",https://placehold.co/400x300/8B8378/FFFFFF?text=Sarthak+TMT+Fe415+TMT+Bar+-+8mm
MAT00291,Building & Structural,Steel & Reinforcement,Fe415 TMT Bar - 10mm,TATA Tiscon,10mm,kg / ton,Rs.47 - Rs.88,"TATA Tiscon Fe415 TMT Bar of size 10mm, IS 1786 compliant, used for RCC reinforcement.",https://placehold.co/400x300/8B8378/FFFFFF?text=TATA+Tiscon+Fe415+TMT+Bar+-+10mm
MAT00292,Building & Structural,Steel & Reinforcement,Fe415 TMT Bar - 10mm,JSW Neosteel,10mm,kg / ton,Rs.47 - Rs.88,"JSW Neosteel Fe415 TMT Bar of size 10mm, IS 1786 compliant, used for RCC reinforcement.",https://placehold.co/400x300/8B8378/FFFFFF?text=JSW+Neosteel+Fe415+TMT+Bar+-+10mm
MAT00293,Building & Structural,Steel & Reinforcement,Fe415 TMT Bar - 10mm,SAIL,10mm,kg / ton,Rs.47 - Rs.88,"SAIL Fe415 TMT Bar of size 10mm, IS 1786 compliant, used for RCC reinforcement.",https://placehold.co/400x300/8B8378/FFFFFF?text=SAIL+Fe415+TMT+Bar+-+10mm
MAT00294,Building & Structural,Steel & Reinforcement,Fe415 TMT Bar - 10mm,Vizag Steel,10mm,kg / ton,Rs.47 - Rs.88,"Vizag Steel Fe415 TMT Bar of size 10mm, IS 1786 compliant, used for RCC reinforcement.",https://placehold.co/400x300/8B8378/FFFFFF?text=Vizag+Steel+Fe415+TMT+Bar+-+10mm
MAT00295,Building & Structural,Steel & Reinforcement,Fe415 TMT Bar - 10mm,Jindal Panther,10mm,kg / ton,Rs.47 - Rs.88,"Jindal Panther Fe415 TMT Bar of size 10mm, IS 1786 compliant, used for RCC reinforcement.",https://placehold.co/400x300/8B8378/FFFFFF?text=Jindal+Panther+Fe415+TMT+Bar+-+10mm
MAT00296,Building & Structural,Steel & Reinforcement,Fe415 TMT Bar - 10mm,Kamdhenu,10mm,kg / ton,Rs.47 - Rs.88,"Kamdhenu Fe415 TMT Bar of size 10mm, IS 1786 compliant, used for RCC reinforcement.",https://placehold.co/400x300/8B8378/FFFFFF?text=Kamdhenu+Fe415+TMT+Bar+-+10mm
MAT00297,Building & Structural,Steel & Reinforcement,Fe415 TMT Bar - 10mm,Rathi,10mm,kg / ton,Rs.47 - Rs.88,"Rathi Fe415 TMT Bar of size 10mm, IS 1786 compliant, used for RCC reinforcement.",https://placehold.co/400x300/8B8378/FFFFFF?text=Rathi+Fe415+TMT+Bar+-+10mm
MAT00298,Building & Structural,Steel & Reinforcement,Fe415 TMT Bar - 10mm,Shyam Steel,10mm,kg / ton,Rs.47 - Rs.88,"Shyam Steel Fe415 TMT Bar of size 10mm, IS 1786 compliant, used for RCC reinforcement.",https://placehold.co/400x300/8B8378/FFFFFF?text=Shyam+Steel+Fe415+TMT+Bar+-+10mm
MAT00299,Building & Structural,Steel & Reinforcement,Fe415 TMT Bar - 10mm,Electrosteel,10mm,kg / ton,Rs.47 - Rs.88,"Electrosteel Fe415 TMT Bar of size 10mm, IS 1786 compliant, used for RCC reinforcement.",https://placehold.co/400x300/8B8378/FFFFFF?text=Electrosteel+Fe415+TMT+Bar+-+10mm
MAT00300,Building & Structural,Steel & Reinforcement,Fe415 TMT Bar - 10mm,Sarthak TMT,10mm,kg / ton,Rs.47 - Rs.88,"Sarthak TMT Fe415 TMT Bar of size 10mm, IS 1786 compliant, used for RCC reinforcement.",https://placehold.co/400x300/8B8378/FFFFFF?text=Sarthak+TMT+Fe415+TMT+Bar+-+10mm
MAT00301,Building & Structural,Steel & Reinforcement,Fe415 TMT Bar - 12mm,TATA Tiscon,12mm,kg / ton,Rs.47 - Rs.88,"TATA Tiscon Fe415 TMT Bar of size 12mm, IS 1786 compliant, used for RCC reinforcement.",https://placehold.co/400x300/8B8378/FFFFFF?text=TATA+Tiscon+Fe415+TMT+Bar+-+12mm
MAT00302,Building & Structural,Steel & Reinforcement,Fe415 TMT Bar - 12mm,JSW Neosteel,12mm,kg / ton,Rs.47 - Rs.88,"JSW Neosteel Fe415 TMT Bar of size 12mm, IS 1786 compliant, used for RCC reinforcement.",https://placehold.co/400x300/8B8378/FFFFFF?text=JSW+Neosteel+Fe415+TMT+Bar+-+12mm
MAT00303,Building & Structural,Steel & Reinforcement,Fe415 TMT Bar - 12mm,SAIL,12mm,kg / ton,Rs.47 - Rs.88,"SAIL Fe415 TMT Bar of size 12mm, IS 1786 compliant, used for RCC reinforcement.",https://placehold.co/400x300/8B8378/FFFFFF?text=SAIL+Fe415+TMT+Bar+-+12mm
MAT00304,Building & Structural,Steel & Reinforcement,Fe415 TMT Bar - 12mm,Vizag Steel,12mm,kg / ton,Rs.47 - Rs.88,"Vizag Steel Fe415 TMT Bar of size 12mm, IS 1786 compliant, used for RCC reinforcement.",https://placehold.co/400x300/8B8378/FFFFFF?text=Vizag+Steel+Fe415+TMT+Bar+-+12mm
MAT00305,Building & Structural,Steel & Reinforcement,Fe415 TMT Bar - 12mm,Jindal Panther,12mm,kg / ton,Rs.47 - Rs.88,"Jindal Panther Fe415 TMT Bar of size 12mm, IS 1786 compliant, used for RCC reinforcement.",https://placehold.co/400x300/8B8378/FFFFFF?text=Jindal+Panther+Fe415+TMT+Bar+-+12mm
MAT00306,Building & Structural,Steel & Reinforcement,Fe415 TMT Bar - 12mm,Kamdhenu,12mm,kg / ton,Rs.47 - Rs.88,"Kamdhenu Fe415 TMT Bar of size 12mm, IS 1786 compliant, used for RCC reinforcement.",https://placehold.co/400x300/8B8378/FFFFFF?text=Kamdhenu+Fe415+TMT+Bar+-+12mm
MAT00307,Building & Structural,Steel & Reinforcement,Fe415 TMT Bar - 12mm,Rathi,12mm,kg / ton,Rs.47 - Rs.88,"Rathi Fe415 TMT Bar of size 12mm, IS 1786 compliant, used for RCC reinforcement.",https://placehold.co/400x300/8B8378/FFFFFF?text=Rathi+Fe415+TMT+Bar+-+12mm
MAT00308,Building & Structural,Steel & Reinforcement,Fe415 TMT Bar - 12mm,Shyam Steel,12mm,kg / ton,Rs.47 - Rs.88,"Shyam Steel Fe415 TMT Bar of size 12mm, IS 1786 compliant, used for RCC reinforcement.",https://placehold.co/400x300/8B8378/FFFFFF?text=Shyam+Steel+Fe415+TMT+Bar+-+12mm
MAT00309,Building & Structural,Steel & Reinforcement,Fe415 TMT Bar - 12mm,Electrosteel,12mm,kg / ton,Rs.47 - Rs.88,"Electrosteel Fe415 TMT Bar of size 12mm, IS 1786 compliant, used for RCC reinforcement.",https://placehold.co/400x300/8B8378/FFFFFF?text=Electrosteel+Fe415+TMT+Bar+-+12mm
MAT00310,Building & Structural,Steel & Reinforcement,Fe415 TMT Bar - 12mm,Sarthak TMT,12mm,kg / ton,Rs.47 - Rs.88,"Sarthak TMT Fe415 TMT Bar of size 12mm, IS 1786 compliant, used for RCC reinforcement.",https://placehold.co/400x300/8B8378/FFFFFF?text=Sarthak+TMT+Fe415+TMT+Bar+-+12mm
MAT00311,Building & Structural,Steel & Reinforcement,Fe415 TMT Bar - 16mm,TATA Tiscon,16mm,kg / ton,Rs.47 - Rs.88,"TATA Tiscon Fe415 TMT Bar of size 16mm, IS 1786 compliant, used for RCC reinforcement.",https://placehold.co/400x300/8B8378/FFFFFF?text=TATA+Tiscon+Fe415+TMT+Bar+-+16mm
MAT00312,Building & Structural,Steel & Reinforcement,Fe415 TMT Bar - 16mm,JSW Neosteel,16mm,kg / ton,Rs.47 - Rs.88,"JSW Neosteel Fe415 TMT Bar of size 16mm, IS 1786 compliant, used for RCC reinforcement.",https://placehold.co/400x300/8B8378/FFFFFF?text=JSW+Neosteel+Fe415+TMT+Bar+-+16mm
MAT00313,Building & Structural,Steel & Reinforcement,Fe415 TMT Bar - 16mm,SAIL,16mm,kg / ton,Rs.47 - Rs.88,"SAIL Fe415 TMT Bar of size 16mm, IS 1786 compliant, used for RCC reinforcement.",https://placehold.co/400x300/8B8378/FFFFFF?text=SAIL+Fe415+TMT+Bar+-+16mm
MAT00314,Building & Structural,Steel & Reinforcement,Fe415 TMT Bar - 16mm,Vizag Steel,16mm,kg / ton,Rs.47 - Rs.88,"Vizag Steel Fe415 TMT Bar of size 16mm, IS 1786 compliant, used for RCC reinforcement.",https://placehold.co/400x300/8B8378/FFFFFF?text=Vizag+Steel+Fe415+TMT+Bar+-+16mm
MAT00315,Building & Structural,Steel & Reinforcement,Fe415 TMT Bar - 16mm,Jindal Panther,16mm,kg / ton,Rs.47 - Rs.88,"Jindal Panther Fe415 TMT Bar of size 16mm, IS 1786 compliant, used for RCC reinforcement.",https://placehold.co/400x300/8B8378/FFFFFF?text=Jindal+Panther+Fe415+TMT+Bar+-+16mm
MAT00316,Building & Structural,Steel & Reinforcement,Fe415 TMT Bar - 16mm,Kamdhenu,16mm,kg / ton,Rs.47 - Rs.88,"Kamdhenu Fe415 TMT Bar of size 16mm, IS 1786 compliant, used for RCC reinforcement.",https://placehold.co/400x300/8B8378/FFFFFF?text=Kamdhenu+Fe415+TMT+Bar+-+16mm
MAT00317,Building & Structural,Steel & Reinforcement,Fe415 TMT Bar - 16mm,Rathi,16mm,kg / ton,Rs.47 - Rs.88,"Rathi Fe415 TMT Bar of size 16mm, IS 1786 compliant, used for RCC reinforcement.",https://placehold.co/400x300/8B8378/FFFFFF?text=Rathi+Fe415+TMT+Bar+-+16mm
MAT00318,Building & Structural,Steel & Reinforcement,Fe415 TMT Bar - 16mm,Shyam Steel,16mm,kg / ton,Rs.47 - Rs.88,"Shyam Steel Fe415 TMT Bar of size 16mm, IS 1786 compliant, used for RCC reinforcement.",https://placehold.co/400x300/8B8378/FFFFFF?text=Shyam+Steel+Fe415+TMT+Bar+-+16mm
MAT00319,Building & Structural,Steel & Reinforcement,Fe415 TMT Bar - 16mm,Electrosteel,16mm,kg / ton,Rs.47 - Rs.88,"Electrosteel Fe415 TMT Bar of size 16mm, IS 1786 compliant, used for RCC reinforcement.",https://placehold.co/400x300/8B8378/FFFFFF?text=Electrosteel+Fe415+TMT+Bar+-+16mm
MAT00320,Building & Structural,Steel & Reinforcement,Fe415 TMT Bar - 16mm,Sarthak TMT,16mm,kg / ton,Rs.47 - Rs.88,"Sarthak TMT Fe415 TMT Bar of size 16mm, IS 1786 compliant, used for RCC reinforcement.",https://placehold.co/400x300/8B8378/FFFFFF?text=Sarthak+TMT+Fe415+TMT+Bar+-+16mm
MAT00321,Building & Structural,Steel & Reinforcement,Fe415 TMT Bar - 20mm,TATA Tiscon,20mm,kg / ton,Rs.47 - Rs.88,"TATA Tiscon Fe415 TMT Bar of size 20mm, IS 1786 compliant, used for RCC reinforcement.",https://placehold.co/400x300/8B8378/FFFFFF?text=TATA+Tiscon+Fe415+TMT+Bar+-+20mm
MAT00322,Building & Structural,Steel & Reinforcement,Fe415 TMT Bar - 20mm,JSW Neosteel,20mm,kg / ton,Rs.47 - Rs.88,"JSW Neosteel Fe415 TMT Bar of size 20mm, IS 1786 compliant, used for RCC reinforcement.",https://placehold.co/400x300/8B8378/FFFFFF?text=JSW+Neosteel+Fe415+TMT+Bar+-+20mm
MAT00323,Building & Structural,Steel & Reinforcement,Fe415 TMT Bar - 20mm,SAIL,20mm,kg / ton,Rs.47 - Rs.88,"SAIL Fe415 TMT Bar of size 20mm, IS 1786 compliant, used for RCC reinforcement.",https://placehold.co/400x300/8B8378/FFFFFF?text=SAIL+Fe415+TMT+Bar+-+20mm
MAT00324,Building & Structural,Steel & Reinforcement,Fe415 TMT Bar - 20mm,Vizag Steel,20mm,kg / ton,Rs.47 - Rs.88,"Vizag Steel Fe415 TMT Bar of size 20mm, IS 1786 compliant, used for RCC reinforcement.",https://placehold.co/400x300/8B8378/FFFFFF?text=Vizag+Steel+Fe415+TMT+Bar+-+20mm
MAT00325,Building & Structural,Steel & Reinforcement,Fe415 TMT Bar - 20mm,Jindal Panther,20mm,kg / ton,Rs.47 - Rs.88,"Jindal Panther Fe415 TMT Bar of size 20mm, IS 1786 compliant, used for RCC reinforcement.",https://placehold.co/400x300/8B8378/FFFFFF?text=Jindal+Panther+Fe415+TMT+Bar+-+20mm
MAT00326,Building & Structural,Steel & Reinforcement,Fe415 TMT Bar - 20mm,Kamdhenu,20mm,kg / ton,Rs.47 - Rs.88,"Kamdhenu Fe415 TMT Bar of size 20mm, IS 1786 compliant, used for RCC reinforcement.",https://placehold.co/400x300/8B8378/FFFFFF?text=Kamdhenu+Fe415+TMT+Bar+-+20mm
MAT00327,Building & Structural,Steel & Reinforcement,Fe415 TMT Bar - 20mm,Rathi,20mm,kg / ton,Rs.47 - Rs.88,"Rathi Fe415 TMT Bar of size 20mm, IS 1786 compliant, used for RCC reinforcement.",https://placehold.co/400x300/8B8378/FFFFFF?text=Rathi+Fe415+TMT+Bar+-+20mm
MAT00328,Building & Structural,Steel & Reinforcement,Fe415 TMT Bar - 20mm,Shyam Steel,20mm,kg / ton,Rs.47 - Rs.88,"Shyam Steel Fe415 TMT Bar of size 20mm, IS 1786 compliant, used for RCC reinforcement.",https://placehold.co/400x300/8B8378/FFFFFF?text=Shyam+Steel+Fe415+TMT+Bar+-+20mm
MAT00329,Building & Structural,Steel & Reinforcement,Fe415 TMT Bar - 20mm,Electrosteel,20mm,kg / ton,Rs.47 - Rs.88,"Electrosteel Fe415 TMT Bar of size 20mm, IS 1786 compliant, used for RCC reinforcement.",https://placehold.co/400x300/8B8378/FFFFFF?text=Electrosteel+Fe415+TMT+Bar+-+20mm
MAT00330,Building & Structural,Steel & Reinforcement,Fe415 TMT Bar - 20mm,Sarthak TMT,20mm,kg / ton,Rs.47 - Rs.88,"Sarthak TMT Fe415 TMT Bar of size 20mm, IS 1786 compliant, used for RCC reinforcement.",https://placehold.co/400x300/8B8378/FFFFFF?text=Sarthak+TMT+Fe415+TMT+Bar+-+20mm
MAT00331,Building & Structural,Steel & Reinforcement,Fe415 TMT Bar - 25mm,TATA Tiscon,25mm,kg / ton,Rs.47 - Rs.88,"TATA Tiscon Fe415 TMT Bar of size 25mm, IS 1786 compliant, used for RCC reinforcement.",https://placehold.co/400x300/8B8378/FFFFFF?text=TATA+Tiscon+Fe415+TMT+Bar+-+25mm
MAT00332,Building & Structural,Steel & Reinforcement,Fe415 TMT Bar - 25mm,JSW Neosteel,25mm,kg / ton,Rs.47 - Rs.88,"JSW Neosteel Fe415 TMT Bar of size 25mm, IS 1786 compliant, used for RCC reinforcement.",https://placehold.co/400x300/8B8378/FFFFFF?text=JSW+Neosteel+Fe415+TMT+Bar+-+25mm
MAT00333,Building & Structural,Steel & Reinforcement,Fe415 TMT Bar - 25mm,SAIL,25mm,kg / ton,Rs.47 - Rs.88,"SAIL Fe415 TMT Bar of size 25mm, IS 1786 compliant, used for RCC reinforcement.",https://placehold.co/400x300/8B8378/FFFFFF?text=SAIL+Fe415+TMT+Bar+-+25mm
MAT00334,Building & Structural,Steel & Reinforcement,Fe415 TMT Bar - 25mm,Vizag Steel,25mm,kg / ton,Rs.47 - Rs.88,"Vizag Steel Fe415 TMT Bar of size 25mm, IS 1786 compliant, used for RCC reinforcement.",https://placehold.co/400x300/8B8378/FFFFFF?text=Vizag+Steel+Fe415+TMT+Bar+-+25mm
MAT00335,Building & Structural,Steel & Reinforcement,Fe415 TMT Bar - 25mm,Jindal Panther,25mm,kg / ton,Rs.47 - Rs.88,"Jindal Panther Fe415 TMT Bar of size 25mm, IS 1786 compliant, used for RCC reinforcement.",https://placehold.co/400x300/8B8378/FFFFFF?text=Jindal+Panther+Fe415+TMT+Bar+-+25mm
MAT00336,Building & Structural,Steel & Reinforcement,Fe415 TMT Bar - 25mm,Kamdhenu,25mm,kg / ton,Rs.47 - Rs.88,"Kamdhenu Fe415 TMT Bar of size 25mm, IS 1786 compliant, used for RCC reinforcement.",https://placehold.co/400x300/8B8378/FFFFFF?text=Kamdhenu+Fe415+TMT+Bar+-+25mm
MAT00337,Building & Structural,Steel & Reinforcement,Fe415 TMT Bar - 25mm,Rathi,25mm,kg / ton,Rs.47 - Rs.88,"Rathi Fe415 TMT Bar of size 25mm, IS 1786 compliant, used for RCC reinforcement.",https://placehold.co/400x300/8B8378/FFFFFF?text=Rathi+Fe415+TMT+Bar+-+25mm
MAT00338,Building & Structural,Steel & Reinforcement,Fe415 TMT Bar - 25mm,Shyam Steel,25mm,kg / ton,Rs.47 - Rs.88,"Shyam Steel Fe415 TMT Bar of size 25mm, IS 1786 compliant, used for RCC reinforcement.",https://placehold.co/400x300/8B8378/FFFFFF?text=Shyam+Steel+Fe415+TMT+Bar+-+25mm
MAT00339,Building & Structural,Steel & Reinforcement,Fe415 TMT Bar - 25mm,Electrosteel,25mm,kg / ton,Rs.47 - Rs.88,"Electrosteel Fe415 TMT Bar of size 25mm, IS 1786 compliant, used for RCC reinforcement.",https://placehold.co/400x300/8B8378/FFFFFF?text=Electrosteel+Fe415+TMT+Bar+-+25mm
MAT00340,Building & Structural,Steel & Reinforcement,Fe415 TMT Bar - 25mm,Sarthak TMT,25mm,kg / ton,Rs.47 - Rs.88,"Sarthak TMT Fe415 TMT Bar of size 25mm, IS 1786 compliant, used for RCC reinforcement.",https://placehold.co/400x300/8B8378/FFFFFF?text=Sarthak+TMT+Fe415+TMT+Bar+-+25mm
MAT00341,Building & Structural,Steel & Reinforcement,Fe415 TMT Bar - 32mm,TATA Tiscon,32mm,kg / ton,Rs.47 - Rs.88,"TATA Tiscon Fe415 TMT Bar of size 32mm, IS 1786 compliant, used for RCC reinforcement.",https://placehold.co/400x300/8B8378/FFFFFF?text=TATA+Tiscon+Fe415+TMT+Bar+-+32mm
MAT00342,Building & Structural,Steel & Reinforcement,Fe415 TMT Bar - 32mm,JSW Neosteel,32mm,kg / ton,Rs.47 - Rs.88,"JSW Neosteel Fe415 TMT Bar of size 32mm, IS 1786 compliant, used for RCC reinforcement.",https://placehold.co/400x300/8B8378/FFFFFF?text=JSW+Neosteel+Fe415+TMT+Bar+-+32mm
MAT00343,Building & Structural,Steel & Reinforcement,Fe415 TMT Bar - 32mm,SAIL,32mm,kg / ton,Rs.47 - Rs.88,"SAIL Fe415 TMT Bar of size 32mm, IS 1786 compliant, used for RCC reinforcement.",https://placehold.co/400x300/8B8378/FFFFFF?text=SAIL+Fe415+TMT+Bar+-+32mm
MAT00344,Building & Structural,Steel & Reinforcement,Fe415 TMT Bar - 32mm,Vizag Steel,32mm,kg / ton,Rs.47 - Rs.88,"Vizag Steel Fe415 TMT Bar of size 32mm, IS 1786 compliant, used for RCC reinforcement.",https://placehold.co/400x300/8B8378/FFFFFF?text=Vizag+Steel+Fe415+TMT+Bar+-+32mm
MAT00345,Building & Structural,Steel & Reinforcement,Fe415 TMT Bar - 32mm,Jindal Panther,32mm,kg / ton,Rs.47 - Rs.88,"Jindal Panther Fe415 TMT Bar of size 32mm, IS 1786 compliant, used for RCC reinforcement.",https://placehold.co/400x300/8B8378/FFFFFF?text=Jindal+Panther+Fe415+TMT+Bar+-+32mm
MAT00346,Building & Structural,Steel & Reinforcement,Fe415 TMT Bar - 32mm,Kamdhenu,32mm,kg / ton,Rs.47 - Rs.88,"Kamdhenu Fe415 TMT Bar of size 32mm, IS 1786 compliant, used for RCC reinforcement.",https://placehold.co/400x300/8B8378/FFFFFF?text=Kamdhenu+Fe415+TMT+Bar+-+32mm
MAT00347,Building & Structural,Steel & Reinforcement,Fe415 TMT Bar - 32mm,Rathi,32mm,kg / ton,Rs.47 - Rs.88,"Rathi Fe415 TMT Bar of size 32mm, IS 1786 compliant, used for RCC reinforcement.",https://placehold.co/400x300/8B8378/FFFFFF?text=Rathi+Fe415+TMT+Bar+-+32mm
MAT00348,Building & Structural,Steel & Reinforcement,Fe415 TMT Bar - 32mm,Shyam Steel,32mm,kg / ton,Rs.47 - Rs.88,"Shyam Steel Fe415 TMT Bar of size 32mm, IS 1786 compliant, used for RCC reinforcement.",https://placehold.co/400x300/8B8378/FFFFFF?text=Shyam+Steel+Fe415+TMT+Bar+-+32mm
MAT00349,Building & Structural,Steel & Reinforcement,Fe415 TMT Bar - 32mm,Electrosteel,32mm,kg / ton,Rs.47 - Rs.88,"Electrosteel Fe415 TMT Bar of size 32mm, IS 1786 compliant, used for RCC reinforcement.",https://placehold.co/400x300/8B8378/FFFFFF?text=Electrosteel+Fe415+TMT+Bar+-+32mm
MAT00350,Building & Structural,Steel & Reinforcement,Fe415 TMT Bar - 32mm,Sarthak TMT,32mm,kg / ton,Rs.47 - Rs.88,"Sarthak TMT Fe415 TMT Bar of size 32mm, IS 1786 compliant, used for RCC reinforcement.",https://placehold.co/400x300/8B8378/FFFFFF?text=Sarthak+TMT+Fe415+TMT+Bar+-+32mm
MAT00351,Building & Structural,Steel & Reinforcement,Fe500 TMT Bar - 6mm,TATA Tiscon,6mm,kg / ton,Rs.47 - Rs.88,"TATA Tiscon Fe500 TMT Bar of size 6mm, IS 1786 compliant, used for RCC reinforcement.",https://placehold.co/400x300/8B8378/FFFFFF?text=TATA+Tiscon+Fe500+TMT+Bar+-+6mm
MAT00352,Building & Structural,Steel & Reinforcement,Fe500 TMT Bar - 6mm,JSW Neosteel,6mm,kg / ton,Rs.47 - Rs.88,"JSW Neosteel Fe500 TMT Bar of size 6mm, IS 1786 compliant, used for RCC reinforcement.",https://placehold.co/400x300/8B8378/FFFFFF?text=JSW+Neosteel+Fe500+TMT+Bar+-+6mm
MAT00353,Building & Structural,Steel & Reinforcement,Fe500 TMT Bar - 6mm,SAIL,6mm,kg / ton,Rs.47 - Rs.88,"SAIL Fe500 TMT Bar of size 6mm, IS 1786 compliant, used for RCC reinforcement.",https://placehold.co/400x300/8B8378/FFFFFF?text=SAIL+Fe500+TMT+Bar+-+6mm
MAT00354,Building & Structural,Steel & Reinforcement,Fe500 TMT Bar - 6mm,Vizag Steel,6mm,kg / ton,Rs.47 - Rs.88,"Vizag Steel Fe500 TMT Bar of size 6mm, IS 1786 compliant, used for RCC reinforcement.",https://placehold.co/400x300/8B8378/FFFFFF?text=Vizag+Steel+Fe500+TMT+Bar+-+6mm
MAT00355,Building & Structural,Steel & Reinforcement,Fe500 TMT Bar - 6mm,Jindal Panther,6mm,kg / ton,Rs.47 - Rs.88,"Jindal Panther Fe500 TMT Bar of size 6mm, IS 1786 compliant, used for RCC reinforcement.",https://placehold.co/400x300/8B8378/FFFFFF?text=Jindal+Panther+Fe500+TMT+Bar+-+6mm
MAT00356,Building & Structural,Steel & Reinforcement,Fe500 TMT Bar - 6mm,Kamdhenu,6mm,kg / ton,Rs.47 - Rs.88,"Kamdhenu Fe500 TMT Bar of size 6mm, IS 1786 compliant, used for RCC reinforcement.",https://placehold.co/400x300/8B8378/FFFFFF?text=Kamdhenu+Fe500+TMT+Bar+-+6mm
MAT00357,Building & Structural,Steel & Reinforcement,Fe500 TMT Bar - 6mm,Rathi,6mm,kg / ton,Rs.47 - Rs.88,"Rathi Fe500 TMT Bar of size 6mm, IS 1786 compliant, used for RCC reinforcement.",https://placehold.co/400x300/8B8378/FFFFFF?text=Rathi+Fe500+TMT+Bar+-+6mm
MAT00358,Building & Structural,Steel & Reinforcement,Fe500 TMT Bar - 6mm,Shyam Steel,6mm,kg / ton,Rs.47 - Rs.88,"Shyam Steel Fe500 TMT Bar of size 6mm, IS 1786 compliant, used for RCC reinforcement.",https://placehold.co/400x300/8B8378/FFFFFF?text=Shyam+Steel+Fe500+TMT+Bar+-+6mm
MAT00359,Building & Structural,Steel & Reinforcement,Fe500 TMT Bar - 6mm,Electrosteel,6mm,kg / ton,Rs.47 - Rs.88,"Electrosteel Fe500 TMT Bar of size 6mm, IS 1786 compliant, used for RCC reinforcement.",https://placehold.co/400x300/8B8378/FFFFFF?text=Electrosteel+Fe500+TMT+Bar+-+6mm
MAT00360,Building & Structural,Steel & Reinforcement,Fe500 TMT Bar - 6mm,Sarthak TMT,6mm,kg / ton,Rs.47 - Rs.88,"Sarthak TMT Fe500 TMT Bar of size 6mm, IS 1786 compliant, used for RCC reinforcement.",https://placehold.co/400x300/8B8378/FFFFFF?text=Sarthak+TMT+Fe500+TMT+Bar+-+6mm
MAT00361,Building & Structural,Timber & Wood Products,Teak Wood Sheet/Board,Century Ply,6mm thick,sq.ft,Rs.62 - Rs.117,"Century Ply Teak Wood, 6mm thick, used for furniture, doors, and interior carpentry.",https://placehold.co/400x300/8B8378/FFFFFF?text=Century+Ply+Teak+Wood+Sheet%2FBoard
MAT00362,Building & Structural,Timber & Wood Products,Teak Wood Sheet/Board,Greenply,6mm thick,sq.ft,Rs.62 - Rs.117,"Greenply Teak Wood, 6mm thick, used for furniture, doors, and interior carpentry.",https://placehold.co/400x300/8B8378/FFFFFF?text=Greenply+Teak+Wood+Sheet%2FBoard
MAT00363,Building & Structural,Timber & Wood Products,Teak Wood Sheet/Board,Kitply,6mm thick,sq.ft,Rs.62 - Rs.117,"Kitply Teak Wood, 6mm thick, used for furniture, doors, and interior carpentry.",https://placehold.co/400x300/8B8378/FFFFFF?text=Kitply+Teak+Wood+Sheet%2FBoard
MAT00364,Building & Structural,Timber & Wood Products,Teak Wood Sheet/Board,Archidply,6mm thick,sq.ft,Rs.62 - Rs.117,"Archidply Teak Wood, 6mm thick, used for furniture, doors, and interior carpentry.",https://placehold.co/400x300/8B8378/FFFFFF?text=Archidply+Teak+Wood+Sheet%2FBoard
MAT00365,Building & Structural,Timber & Wood Products,Teak Wood Sheet/Board,Sarda Plywood,6mm thick,sq.ft,Rs.62 - Rs.117,"Sarda Plywood Teak Wood, 6mm thick, used for furniture, doors, and interior carpentry.",https://placehold.co/400x300/8B8378/FFFFFF?text=Sarda+Plywood+Teak+Wood+Sheet%2FBoard
MAT00366,Building & Structural,Timber & Wood Products,Teak Wood Sheet/Board,National Ply,6mm thick,sq.ft,Rs.62 - Rs.117,"National Ply Teak Wood, 6mm thick, used for furniture, doors, and interior carpentry.",https://placehold.co/400x300/8B8378/FFFFFF?text=National+Ply+Teak+Wood+Sheet%2FBoard
MAT00367,Building & Structural,Timber & Wood Products,Teak Wood Sheet/Board,Anchor Ply,6mm thick,sq.ft,Rs.62 - Rs.117,"Anchor Ply Teak Wood, 6mm thick, used for furniture, doors, and interior carpentry.",https://placehold.co/400x300/8B8378/FFFFFF?text=Anchor+Ply+Teak+Wood+Sheet%2FBoard
MAT00368,Building & Structural,Timber & Wood Products,Teak Wood Sheet/Board,Duro Ply,6mm thick,sq.ft,Rs.62 - Rs.117,"Duro Ply Teak Wood, 6mm thick, used for furniture, doors, and interior carpentry.",https://placehold.co/400x300/8B8378/FFFFFF?text=Duro+Ply+Teak+Wood+Sheet%2FBoard
MAT00369,Building & Structural,Timber & Wood Products,Teak Wood Sheet/Board,Century Ply,9mm thick,sq.ft,Rs.62 - Rs.117,"Century Ply Teak Wood, 9mm thick, used for furniture, doors, and interior carpentry.",https://placehold.co/400x300/8B8378/FFFFFF?text=Century+Ply+Teak+Wood+Sheet%2FBoard
MAT00370,Building & Structural,Timber & Wood Products,Teak Wood Sheet/Board,Greenply,9mm thick,sq.ft,Rs.62 - Rs.117,"Greenply Teak Wood, 9mm thick, used for furniture, doors, and interior carpentry.",https://placehold.co/400x300/8B8378/FFFFFF?text=Greenply+Teak+Wood+Sheet%2FBoard
MAT00371,Building & Structural,Timber & Wood Products,Teak Wood Sheet/Board,Kitply,9mm thick,sq.ft,Rs.62 - Rs.117,"Kitply Teak Wood, 9mm thick, used for furniture, doors, and interior carpentry.",https://placehold.co/400x300/8B8378/FFFFFF?text=Kitply+Teak+Wood+Sheet%2FBoard
MAT00372,Building & Structural,Timber & Wood Products,Teak Wood Sheet/Board,Archidply,9mm thick,sq.ft,Rs.62 - Rs.117,"Archidply Teak Wood, 9mm thick, used for furniture, doors, and interior carpentry.",https://placehold.co/400x300/8B8378/FFFFFF?text=Archidply+Teak+Wood+Sheet%2FBoard
MAT00373,Building & Structural,Timber & Wood Products,Teak Wood Sheet/Board,Sarda Plywood,9mm thick,sq.ft,Rs.62 - Rs.117,"Sarda Plywood Teak Wood, 9mm thick, used for furniture, doors, and interior carpentry.",https://placehold.co/400x300/8B8378/FFFFFF?text=Sarda+Plywood+Teak+Wood+Sheet%2FBoard
MAT00374,Building & Structural,Timber & Wood Products,Teak Wood Sheet/Board,National Ply,9mm thick,sq.ft,Rs.62 - Rs.117,"National Ply Teak Wood, 9mm thick, used for furniture, doors, and interior carpentry.",https://placehold.co/400x300/8B8378/FFFFFF?text=National+Ply+Teak+Wood+Sheet%2FBoard
MAT00375,Building & Structural,Timber & Wood Products,Teak Wood Sheet/Board,Anchor Ply,9mm thick,sq.ft,Rs.62 - Rs.117,"Anchor Ply Teak Wood, 9mm thick, used for furniture, doors, and interior carpentry.",https://placehold.co/400x300/8B8378/FFFFFF?text=Anchor+Ply+Teak+Wood+Sheet%2FBoard
MAT00376,Building & Structural,Timber & Wood Products,Teak Wood Sheet/Board,Duro Ply,9mm thick,sq.ft,Rs.62 - Rs.117,"Duro Ply Teak Wood, 9mm thick, used for furniture, doors, and interior carpentry.",https://placehold.co/400x300/8B8378/FFFFFF?text=Duro+Ply+Teak+Wood+Sheet%2FBoard
MAT00377,Building & Structural,Timber & Wood Products,Teak Wood Sheet/Board,Century Ply,12mm thick,sq.ft,Rs.62 - Rs.117,"Century Ply Teak Wood, 12mm thick, used for furniture, doors, and interior carpentry.",https://placehold.co/400x300/8B8378/FFFFFF?text=Century+Ply+Teak+Wood+Sheet%2FBoard
MAT00378,Building & Structural,Timber & Wood Products,Teak Wood Sheet/Board,Greenply,12mm thick,sq.ft,Rs.62 - Rs.117,"Greenply Teak Wood, 12mm thick, used for furniture, doors, and interior carpentry.",https://placehold.co/400x300/8B8378/FFFFFF?text=Greenply+Teak+Wood+Sheet%2FBoard
MAT00379,Building & Structural,Timber & Wood Products,Teak Wood Sheet/Board,Kitply,12mm thick,sq.ft,Rs.62 - Rs.117,"Kitply Teak Wood, 12mm thick, used for furniture, doors, and interior carpentry.",https://placehold.co/400x300/8B8378/FFFFFF?text=Kitply+Teak+Wood+Sheet%2FBoard
MAT00380,Building & Structural,Timber & Wood Products,Teak Wood Sheet/Board,Archidply,12mm thick,sq.ft,Rs.62 - Rs.117,"Archidply Teak Wood, 12mm thick, used for furniture, doors, and interior carpentry.",https://placehold.co/400x300/8B8378/FFFFFF?text=Archidply+Teak+Wood+Sheet%2FBoard
MAT00381,Building & Structural,Timber & Wood Products,Teak Wood Sheet/Board,Sarda Plywood,12mm thick,sq.ft,Rs.62 - Rs.117,"Sarda Plywood Teak Wood, 12mm thick, used for furniture, doors, and interior carpentry.",https://placehold.co/400x300/8B8378/FFFFFF?text=Sarda+Plywood+Teak+Wood+Sheet%2FBoard
MAT00382,Building & Structural,Timber & Wood Products,Teak Wood Sheet/Board,National Ply,12mm thick,sq.ft,Rs.62 - Rs.117,"National Ply Teak Wood, 12mm thick, used for furniture, doors, and interior carpentry.",https://placehold.co/400x300/8B8378/FFFFFF?text=National+Ply+Teak+Wood+Sheet%2FBoard
MAT00383,Building & Structural,Timber & Wood Products,Teak Wood Sheet/Board,Anchor Ply,12mm thick,sq.ft,Rs.62 - Rs.117,"Anchor Ply Teak Wood, 12mm thick, used for furniture, doors, and interior carpentry.",https://placehold.co/400x300/8B8378/FFFFFF?text=Anchor+Ply+Teak+Wood+Sheet%2FBoard
MAT00384,Building & Structural,Timber & Wood Products,Teak Wood Sheet/Board,Duro Ply,12mm thick,sq.ft,Rs.62 - Rs.117,"Duro Ply Teak Wood, 12mm thick, used for furniture, doors, and interior carpentry.",https://placehold.co/400x300/8B8378/FFFFFF?text=Duro+Ply+Teak+Wood+Sheet%2FBoard
MAT00385,Building & Structural,Timber & Wood Products,Teak Wood Sheet/Board,Century Ply,16mm thick,sq.ft,Rs.62 - Rs.117,"Century Ply Teak Wood, 16mm thick, used for furniture, doors, and interior carpentry.",https://placehold.co/400x300/8B8378/FFFFFF?text=Century+Ply+Teak+Wood+Sheet%2FBoard
MAT00386,Building & Structural,Timber & Wood Products,Teak Wood Sheet/Board,Greenply,16mm thick,sq.ft,Rs.62 - Rs.117,"Greenply Teak Wood, 16mm thick, used for furniture, doors, and interior carpentry.",https://placehold.co/400x300/8B8378/FFFFFF?text=Greenply+Teak+Wood+Sheet%2FBoard
MAT00387,Building & Structural,Timber & Wood Products,Teak Wood Sheet/Board,Kitply,16mm thick,sq.ft,Rs.62 - Rs.117,"Kitply Teak Wood, 16mm thick, used for furniture, doors, and interior carpentry.",https://placehold.co/400x300/8B8378/FFFFFF?text=Kitply+Teak+Wood+Sheet%2FBoard
MAT00388,Building & Structural,Timber & Wood Products,Teak Wood Sheet/Board,Archidply,16mm thick,sq.ft,Rs.62 - Rs.117,"Archidply Teak Wood, 16mm thick, used for furniture, doors, and interior carpentry.",https://placehold.co/400x300/8B8378/FFFFFF?text=Archidply+Teak+Wood+Sheet%2FBoard
MAT00389,Building & Structural,Timber & Wood Products,Teak Wood Sheet/Board,Sarda Plywood,16mm thick,sq.ft,Rs.62 - Rs.117,"Sarda Plywood Teak Wood, 16mm thick, used for furniture, doors, and interior carpentry.",https://placehold.co/400x300/8B8378/FFFFFF?text=Sarda+Plywood+Teak+Wood+Sheet%2FBoard
MAT00390,Building & Structural,Timber & Wood Products,Teak Wood Sheet/Board,National Ply,16mm thick,sq.ft,Rs.62 - Rs.117,"National Ply Teak Wood, 16mm thick, used for furniture, doors, and interior carpentry.",https://placehold.co/400x300/8B8378/FFFFFF?text=National+Ply+Teak+Wood+Sheet%2FBoard
MAT00391,Building & Structural,Timber & Wood Products,Teak Wood Sheet/Board,Anchor Ply,16mm thick,sq.ft,Rs.62 - Rs.117,"Anchor Ply Teak Wood, 16mm thick, used for furniture, doors, and interior carpentry.",https://placehold.co/400x300/8B8378/FFFFFF?text=Anchor+Ply+Teak+Wood+Sheet%2FBoard
MAT00392,Building & Structural,Timber & Wood Products,Teak Wood Sheet/Board,Duro Ply,16mm thick,sq.ft,Rs.62 - Rs.117,"Duro Ply Teak Wood, 16mm thick, used for furniture, doors, and interior carpentry.",https://placehold.co/400x300/8B8378/FFFFFF?text=Duro+Ply+Teak+Wood+Sheet%2FBoard
MAT00393,Building & Structural,Timber & Wood Products,Teak Wood Sheet/Board,Century Ply,18mm thick,sq.ft,Rs.62 - Rs.117,"Century Ply Teak Wood, 18mm thick, used for furniture, doors, and interior carpentry.",https://placehold.co/400x300/8B8378/FFFFFF?text=Century+Ply+Teak+Wood+Sheet%2FBoard
MAT00394,Building & Structural,Timber & Wood Products,Teak Wood Sheet/Board,Greenply,18mm thick,sq.ft,Rs.62 - Rs.117,"Greenply Teak Wood, 18mm thick, used for furniture, doors, and interior carpentry.",https://placehold.co/400x300/8B8378/FFFFFF?text=Greenply+Teak+Wood+Sheet%2FBoard
MAT00395,Building & Structural,Timber & Wood Products,Teak Wood Sheet/Board,Kitply,18mm thick,sq.ft,Rs.62 - Rs.117,"Kitply Teak Wood, 18mm thick, used for furniture, doors, and interior carpentry.",https://placehold.co/400x300/8B8378/FFFFFF?text=Kitply+Teak+Wood+Sheet%2FBoard
MAT00396,Building & Structural,Timber & Wood Products,Teak Wood Sheet/Board,Archidply,18mm thick,sq.ft,Rs.62 - Rs.117,"Archidply Teak Wood, 18mm thick, used for furniture, doors, and interior carpentry.",https://placehold.co/400x300/8B8378/FFFFFF?text=Archidply+Teak+Wood+Sheet%2FBoard
MAT00397,Building & Structural,Timber & Wood Products,Teak Wood Sheet/Board,Sarda Plywood,18mm thick,sq.ft,Rs.62 - Rs.117,"Sarda Plywood Teak Wood, 18mm thick, used for furniture, doors, and interior carpentry.",https://placehold.co/400x300/8B8378/FFFFFF?text=Sarda+Plywood+Teak+Wood+Sheet%2FBoard
MAT00398,Building & Structural,Timber & Wood Products,Teak Wood Sheet/Board,National Ply,18mm thick,sq.ft,Rs.62 - Rs.117,"National Ply Teak Wood, 18mm thick, used for furniture, doors, and interior carpentry.",https://placehold.co/400x300/8B8378/FFFFFF?text=National+Ply+Teak+Wood+Sheet%2FBoard
MAT00399,Building & Structural,Timber & Wood Products,Teak Wood Sheet/Board,Anchor Ply,18mm thick,sq.ft,Rs.62 - Rs.117,"Anchor Ply Teak Wood, 18mm thick, used for furniture, doors, and interior carpentry.",https://placehold.co/400x300/8B8378/FFFFFF?text=Anchor+Ply+Teak+Wood+Sheet%2FBoard
MAT00400,Building & Structural,Timber & Wood Products,Teak Wood Sheet/Board,Duro Ply,18mm thick,sq.ft,Rs.62 - Rs.117,"Duro Ply Teak Wood, 18mm thick, used for furniture, doors, and interior carpentry.",https://placehold.co/400x300/8B8378/FFFFFF?text=Duro+Ply+Teak+Wood+Sheet%2FBoard
MAT00401,Building & Structural,Timber & Wood Products,Teak Wood Sheet/Board,Century Ply,19mm thick,sq.ft,Rs.62 - Rs.117,"Century Ply Teak Wood, 19mm thick, used for furniture, doors, and interior carpentry.",https://placehold.co/400x300/8B8378/FFFFFF?text=Century+Ply+Teak+Wood+Sheet%2FBoard
MAT00402,Building & Structural,Timber & Wood Products,Teak Wood Sheet/Board,Greenply,19mm thick,sq.ft,Rs.62 - Rs.117,"Greenply Teak Wood, 19mm thick, used for furniture, doors, and interior carpentry.",https://placehold.co/400x300/8B8378/FFFFFF?text=Greenply+Teak+Wood+Sheet%2FBoard
MAT00403,Building & Structural,Timber & Wood Products,Teak Wood Sheet/Board,Kitply,19mm thick,sq.ft,Rs.62 - Rs.117,"Kitply Teak Wood, 19mm thick, used for furniture, doors, and interior carpentry.",https://placehold.co/400x300/8B8378/FFFFFF?text=Kitply+Teak+Wood+Sheet%2FBoard
MAT00404,Building & Structural,Timber & Wood Products,Teak Wood Sheet/Board,Archidply,19mm thick,sq.ft,Rs.62 - Rs.117,"Archidply Teak Wood, 19mm thick, used for furniture, doors, and interior carpentry.",https://placehold.co/400x300/8B8378/FFFFFF?text=Archidply+Teak+Wood+Sheet%2FBoard
MAT00405,Building & Structural,Timber & Wood Products,Teak Wood Sheet/Board,Sarda Plywood,19mm thick,sq.ft,Rs.62 - Rs.117,"Sarda Plywood Teak Wood, 19mm thick, used for furniture, doors, and interior carpentry.",https://placehold.co/400x300/8B8378/FFFFFF?text=Sarda+Plywood+Teak+Wood+Sheet%2FBoard
MAT00406,Building & Structural,Timber & Wood Products,Teak Wood Sheet/Board,National Ply,19mm thick,sq.ft,Rs.62 - Rs.117,"National Ply Teak Wood, 19mm thick, used for furniture, doors, and interior carpentry.",https://placehold.co/400x300/8B8378/FFFFFF?text=National+Ply+Teak+Wood+Sheet%2FBoard
MAT00407,Building & Structural,Timber & Wood Products,Teak Wood Sheet/Board,Anchor Ply,19mm thick,sq.ft,Rs.62 - Rs.117,"Anchor Ply Teak Wood, 19mm thick, used for furniture, doors, and interior carpentry.",https://placehold.co/400x300/8B8378/FFFFFF?text=Anchor+Ply+Teak+Wood+Sheet%2FBoard
MAT00408,Building & Structural,Timber & Wood Products,Teak Wood Sheet/Board,Duro Ply,19mm thick,sq.ft,Rs.62 - Rs.117,"Duro Ply Teak Wood, 19mm thick, used for furniture, doors, and interior carpentry.",https://placehold.co/400x300/8B8378/FFFFFF?text=Duro+Ply+Teak+Wood+Sheet%2FBoard
MAT00409,Building & Structural,Timber & Wood Products,Teak Wood Sheet/Board,Century Ply,25mm thick,sq.ft,Rs.62 - Rs.117,"Century Ply Teak Wood, 25mm thick, used for furniture, doors, and interior carpentry.",https://placehold.co/400x300/8B8378/FFFFFF?text=Century+Ply+Teak+Wood+Sheet%2FBoard
MAT00410,Building & Structural,Timber & Wood Products,Teak Wood Sheet/Board,Greenply,25mm thick,sq.ft,Rs.62 - Rs.117,"Greenply Teak Wood, 25mm thick, used for furniture, doors, and interior carpentry.",https://placehold.co/400x300/8B8378/FFFFFF?text=Greenply+Teak+Wood+Sheet%2FBoard
MAT00411,Building & Structural,Timber & Wood Products,Teak Wood Sheet/Board,Kitply,25mm thick,sq.ft,Rs.62 - Rs.117,"Kitply Teak Wood, 25mm thick, used for furniture, doors, and interior carpentry.",https://placehold.co/400x300/8B8378/FFFFFF?text=Kitply+Teak+Wood+Sheet%2FBoard
MAT00412,Building & Structural,Timber & Wood Products,Teak Wood Sheet/Board,Archidply,25mm thick,sq.ft,Rs.62 - Rs.117,"Archidply Teak Wood, 25mm thick, used for furniture, doors, and interior carpentry.",https://placehold.co/400x300/8B8378/FFFFFF?text=Archidply+Teak+Wood+Sheet%2FBoard
MAT00413,Building & Structural,Timber & Wood Products,Teak Wood Sheet/Board,Sarda Plywood,25mm thick,sq.ft,Rs.62 - Rs.117,"Sarda Plywood Teak Wood, 25mm thick, used for furniture, doors, and interior carpentry.",https://placehold.co/400x300/8B8378/FFFFFF?text=Sarda+Plywood+Teak+Wood+Sheet%2FBoard
MAT00414,Building & Structural,Timber & Wood Products,Teak Wood Sheet/Board,National Ply,25mm thick,sq.ft,Rs.62 - Rs.117,"National Ply Teak Wood, 25mm thick, used for furniture, doors, and interior carpentry.",https://placehold.co/400x300/8B8378/FFFFFF?text=National+Ply+Teak+Wood+Sheet%2FBoard
MAT00415,Building & Structural,Timber & Wood Products,Teak Wood Sheet/Board,Anchor Ply,25mm thick,sq.ft,Rs.62 - Rs.117,"Anchor Ply Teak Wood, 25mm thick, used for furniture, doors, and interior carpentry.",https://placehold.co/400x300/8B8378/FFFFFF?text=Anchor+Ply+Teak+Wood+Sheet%2FBoard
MAT00416,Building & Structural,Timber & Wood Products,Teak Wood Sheet/Board,Duro Ply,25mm thick,sq.ft,Rs.62 - Rs.117,"Duro Ply Teak Wood, 25mm thick, used for furniture, doors, and interior carpentry.",https://placehold.co/400x300/8B8378/FFFFFF?text=Duro+Ply+Teak+Wood+Sheet%2FBoard
MAT00417,Building & Structural,Timber & Wood Products,Sal Wood Sheet/Board,Century Ply,6mm thick,sq.ft,Rs.62 - Rs.117,"Century Ply Sal Wood, 6mm thick, used for furniture, doors, and interior carpentry.",https://placehold.co/400x300/8B8378/FFFFFF?text=Century+Ply+Sal+Wood+Sheet%2FBoard
MAT00418,Building & Structural,Timber & Wood Products,Sal Wood Sheet/Board,Greenply,6mm thick,sq.ft,Rs.62 - Rs.117,"Greenply Sal Wood, 6mm thick, used for furniture, doors, and interior carpentry.",https://placehold.co/400x300/8B8378/FFFFFF?text=Greenply+Sal+Wood+Sheet%2FBoard
MAT00419,Building & Structural,Timber & Wood Products,Sal Wood Sheet/Board,Kitply,6mm thick,sq.ft,Rs.62 - Rs.117,"Kitply Sal Wood, 6mm thick, used for furniture, doors, and interior carpentry.",https://placehold.co/400x300/8B8378/FFFFFF?text=Kitply+Sal+Wood+Sheet%2FBoard
MAT00420,Building & Structural,Timber & Wood Products,Sal Wood Sheet/Board,Archidply,6mm thick,sq.ft,Rs.62 - Rs.117,"Archidply Sal Wood, 6mm thick, used for furniture, doors, and interior carpentry.",https://placehold.co/400x300/8B8378/FFFFFF?text=Archidply+Sal+Wood+Sheet%2FBoard
MAT00421,Building & Structural,Timber & Wood Products,Sal Wood Sheet/Board,Sarda Plywood,6mm thick,sq.ft,Rs.62 - Rs.117,"Sarda Plywood Sal Wood, 6mm thick, used for furniture, doors, and interior carpentry.",https://placehold.co/400x300/8B8378/FFFFFF?text=Sarda+Plywood+Sal+Wood+Sheet%2FBoard
MAT00422,Building & Structural,Timber & Wood Products,Sal Wood Sheet/Board,National Ply,6mm thick,sq.ft,Rs.62 - Rs.117,"National Ply Sal Wood, 6mm thick, used for furniture, doors, and interior carpentry.",https://placehold.co/400x300/8B8378/FFFFFF?text=National+Ply+Sal+Wood+Sheet%2FBoard
MAT00423,Building & Structural,Timber & Wood Products,Sal Wood Sheet/Board,Anchor Ply,6mm thick,sq.ft,Rs.62 - Rs.117,"Anchor Ply Sal Wood, 6mm thick, used for furniture, doors, and interior carpentry.",https://placehold.co/400x300/8B8378/FFFFFF?text=Anchor+Ply+Sal+Wood+Sheet%2FBoard
MAT00424,Building & Structural,Timber & Wood Products,Sal Wood Sheet/Board,Duro Ply,6mm thick,sq.ft,Rs.62 - Rs.117,"Duro Ply Sal Wood, 6mm thick, used for furniture, doors, and interior carpentry.",https://placehold.co/400x300/8B8378/FFFFFF?text=Duro+Ply+Sal+Wood+Sheet%2FBoard
MAT00425,Building & Structural,Timber & Wood Products,Sal Wood Sheet/Board,Century Ply,9mm thick,sq.ft,Rs.62 - Rs.117,"Century Ply Sal Wood, 9mm thick, used for furniture, doors, and interior carpentry.",https://placehold.co/400x300/8B8378/FFFFFF?text=Century+Ply+Sal+Wood+Sheet%2FBoard
MAT00426,Building & Structural,Timber & Wood Products,Sal Wood Sheet/Board,Greenply,9mm thick,sq.ft,Rs.62 - Rs.117,"Greenply Sal Wood, 9mm thick, used for furniture, doors, and interior carpentry.",https://placehold.co/400x300/8B8378/FFFFFF?text=Greenply+Sal+Wood+Sheet%2FBoard
MAT00427,Building & Structural,Timber & Wood Products,Sal Wood Sheet/Board,Kitply,9mm thick,sq.ft,Rs.62 - Rs.117,"Kitply Sal Wood, 9mm thick, used for furniture, doors, and interior carpentry.",https://placehold.co/400x300/8B8378/FFFFFF?text=Kitply+Sal+Wood+Sheet%2FBoard
MAT00428,Building & Structural,Timber & Wood Products,Sal Wood Sheet/Board,Archidply,9mm thick,sq.ft,Rs.62 - Rs.117,"Archidply Sal Wood, 9mm thick, used for furniture, doors, and interior carpentry.",https://placehold.co/400x300/8B8378/FFFFFF?text=Archidply+Sal+Wood+Sheet%2FBoard
MAT00429,Building & Structural,Timber & Wood Products,Sal Wood Sheet/Board,Sarda Plywood,9mm thick,sq.ft,Rs.62 - Rs.117,"Sarda Plywood Sal Wood, 9mm thick, used for furniture, doors, and interior carpentry.",https://placehold.co/400x300/8B8378/FFFFFF?text=Sarda+Plywood+Sal+Wood+Sheet%2FBoard
MAT00430,Building & Structural,Timber & Wood Products,Sal Wood Sheet/Board,National Ply,9mm thick,sq.ft,Rs.62 - Rs.117,"National Ply Sal Wood, 9mm thick, used for furniture, doors, and interior carpentry.",https://placehold.co/400x300/8B8378/FFFFFF?text=National+Ply+Sal+Wood+Sheet%2FBoard
MAT00431,Building & Structural,Timber & Wood Products,Sal Wood Sheet/Board,Anchor Ply,9mm thick,sq.ft,Rs.62 - Rs.117,"Anchor Ply Sal Wood, 9mm thick, used for furniture, doors, and interior carpentry.",https://placehold.co/400x300/8B8378/FFFFFF?text=Anchor+Ply+Sal+Wood+Sheet%2FBoard
MAT00432,Building & Structural,Timber & Wood Products,Sal Wood Sheet/Board,Duro Ply,9mm thick,sq.ft,Rs.62 - Rs.117,"Duro Ply Sal Wood, 9mm thick, used for furniture, doors, and interior carpentry.",https://placehold.co/400x300/8B8378/FFFFFF?text=Duro+Ply+Sal+Wood+Sheet%2FBoard
MAT00433,Building & Structural,Timber & Wood Products,Sal Wood Sheet/Board,Century Ply,12mm thick,sq.ft,Rs.62 - Rs.117,"Century Ply Sal Wood, 12mm thick, used for furniture, doors, and interior carpentry.",https://placehold.co/400x300/8B8378/FFFFFF?text=Century+Ply+Sal+Wood+Sheet%2FBoard
MAT00434,Building & Structural,Timber & Wood Products,Sal Wood Sheet/Board,Greenply,12mm thick,sq.ft,Rs.62 - Rs.117,"Greenply Sal Wood, 12mm thick, used for furniture, doors, and interior carpentry.",https://placehold.co/400x300/8B8378/FFFFFF?text=Greenply+Sal+Wood+Sheet%2FBoard
MAT00435,Building & Structural,Timber & Wood Products,Sal Wood Sheet/Board,Kitply,12mm thick,sq.ft,Rs.62 - Rs.117,"Kitply Sal Wood, 12mm thick, used for furniture, doors, and interior carpentry.",https://placehold.co/400x300/8B8378/FFFFFF?text=Kitply+Sal+Wood+Sheet%2FBoard
MAT00436,Building & Structural,Timber & Wood Products,Sal Wood Sheet/Board,Archidply,12mm thick,sq.ft,Rs.62 - Rs.117,"Archidply Sal Wood, 12mm thick, used for furniture, doors, and interior carpentry.",https://placehold.co/400x300/8B8378/FFFFFF?text=Archidply+Sal+Wood+Sheet%2FBoard
MAT00437,Building & Structural,Timber & Wood Products,Sal Wood Sheet/Board,Sarda Plywood,12mm thick,sq.ft,Rs.62 - Rs.117,"Sarda Plywood Sal Wood, 12mm thick, used for furniture, doors, and interior carpentry.",https://placehold.co/400x300/8B8378/FFFFFF?text=Sarda+Plywood+Sal+Wood+Sheet%2FBoard
MAT00438,Building & Structural,Timber & Wood Products,Sal Wood Sheet/Board,National Ply,12mm thick,sq.ft,Rs.62 - Rs.117,"National Ply Sal Wood, 12mm thick, used for furniture, doors, and interior carpentry.",https://placehold.co/400x300/8B8378/FFFFFF?text=National+Ply+Sal+Wood+Sheet%2FBoard
MAT00439,Building & Structural,Timber & Wood Products,Sal Wood Sheet/Board,Anchor Ply,12mm thick,sq.ft,Rs.62 - Rs.117,"Anchor Ply Sal Wood, 12mm thick, used for furniture, doors, and interior carpentry.",https://placehold.co/400x300/8B8378/FFFFFF?text=Anchor+Ply+Sal+Wood+Sheet%2FBoard
MAT00440,Building & Structural,Timber & Wood Products,Sal Wood Sheet/Board,Duro Ply,12mm thick,sq.ft,Rs.62 - Rs.117,"Duro Ply Sal Wood, 12mm thick, used for furniture, doors, and interior carpentry.",https://placehold.co/400x300/8B8378/FFFFFF?text=Duro+Ply+Sal+Wood+Sheet%2FBoard
MAT00441,Building & Structural,Timber & Wood Products,Sal Wood Sheet/Board,Century Ply,16mm thick,sq.ft,Rs.62 - Rs.117,"Century Ply Sal Wood, 16mm thick, used for furniture, doors, and interior carpentry.",https://placehold.co/400x300/8B8378/FFFFFF?text=Century+Ply+Sal+Wood+Sheet%2FBoard
MAT00442,Building & Structural,Timber & Wood Products,Sal Wood Sheet/Board,Greenply,16mm thick,sq.ft,Rs.62 - Rs.117,"Greenply Sal Wood, 16mm thick, used for furniture, doors, and interior carpentry.",https://placehold.co/400x300/8B8378/FFFFFF?text=Greenply+Sal+Wood+Sheet%2FBoard
MAT00443,Building & Structural,Timber & Wood Products,Sal Wood Sheet/Board,Kitply,16mm thick,sq.ft,Rs.62 - Rs.117,"Kitply Sal Wood, 16mm thick, used for furniture, doors, and interior carpentry.",https://placehold.co/400x300/8B8378/FFFFFF?text=Kitply+Sal+Wood+Sheet%2FBoard
MAT00444,Building & Structural,Timber & Wood Products,Sal Wood Sheet/Board,Archidply,16mm thick,sq.ft,Rs.62 - Rs.117,"Archidply Sal Wood, 16mm thick, used for furniture, doors, and interior carpentry.",https://placehold.co/400x300/8B8378/FFFFFF?text=Archidply+Sal+Wood+Sheet%2FBoard
MAT00445,Building & Structural,Timber & Wood Products,Sal Wood Sheet/Board,Sarda Plywood,16mm thick,sq.ft,Rs.62 - Rs.117,"Sarda Plywood Sal Wood, 16mm thick, used for furniture, doors, and interior carpentry.",https://placehold.co/400x300/8B8378/FFFFFF?text=Sarda+Plywood+Sal+Wood+Sheet%2FBoard
MAT00446,Building & Structural,Timber & Wood Products,Sal Wood Sheet/Board,National Ply,16mm thick,sq.ft,Rs.62 - Rs.117,"National Ply Sal Wood, 16mm thick, used for furniture, doors, and interior carpentry.",https://placehold.co/400x300/8B8378/FFFFFF?text=National+Ply+Sal+Wood+Sheet%2FBoard
MAT00447,Building & Structural,Timber & Wood Products,Sal Wood Sheet/Board,Anchor Ply,16mm thick,sq.ft,Rs.62 - Rs.117,"Anchor Ply Sal Wood, 16mm thick, used for furniture, doors, and interior carpentry.",https://placehold.co/400x300/8B8378/FFFFFF?text=Anchor+Ply+Sal+Wood+Sheet%2FBoard
MAT00448,Building & Structural,Timber & Wood Products,Sal Wood Sheet/Board,Duro Ply,16mm thick,sq.ft,Rs.62 - Rs.117,"Duro Ply Sal Wood, 16mm thick, used for furniture, doors, and interior carpentry.",https://placehold.co/400x300/8B8378/FFFFFF?text=Duro+Ply+Sal+Wood+Sheet%2FBoard
MAT00449,Building & Structural,Timber & Wood Products,Sal Wood Sheet/Board,Century Ply,18mm thick,sq.ft,Rs.62 - Rs.117,"Century Ply Sal Wood, 18mm thick, used for furniture, doors, and interior carpentry.",https://placehold.co/400x300/8B8378/FFFFFF?text=Century+Ply+Sal+Wood+Sheet%2FBoard
MAT00450,Building & Structural,Timber & Wood Products,Sal Wood Sheet/Board,Greenply,18mm thick,sq.ft,Rs.62 - Rs.117,"Greenply Sal Wood, 18mm thick, used for furniture, doors, and interior carpentry.",https://placehold.co/400x300/8B8378/FFFFFF?text=Greenply+Sal+Wood+Sheet%2FBoard
MAT00451,Building & Structural,Ready Mix Concrete,M10 RMC,UltraTech RMC,Slump 75mm,cubic meter,Rs.3639 - Rs.6760,"UltraTech RMC M10 RMC, Slump 75mm, supplied for foundation and structural concrete pours.",https://placehold.co/400x300/8B8378/FFFFFF?text=UltraTech+RMC+M10+RMC
MAT00452,Building & Structural,Ready Mix Concrete,M10 RMC,ACC RMC,Slump 75mm,cubic meter,Rs.3639 - Rs.6760,"ACC RMC M10 RMC, Slump 75mm, supplied for foundation and structural concrete pours.",https://placehold.co/400x300/8B8378/FFFFFF?text=ACC+RMC+M10+RMC
MAT00453,Building & Structural,Ready Mix Concrete,M10 RMC,Nuvoco RMC,Slump 75mm,cubic meter,Rs.3639 - Rs.6760,"Nuvoco RMC M10 RMC, Slump 75mm, supplied for foundation and structural concrete pours.",https://placehold.co/400x300/8B8378/FFFFFF?text=Nuvoco+RMC+M10+RMC
MAT00454,Building & Structural,Ready Mix Concrete,M10 RMC,RDC Concrete,Slump 75mm,cubic meter,Rs.3639 - Rs.6760,"RDC Concrete M10 RMC, Slump 75mm, supplied for foundation and structural concrete pours.",https://placehold.co/400x300/8B8378/FFFFFF?text=RDC+Concrete+M10+RMC
MAT00455,Building & Structural,Ready Mix Concrete,M10 RMC,Lafarge RMC,Slump 75mm,cubic meter,Rs.3639 - Rs.6760,"Lafarge RMC M10 RMC, Slump 75mm, supplied for foundation and structural concrete pours.",https://placehold.co/400x300/8B8378/FFFFFF?text=Lafarge+RMC+M10+RMC
MAT00456,Building & Structural,Ready Mix Concrete,M10 RMC,UltraTech RMC,Slump 100mm,cubic meter,Rs.3639 - Rs.6760,"UltraTech RMC M10 RMC, Slump 100mm, supplied for foundation and structural concrete pours.",https://placehold.co/400x300/8B8378/FFFFFF?text=UltraTech+RMC+M10+RMC
MAT00457,Building & Structural,Ready Mix Concrete,M10 RMC,ACC RMC,Slump 100mm,cubic meter,Rs.3639 - Rs.6760,"ACC RMC M10 RMC, Slump 100mm, supplied for foundation and structural concrete pours.",https://placehold.co/400x300/8B8378/FFFFFF?text=ACC+RMC+M10+RMC
MAT00458,Building & Structural,Ready Mix Concrete,M10 RMC,Nuvoco RMC,Slump 100mm,cubic meter,Rs.3639 - Rs.6760,"Nuvoco RMC M10 RMC, Slump 100mm, supplied for foundation and structural concrete pours.",https://placehold.co/400x300/8B8378/FFFFFF?text=Nuvoco+RMC+M10+RMC
MAT00459,Building & Structural,Ready Mix Concrete,M10 RMC,RDC Concrete,Slump 100mm,cubic meter,Rs.3639 - Rs.6760,"RDC Concrete M10 RMC, Slump 100mm, supplied for foundation and structural concrete pours.",https://placehold.co/400x300/8B8378/FFFFFF?text=RDC+Concrete+M10+RMC
MAT00460,Building & Structural,Ready Mix Concrete,M10 RMC,Lafarge RMC,Slump 100mm,cubic meter,Rs.3639 - Rs.6760,"Lafarge RMC M10 RMC, Slump 100mm, supplied for foundation and structural concrete pours.",https://placehold.co/400x300/8B8378/FFFFFF?text=Lafarge+RMC+M10+RMC
MAT00461,Building & Structural,Ready Mix Concrete,M10 RMC,UltraTech RMC,Slump 125mm,cubic meter,Rs.3639 - Rs.6760,"UltraTech RMC M10 RMC, Slump 125mm, supplied for foundation and structural concrete pours.",https://placehold.co/400x300/8B8378/FFFFFF?text=UltraTech+RMC+M10+RMC
MAT00462,Building & Structural,Ready Mix Concrete,M10 RMC,ACC RMC,Slump 125mm,cubic meter,Rs.3639 - Rs.6760,"ACC RMC M10 RMC, Slump 125mm, supplied for foundation and structural concrete pours.",https://placehold.co/400x300/8B8378/FFFFFF?text=ACC+RMC+M10+RMC
MAT00463,Building & Structural,Ready Mix Concrete,M10 RMC,Nuvoco RMC,Slump 125mm,cubic meter,Rs.3639 - Rs.6760,"Nuvoco RMC M10 RMC, Slump 125mm, supplied for foundation and structural concrete pours.",https://placehold.co/400x300/8B8378/FFFFFF?text=Nuvoco+RMC+M10+RMC
MAT00464,Building & Structural,Ready Mix Concrete,M10 RMC,RDC Concrete,Slump 125mm,cubic meter,Rs.3639 - Rs.6760,"RDC Concrete M10 RMC, Slump 125mm, supplied for foundation and structural concrete pours.",https://placehold.co/400x300/8B8378/FFFFFF?text=RDC+Concrete+M10+RMC
MAT00465,Building & Structural,Ready Mix Concrete,M10 RMC,Lafarge RMC,Slump 125mm,cubic meter,Rs.3639 - Rs.6760,"Lafarge RMC M10 RMC, Slump 125mm, supplied for foundation and structural concrete pours.",https://placehold.co/400x300/8B8378/FFFFFF?text=Lafarge+RMC+M10+RMC
MAT00466,Building & Structural,Ready Mix Concrete,M10 RMC,UltraTech RMC,Slump 150mm,cubic meter,Rs.3639 - Rs.6760,"UltraTech RMC M10 RMC, Slump 150mm, supplied for foundation and structural concrete pours.",https://placehold.co/400x300/8B8378/FFFFFF?text=UltraTech+RMC+M10+RMC
MAT00467,Building & Structural,Ready Mix Concrete,M10 RMC,ACC RMC,Slump 150mm,cubic meter,Rs.3639 - Rs.6760,"ACC RMC M10 RMC, Slump 150mm, supplied for foundation and structural concrete pours.",https://placehold.co/400x300/8B8378/FFFFFF?text=ACC+RMC+M10+RMC
MAT00468,Building & Structural,Ready Mix Concrete,M10 RMC,Nuvoco RMC,Slump 150mm,cubic meter,Rs.3639 - Rs.6760,"Nuvoco RMC M10 RMC, Slump 150mm, supplied for foundation and structural concrete pours.",https://placehold.co/400x300/8B8378/FFFFFF?text=Nuvoco+RMC+M10+RMC
MAT00469,Building & Structural,Ready Mix Concrete,M10 RMC,RDC Concrete,Slump 150mm,cubic meter,Rs.3639 - Rs.6760,"RDC Concrete M10 RMC, Slump 150mm, supplied for foundation and structural concrete pours.",https://placehold.co/400x300/8B8378/FFFFFF?text=RDC+Concrete+M10+RMC
MAT00470,Building & Structural,Ready Mix Concrete,M10 RMC,Lafarge RMC,Slump 150mm,cubic meter,Rs.3639 - Rs.6760,"Lafarge RMC M10 RMC, Slump 150mm, supplied for foundation and structural concrete pours.",https://placehold.co/400x300/8B8378/FFFFFF?text=Lafarge+RMC+M10+RMC
MAT00471,Building & Structural,Ready Mix Concrete,M15 RMC,UltraTech RMC,Slump 75mm,cubic meter,Rs.3639 - Rs.6760,"UltraTech RMC M15 RMC, Slump 75mm, supplied for foundation and structural concrete pours.",https://placehold.co/400x300/8B8378/FFFFFF?text=UltraTech+RMC+M15+RMC
MAT00472,Building & Structural,Ready Mix Concrete,M15 RMC,ACC RMC,Slump 75mm,cubic meter,Rs.3639 - Rs.6760,"ACC RMC M15 RMC, Slump 75mm, supplied for foundation and structural concrete pours.",https://placehold.co/400x300/8B8378/FFFFFF?text=ACC+RMC+M15+RMC
MAT00473,Building & Structural,Ready Mix Concrete,M15 RMC,Nuvoco RMC,Slump 75mm,cubic meter,Rs.3639 - Rs.6760,"Nuvoco RMC M15 RMC, Slump 75mm, supplied for foundation and structural concrete pours.",https://placehold.co/400x300/8B8378/FFFFFF?text=Nuvoco+RMC+M15+RMC
MAT00474,Building & Structural,Ready Mix Concrete,M15 RMC,RDC Concrete,Slump 75mm,cubic meter,Rs.3639 - Rs.6760,"RDC Concrete M15 RMC, Slump 75mm, supplied for foundation and structural concrete pours.",https://placehold.co/400x300/8B8378/FFFFFF?text=RDC+Concrete+M15+RMC
MAT00475,Building & Structural,Ready Mix Concrete,M15 RMC,Lafarge RMC,Slump 75mm,cubic meter,Rs.3639 - Rs.6760,"Lafarge RMC M15 RMC, Slump 75mm, supplied for foundation and structural concrete pours.",https://placehold.co/400x300/8B8378/FFFFFF?text=Lafarge+RMC+M15+RMC
MAT00476,Building & Structural,Ready Mix Concrete,M15 RMC,UltraTech RMC,Slump 100mm,cubic meter,Rs.3639 - Rs.6760,"UltraTech RMC M15 RMC, Slump 100mm, supplied for foundation and structural concrete pours.",https://placehold.co/400x300/8B8378/FFFFFF?text=UltraTech+RMC+M15+RMC
MAT00477,Building & Structural,Ready Mix Concrete,M15 RMC,ACC RMC,Slump 100mm,cubic meter,Rs.3639 - Rs.6760,"ACC RMC M15 RMC, Slump 100mm, supplied for foundation and structural concrete pours.",https://placehold.co/400x300/8B8378/FFFFFF?text=ACC+RMC+M15+RMC
MAT00478,Building & Structural,Ready Mix Concrete,M15 RMC,Nuvoco RMC,Slump 100mm,cubic meter,Rs.3639 - Rs.6760,"Nuvoco RMC M15 RMC, Slump 100mm, supplied for foundation and structural concrete pours.",https://placehold.co/400x300/8B8378/FFFFFF?text=Nuvoco+RMC+M15+RMC
MAT00479,Building & Structural,Ready Mix Concrete,M15 RMC,RDC Concrete,Slump 100mm,cubic meter,Rs.3639 - Rs.6760,"RDC Concrete M15 RMC, Slump 100mm, supplied for foundation and structural concrete pours.",https://placehold.co/400x300/8B8378/FFFFFF?text=RDC+Concrete+M15+RMC
MAT00480,Building & Structural,Ready Mix Concrete,M15 RMC,Lafarge RMC,Slump 100mm,cubic meter,Rs.3639 - Rs.6760,"Lafarge RMC M15 RMC, Slump 100mm, supplied for foundation and structural concrete pours.",https://placehold.co/400x300/8B8378/FFFFFF?text=Lafarge+RMC+M15+RMC
MAT00481,Building & Structural,Ready Mix Concrete,M15 RMC,UltraTech RMC,Slump 125mm,cubic meter,Rs.3639 - Rs.6760,"UltraTech RMC M15 RMC, Slump 125mm, supplied for foundation and structural concrete pours.",https://placehold.co/400x300/8B8378/FFFFFF?text=UltraTech+RMC+M15+RMC
MAT00482,Building & Structural,Ready Mix Concrete,M15 RMC,ACC RMC,Slump 125mm,cubic meter,Rs.3639 - Rs.6760,"ACC RMC M15 RMC, Slump 125mm, supplied for foundation and structural concrete pours.",https://placehold.co/400x300/8B8378/FFFFFF?text=ACC+RMC+M15+RMC
MAT00483,Building & Structural,Ready Mix Concrete,M15 RMC,Nuvoco RMC,Slump 125mm,cubic meter,Rs.3639 - Rs.6760,"Nuvoco RMC M15 RMC, Slump 125mm, supplied for foundation and structural concrete pours.",https://placehold.co/400x300/8B8378/FFFFFF?text=Nuvoco+RMC+M15+RMC
MAT00484,Building & Structural,Ready Mix Concrete,M15 RMC,RDC Concrete,Slump 125mm,cubic meter,Rs.3639 - Rs.6760,"RDC Concrete M15 RMC, Slump 125mm, supplied for foundation and structural concrete pours.",https://placehold.co/400x300/8B8378/FFFFFF?text=RDC+Concrete+M15+RMC
MAT00485,Building & Structural,Ready Mix Concrete,M15 RMC,Lafarge RMC,Slump 125mm,cubic meter,Rs.3639 - Rs.6760,"Lafarge RMC M15 RMC, Slump 125mm, supplied for foundation and structural concrete pours.",https://placehold.co/400x300/8B8378/FFFFFF?text=Lafarge+RMC+M15+RMC
MAT00486,Building & Structural,Ready Mix Concrete,M15 RMC,UltraTech RMC,Slump 150mm,cubic meter,Rs.3639 - Rs.6760,"UltraTech RMC M15 RMC, Slump 150mm, supplied for foundation and structural concrete pours.",https://placehold.co/400x300/8B8378/FFFFFF?text=UltraTech+RMC+M15+RMC
MAT00487,Building & Structural,Ready Mix Concrete,M15 RMC,ACC RMC,Slump 150mm,cubic meter,Rs.3639 - Rs.6760,"ACC RMC M15 RMC, Slump 150mm, supplied for foundation and structural concrete pours.",https://placehold.co/400x300/8B8378/FFFFFF?text=ACC+RMC+M15+RMC
MAT00488,Building & Structural,Ready Mix Concrete,M15 RMC,Nuvoco RMC,Slump 150mm,cubic meter,Rs.3639 - Rs.6760,"Nuvoco RMC M15 RMC, Slump 150mm, supplied for foundation and structural concrete pours.",https://placehold.co/400x300/8B8378/FFFFFF?text=Nuvoco+RMC+M15+RMC
MAT00489,Building & Structural,Ready Mix Concrete,M15 RMC,RDC Concrete,Slump 150mm,cubic meter,Rs.3639 - Rs.6760,"RDC Concrete M15 RMC, Slump 150mm, supplied for foundation and structural concrete pours.",https://placehold.co/400x300/8B8378/FFFFFF?text=RDC+Concrete+M15+RMC
MAT00490,Building & Structural,Ready Mix Concrete,M15 RMC,Lafarge RMC,Slump 150mm,cubic meter,Rs.3639 - Rs.6760,"Lafarge RMC M15 RMC, Slump 150mm, supplied for foundation and structural concrete pours.",https://placehold.co/400x300/8B8378/FFFFFF?text=Lafarge+RMC+M15+RMC
MAT00491,Building & Structural,Ready Mix Concrete,M20 RMC,UltraTech RMC,Slump 75mm,cubic meter,Rs.3639 - Rs.6760,"UltraTech RMC M20 RMC, Slump 75mm, supplied for foundation and structural concrete pours.",https://placehold.co/400x300/8B8378/FFFFFF?text=UltraTech+RMC+M20+RMC
MAT00492,Building & Structural,Ready Mix Concrete,M20 RMC,ACC RMC,Slump 75mm,cubic meter,Rs.3639 - Rs.6760,"ACC RMC M20 RMC, Slump 75mm, supplied for foundation and structural concrete pours.",https://placehold.co/400x300/8B8378/FFFFFF?text=ACC+RMC+M20+RMC
MAT00493,Building & Structural,Ready Mix Concrete,M20 RMC,Nuvoco RMC,Slump 75mm,cubic meter,Rs.3639 - Rs.6760,"Nuvoco RMC M20 RMC, Slump 75mm, supplied for foundation and structural concrete pours.",https://placehold.co/400x300/8B8378/FFFFFF?text=Nuvoco+RMC+M20+RMC
MAT00494,Building & Structural,Ready Mix Concrete,M20 RMC,RDC Concrete,Slump 75mm,cubic meter,Rs.3639 - Rs.6760,"RDC Concrete M20 RMC, Slump 75mm, supplied for foundation and structural concrete pours.",https://placehold.co/400x300/8B8378/FFFFFF?text=RDC+Concrete+M20+RMC
MAT00495,Building & Structural,Ready Mix Concrete,M20 RMC,Lafarge RMC,Slump 75mm,cubic meter,Rs.3639 - Rs.6760,"Lafarge RMC M20 RMC, Slump 75mm, supplied for foundation and structural concrete pours.",https://placehold.co/400x300/8B8378/FFFFFF?text=Lafarge+RMC+M20+RMC
MAT00496,Building & Structural,Ready Mix Concrete,M20 RMC,UltraTech RMC,Slump 100mm,cubic meter,Rs.3639 - Rs.6760,"UltraTech RMC M20 RMC, Slump 100mm, supplied for foundation and structural concrete pours.",https://placehold.co/400x300/8B8378/FFFFFF?text=UltraTech+RMC+M20+RMC
MAT00497,Building & Structural,Ready Mix Concrete,M20 RMC,ACC RMC,Slump 100mm,cubic meter,Rs.3639 - Rs.6760,"ACC RMC M20 RMC, Slump 100mm, supplied for foundation and structural concrete pours.",https://placehold.co/400x300/8B8378/FFFFFF?text=ACC+RMC+M20+RMC
MAT00498,Building & Structural,Ready Mix Concrete,M20 RMC,Nuvoco RMC,Slump 100mm,cubic meter,Rs.3639 - Rs.6760,"Nuvoco RMC M20 RMC, Slump 100mm, supplied for foundation and structural concrete pours.",https://placehold.co/400x300/8B8378/FFFFFF?text=Nuvoco+RMC+M20+RMC
MAT00499,Building & Structural,Ready Mix Concrete,M20 RMC,RDC Concrete,Slump 100mm,cubic meter,Rs.3639 - Rs.6760,"RDC Concrete M20 RMC, Slump 100mm, supplied for foundation and structural concrete pours.",https://placehold.co/400x300/8B8378/FFFFFF?text=RDC+Concrete+M20+RMC
MAT00500,Building & Structural,Ready Mix Concrete,M20 RMC,Lafarge RMC,Slump 100mm,cubic meter,Rs.3639 - Rs.6760,"Lafarge RMC M20 RMC, Slump 100mm, supplied for foundation and structural concrete pours.",https://placehold.co/400x300/8B8378/FFFFFF?text=Lafarge+RMC+M20+RMC
MAT00501,Building & Structural,Ready Mix Concrete,M20 RMC,UltraTech RMC,Slump 125mm,cubic meter,Rs.3639 - Rs.6760,"UltraTech RMC M20 RMC, Slump 125mm, supplied for foundation and structural concrete pours.",https://placehold.co/400x300/8B8378/FFFFFF?text=UltraTech+RMC+M20+RMC
MAT00502,Building & Structural,Ready Mix Concrete,M20 RMC,ACC RMC,Slump 125mm,cubic meter,Rs.3639 - Rs.6760,"ACC RMC M20 RMC, Slump 125mm, supplied for foundation and structural concrete pours.",https://placehold.co/400x300/8B8378/FFFFFF?text=ACC+RMC+M20+RMC
MAT00503,Building & Structural,Ready Mix Concrete,M20 RMC,Nuvoco RMC,Slump 125mm,cubic meter,Rs.3639 - Rs.6760,"Nuvoco RMC M20 RMC, Slump 125mm, supplied for foundation and structural concrete pours.",https://placehold.co/400x300/8B8378/FFFFFF?text=Nuvoco+RMC+M20+RMC
MAT00504,Building & Structural,Ready Mix Concrete,M20 RMC,RDC Concrete,Slump 125mm,cubic meter,Rs.3639 - Rs.6760,"RDC Concrete M20 RMC, Slump 125mm, supplied for foundation and structural concrete pours.",https://placehold.co/400x300/8B8378/FFFFFF?text=RDC+Concrete+M20+RMC
MAT00505,Building & Structural,Ready Mix Concrete,M20 RMC,Lafarge RMC,Slump 125mm,cubic meter,Rs.3639 - Rs.6760,"Lafarge RMC M20 RMC, Slump 125mm, supplied for foundation and structural concrete pours.",https://placehold.co/400x300/8B8378/FFFFFF?text=Lafarge+RMC+M20+RMC
MAT00506,Building & Structural,Ready Mix Concrete,M20 RMC,UltraTech RMC,Slump 150mm,cubic meter,Rs.3639 - Rs.6760,"UltraTech RMC M20 RMC, Slump 150mm, supplied for foundation and structural concrete pours.",https://placehold.co/400x300/8B8378/FFFFFF?text=UltraTech+RMC+M20+RMC
MAT00507,Building & Structural,Ready Mix Concrete,M20 RMC,ACC RMC,Slump 150mm,cubic meter,Rs.3639 - Rs.6760,"ACC RMC M20 RMC, Slump 150mm, supplied for foundation and structural concrete pours.",https://placehold.co/400x300/8B8378/FFFFFF?text=ACC+RMC+M20+RMC
MAT00508,Building & Structural,Ready Mix Concrete,M20 RMC,Nuvoco RMC,Slump 150mm,cubic meter,Rs.3639 - Rs.6760,"Nuvoco RMC M20 RMC, Slump 150mm, supplied for foundation and structural concrete pours.",https://placehold.co/400x300/8B8378/FFFFFF?text=Nuvoco+RMC+M20+RMC
MAT00509,Building & Structural,Ready Mix Concrete,M20 RMC,RDC Concrete,Slump 150mm,cubic meter,Rs.3639 - Rs.6760,"RDC Concrete M20 RMC, Slump 150mm, supplied for foundation and structural concrete pours.",https://placehold.co/400x300/8B8378/FFFFFF?text=RDC+Concrete+M20+RMC
MAT00510,Building & Structural,Ready Mix Concrete,M20 RMC,Lafarge RMC,Slump 150mm,cubic meter,Rs.3639 - Rs.6760,"Lafarge RMC M20 RMC, Slump 150mm, supplied for foundation and structural concrete pours.",https://placehold.co/400x300/8B8378/FFFFFF?text=Lafarge+RMC+M20+RMC
MAT00511,Building & Structural,Ready Mix Concrete,M25 RMC,UltraTech RMC,Slump 75mm,cubic meter,Rs.3639 - Rs.6760,"UltraTech RMC M25 RMC, Slump 75mm, supplied for foundation and structural concrete pours.",https://placehold.co/400x300/8B8378/FFFFFF?text=UltraTech+RMC+M25+RMC
MAT00512,Building & Structural,Ready Mix Concrete,M25 RMC,ACC RMC,Slump 75mm,cubic meter,Rs.3639 - Rs.6760,"ACC RMC M25 RMC, Slump 75mm, supplied for foundation and structural concrete pours.",https://placehold.co/400x300/8B8378/FFFFFF?text=ACC+RMC+M25+RMC
MAT00513,Building & Structural,Ready Mix Concrete,M25 RMC,Nuvoco RMC,Slump 75mm,cubic meter,Rs.3639 - Rs.6760,"Nuvoco RMC M25 RMC, Slump 75mm, supplied for foundation and structural concrete pours.",https://placehold.co/400x300/8B8378/FFFFFF?text=Nuvoco+RMC+M25+RMC
MAT00514,Building & Structural,Ready Mix Concrete,M25 RMC,RDC Concrete,Slump 75mm,cubic meter,Rs.3639 - Rs.6760,"RDC Concrete M25 RMC, Slump 75mm, supplied for foundation and structural concrete pours.",https://placehold.co/400x300/8B8378/FFFFFF?text=RDC+Concrete+M25+RMC
MAT00515,Building & Structural,Ready Mix Concrete,M25 RMC,Lafarge RMC,Slump 75mm,cubic meter,Rs.3639 - Rs.6760,"Lafarge RMC M25 RMC, Slump 75mm, supplied for foundation and structural concrete pours.",https://placehold.co/400x300/8B8378/FFFFFF?text=Lafarge+RMC+M25+RMC
MAT00516,Building & Structural,Ready Mix Concrete,M25 RMC,UltraTech RMC,Slump 100mm,cubic meter,Rs.3639 - Rs.6760,"UltraTech RMC M25 RMC, Slump 100mm, supplied for foundation and structural concrete pours.",https://placehold.co/400x300/8B8378/FFFFFF?text=UltraTech+RMC+M25+RMC
MAT00517,Building & Structural,Ready Mix Concrete,M25 RMC,ACC RMC,Slump 100mm,cubic meter,Rs.3639 - Rs.6760,"ACC RMC M25 RMC, Slump 100mm, supplied for foundation and structural concrete pours.",https://placehold.co/400x300/8B8378/FFFFFF?text=ACC+RMC+M25+RMC
MAT00518,Building & Structural,Ready Mix Concrete,M25 RMC,Nuvoco RMC,Slump 100mm,cubic meter,Rs.3639 - Rs.6760,"Nuvoco RMC M25 RMC, Slump 100mm, supplied for foundation and structural concrete pours.",https://placehold.co/400x300/8B8378/FFFFFF?text=Nuvoco+RMC+M25+RMC
MAT00519,Building & Structural,Ready Mix Concrete,M25 RMC,RDC Concrete,Slump 100mm,cubic meter,Rs.3639 - Rs.6760,"RDC Concrete M25 RMC, Slump 100mm, supplied for foundation and structural concrete pours.",https://placehold.co/400x300/8B8378/FFFFFF?text=RDC+Concrete+M25+RMC
MAT00520,Building & Structural,Ready Mix Concrete,M25 RMC,Lafarge RMC,Slump 100mm,cubic meter,Rs.3639 - Rs.6760,"Lafarge RMC M25 RMC, Slump 100mm, supplied for foundation and structural concrete pours.",https://placehold.co/400x300/8B8378/FFFFFF?text=Lafarge+RMC+M25+RMC
MAT00521,Building & Structural,Ready Mix Concrete,M25 RMC,UltraTech RMC,Slump 125mm,cubic meter,Rs.3639 - Rs.6760,"UltraTech RMC M25 RMC, Slump 125mm, supplied for foundation and structural concrete pours.",https://placehold.co/400x300/8B8378/FFFFFF?text=UltraTech+RMC+M25+RMC
MAT00522,Building & Structural,Ready Mix Concrete,M25 RMC,ACC RMC,Slump 125mm,cubic meter,Rs.3639 - Rs.6760,"ACC RMC M25 RMC, Slump 125mm, supplied for foundation and structural concrete pours.",https://placehold.co/400x300/8B8378/FFFFFF?text=ACC+RMC+M25+RMC
MAT00523,Building & Structural,Ready Mix Concrete,M25 RMC,Nuvoco RMC,Slump 125mm,cubic meter,Rs.3639 - Rs.6760,"Nuvoco RMC M25 RMC, Slump 125mm, supplied for foundation and structural concrete pours.",https://placehold.co/400x300/8B8378/FFFFFF?text=Nuvoco+RMC+M25+RMC
MAT00524,Building & Structural,Ready Mix Concrete,M25 RMC,RDC Concrete,Slump 125mm,cubic meter,Rs.3639 - Rs.6760,"RDC Concrete M25 RMC, Slump 125mm, supplied for foundation and structural concrete pours.",https://placehold.co/400x300/8B8378/FFFFFF?text=RDC+Concrete+M25+RMC
MAT00525,Building & Structural,Ready Mix Concrete,M25 RMC,Lafarge RMC,Slump 125mm,cubic meter,Rs.3639 - Rs.6760,"Lafarge RMC M25 RMC, Slump 125mm, supplied for foundation and structural concrete pours.",https://placehold.co/400x300/8B8378/FFFFFF?text=Lafarge+RMC+M25+RMC
MAT00526,Building & Structural,Ready Mix Concrete,M25 RMC,UltraTech RMC,Slump 150mm,cubic meter,Rs.3639 - Rs.6760,"UltraTech RMC M25 RMC, Slump 150mm, supplied for foundation and structural concrete pours.",https://placehold.co/400x300/8B8378/FFFFFF?text=UltraTech+RMC+M25+RMC
MAT00527,Building & Structural,Ready Mix Concrete,M25 RMC,ACC RMC,Slump 150mm,cubic meter,Rs.3639 - Rs.6760,"ACC RMC M25 RMC, Slump 150mm, supplied for foundation and structural concrete pours.",https://placehold.co/400x300/8B8378/FFFFFF?text=ACC+RMC+M25+RMC
MAT00528,Building & Structural,Ready Mix Concrete,M25 RMC,Nuvoco RMC,Slump 150mm,cubic meter,Rs.3639 - Rs.6760,"Nuvoco RMC M25 RMC, Slump 150mm, supplied for foundation and structural concrete pours.",https://placehold.co/400x300/8B8378/FFFFFF?text=Nuvoco+RMC+M25+RMC
MAT00529,Building & Structural,Ready Mix Concrete,M25 RMC,RDC Concrete,Slump 150mm,cubic meter,Rs.3639 - Rs.6760,"RDC Concrete M25 RMC, Slump 150mm, supplied for foundation and structural concrete pours.",https://placehold.co/400x300/8B8378/FFFFFF?text=RDC+Concrete+M25+RMC
MAT00530,Building & Structural,Ready Mix Concrete,M25 RMC,Lafarge RMC,Slump 150mm,cubic meter,Rs.3639 - Rs.6760,"Lafarge RMC M25 RMC, Slump 150mm, supplied for foundation and structural concrete pours.",https://placehold.co/400x300/8B8378/FFFFFF?text=Lafarge+RMC+M25+RMC
MAT00531,Building & Structural,Ready Mix Concrete,M30 RMC,UltraTech RMC,Slump 75mm,cubic meter,Rs.3639 - Rs.6760,"UltraTech RMC M30 RMC, Slump 75mm, supplied for foundation and structural concrete pours.",https://placehold.co/400x300/8B8378/FFFFFF?text=UltraTech+RMC+M30+RMC
MAT00532,Building & Structural,Ready Mix Concrete,M30 RMC,ACC RMC,Slump 75mm,cubic meter,Rs.3639 - Rs.6760,"ACC RMC M30 RMC, Slump 75mm, supplied for foundation and structural concrete pours.",https://placehold.co/400x300/8B8378/FFFFFF?text=ACC+RMC+M30+RMC
MAT00533,Building & Structural,Ready Mix Concrete,M30 RMC,Nuvoco RMC,Slump 75mm,cubic meter,Rs.3639 - Rs.6760,"Nuvoco RMC M30 RMC, Slump 75mm, supplied for foundation and structural concrete pours.",https://placehold.co/400x300/8B8378/FFFFFF?text=Nuvoco+RMC+M30+RMC
MAT00534,Building & Structural,Ready Mix Concrete,M30 RMC,RDC Concrete,Slump 75mm,cubic meter,Rs.3639 - Rs.6760,"RDC Concrete M30 RMC, Slump 75mm, supplied for foundation and structural concrete pours.",https://placehold.co/400x300/8B8378/FFFFFF?text=RDC+Concrete+M30+RMC
MAT00535,Building & Structural,Ready Mix Concrete,M30 RMC,Lafarge RMC,Slump 75mm,cubic meter,Rs.3639 - Rs.6760,"Lafarge RMC M30 RMC, Slump 75mm, supplied for foundation and structural concrete pours.",https://placehold.co/400x300/8B8378/FFFFFF?text=Lafarge+RMC+M30+RMC
MAT00536,Building & Structural,Ready Mix Concrete,M30 RMC,UltraTech RMC,Slump 100mm,cubic meter,Rs.3639 - Rs.6760,"UltraTech RMC M30 RMC, Slump 100mm, supplied for foundation and structural concrete pours.",https://placehold.co/400x300/8B8378/FFFFFF?text=UltraTech+RMC+M30+RMC
MAT00537,Building & Structural,Ready Mix Concrete,M30 RMC,ACC RMC,Slump 100mm,cubic meter,Rs.3639 - Rs.6760,"ACC RMC M30 RMC, Slump 100mm, supplied for foundation and structural concrete pours.",https://placehold.co/400x300/8B8378/FFFFFF?text=ACC+RMC+M30+RMC
MAT00538,Building & Structural,Ready Mix Concrete,M30 RMC,Nuvoco RMC,Slump 100mm,cubic meter,Rs.3639 - Rs.6760,"Nuvoco RMC M30 RMC, Slump 100mm, supplied for foundation and structural concrete pours.",https://placehold.co/400x300/8B8378/FFFFFF?text=Nuvoco+RMC+M30+RMC
MAT00539,Building & Structural,Ready Mix Concrete,M30 RMC,RDC Concrete,Slump 100mm,cubic meter,Rs.3639 - Rs.6760,"RDC Concrete M30 RMC, Slump 100mm, supplied for foundation and structural concrete pours.",https://placehold.co/400x300/8B8378/FFFFFF?text=RDC+Concrete+M30+RMC
MAT00540,Building & Structural,Ready Mix Concrete,M30 RMC,Lafarge RMC,Slump 100mm,cubic meter,Rs.3639 - Rs.6760,"Lafarge RMC M30 RMC, Slump 100mm, supplied for foundation and structural concrete pours.",https://placehold.co/400x300/8B8378/FFFFFF?text=Lafarge+RMC+M30+RMC
MAT00541,Electrical,Wires & Cables,PVC Insulated Copper Wire (0.75 sq.mm),Havells,0.75 sq.mm,meter / coil,Rs.17 - Rs.32,"Havells PVC Insulated Copper Wire, size 0.75 sq.mm, used for household and commercial wiring.",https://placehold.co/400x300/F4C430/222222?text=Havells+PVC+Insulated+Copper+Wire+%280.75+sq.mm
MAT00542,Electrical,Wires & Cables,PVC Insulated Copper Wire (0.75 sq.mm),Polycab,0.75 sq.mm,meter / coil,Rs.17 - Rs.32,"Polycab PVC Insulated Copper Wire, size 0.75 sq.mm, used for household and commercial wiring.",https://placehold.co/400x300/F4C430/222222?text=Polycab+PVC+Insulated+Copper+Wire+%280.75+sq.mm
MAT00543,Electrical,Wires & Cables,PVC Insulated Copper Wire (0.75 sq.mm),Finolex,0.75 sq.mm,meter / coil,Rs.17 - Rs.32,"Finolex PVC Insulated Copper Wire, size 0.75 sq.mm, used for household and commercial wiring.",https://placehold.co/400x300/F4C430/222222?text=Finolex+PVC+Insulated+Copper+Wire+%280.75+sq.mm
MAT00544,Electrical,Wires & Cables,PVC Insulated Copper Wire (0.75 sq.mm),KEI Cables,0.75 sq.mm,meter / coil,Rs.17 - Rs.32,"KEI Cables PVC Insulated Copper Wire, size 0.75 sq.mm, used for household and commercial wiring.",https://placehold.co/400x300/F4C430/222222?text=KEI+Cables+PVC+Insulated+Copper+Wire+%280.75+sq
MAT00545,Electrical,Wires & Cables,PVC Insulated Copper Wire (0.75 sq.mm),RR Kabel,0.75 sq.mm,meter / coil,Rs.17 - Rs.32,"RR Kabel PVC Insulated Copper Wire, size 0.75 sq.mm, used for household and commercial wiring.",https://placehold.co/400x300/F4C430/222222?text=RR+Kabel+PVC+Insulated+Copper+Wire+%280.75+sq.m
MAT00546,Electrical,Wires & Cables,PVC Insulated Copper Wire (0.75 sq.mm),Anchor by Panasonic,0.75 sq.mm,meter / coil,Rs.17 - Rs.32,"Anchor by Panasonic PVC Insulated Copper Wire, size 0.75 sq.mm, used for household and commercial wiring.",https://placehold.co/400x300/F4C430/222222?text=Anchor+by+Panasonic+PVC+Insulated+Copper+Wire
MAT00547,Electrical,Wires & Cables,PVC Insulated Copper Wire (0.75 sq.mm),V-Guard,0.75 sq.mm,meter / coil,Rs.17 - Rs.32,"V-Guard PVC Insulated Copper Wire, size 0.75 sq.mm, used for household and commercial wiring.",https://placehold.co/400x300/F4C430/222222?text=V-Guard+PVC+Insulated+Copper+Wire+%280.75+sq.mm
MAT00548,Electrical,Wires & Cables,PVC Insulated Copper Wire (0.75 sq.mm),Orbit Cables,0.75 sq.mm,meter / coil,Rs.17 - Rs.32,"Orbit Cables PVC Insulated Copper Wire, size 0.75 sq.mm, used for household and commercial wiring.",https://placehold.co/400x300/F4C430/222222?text=Orbit+Cables+PVC+Insulated+Copper+Wire+%280.75+
MAT00549,Electrical,Wires & Cables,PVC Insulated Copper Wire (1.0 sq.mm),Havells,1.0 sq.mm,meter / coil,Rs.17 - Rs.32,"Havells PVC Insulated Copper Wire, size 1.0 sq.mm, used for household and commercial wiring.",https://placehold.co/400x300/F4C430/222222?text=Havells+PVC+Insulated+Copper+Wire+%281.0+sq.mm%29
MAT00550,Electrical,Wires & Cables,PVC Insulated Copper Wire (1.0 sq.mm),Polycab,1.0 sq.mm,meter / coil,Rs.17 - Rs.32,"Polycab PVC Insulated Copper Wire, size 1.0 sq.mm, used for household and commercial wiring.",https://placehold.co/400x300/F4C430/222222?text=Polycab+PVC+Insulated+Copper+Wire+%281.0+sq.mm%29
MAT00551,Electrical,Wires & Cables,PVC Insulated Copper Wire (1.0 sq.mm),Finolex,1.0 sq.mm,meter / coil,Rs.17 - Rs.32,"Finolex PVC Insulated Copper Wire, size 1.0 sq.mm, used for household and commercial wiring.",https://placehold.co/400x300/F4C430/222222?text=Finolex+PVC+Insulated+Copper+Wire+%281.0+sq.mm%29
MAT00552,Electrical,Wires & Cables,PVC Insulated Copper Wire (1.0 sq.mm),KEI Cables,1.0 sq.mm,meter / coil,Rs.17 - Rs.32,"KEI Cables PVC Insulated Copper Wire, size 1.0 sq.mm, used for household and commercial wiring.",https://placehold.co/400x300/F4C430/222222?text=KEI+Cables+PVC+Insulated+Copper+Wire+%281.0+sq.
MAT00553,Electrical,Wires & Cables,PVC Insulated Copper Wire (1.0 sq.mm),RR Kabel,1.0 sq.mm,meter / coil,Rs.17 - Rs.32,"RR Kabel PVC Insulated Copper Wire, size 1.0 sq.mm, used for household and commercial wiring.",https://placehold.co/400x300/F4C430/222222?text=RR+Kabel+PVC+Insulated+Copper+Wire+%281.0+sq.mm
MAT00554,Electrical,Wires & Cables,PVC Insulated Copper Wire (1.0 sq.mm),Anchor by Panasonic,1.0 sq.mm,meter / coil,Rs.17 - Rs.32,"Anchor by Panasonic PVC Insulated Copper Wire, size 1.0 sq.mm, used for household and commercial wiring.",https://placehold.co/400x300/F4C430/222222?text=Anchor+by+Panasonic+PVC+Insulated+Copper+Wire
MAT00555,Electrical,Wires & Cables,PVC Insulated Copper Wire (1.0 sq.mm),V-Guard,1.0 sq.mm,meter / coil,Rs.17 - Rs.32,"V-Guard PVC Insulated Copper Wire, size 1.0 sq.mm, used for household and commercial wiring.",https://placehold.co/400x300/F4C430/222222?text=V-Guard+PVC+Insulated+Copper+Wire+%281.0+sq.mm%29
MAT00556,Electrical,Wires & Cables,PVC Insulated Copper Wire (1.0 sq.mm),Orbit Cables,1.0 sq.mm,meter / coil,Rs.17 - Rs.32,"Orbit Cables PVC Insulated Copper Wire, size 1.0 sq.mm, used for household and commercial wiring.",https://placehold.co/400x300/F4C430/222222?text=Orbit+Cables+PVC+Insulated+Copper+Wire+%281.0+s
MAT00557,Electrical,Wires & Cables,PVC Insulated Copper Wire (1.5 sq.mm),Havells,1.5 sq.mm,meter / coil,Rs.17 - Rs.32,"Havells PVC Insulated Copper Wire, size 1.5 sq.mm, used for household and commercial wiring.",https://placehold.co/400x300/F4C430/222222?text=Havells+PVC+Insulated+Copper+Wire+%281.5+sq.mm%29
MAT00558,Electrical,Wires & Cables,PVC Insulated Copper Wire (1.5 sq.mm),Polycab,1.5 sq.mm,meter / coil,Rs.17 - Rs.32,"Polycab PVC Insulated Copper Wire, size 1.5 sq.mm, used for household and commercial wiring.",https://placehold.co/400x300/F4C430/222222?text=Polycab+PVC+Insulated+Copper+Wire+%281.5+sq.mm%29
MAT00559,Electrical,Wires & Cables,PVC Insulated Copper Wire (1.5 sq.mm),Finolex,1.5 sq.mm,meter / coil,Rs.17 - Rs.32,"Finolex PVC Insulated Copper Wire, size 1.5 sq.mm, used for household and commercial wiring.",https://placehold.co/400x300/F4C430/222222?text=Finolex+PVC+Insulated+Copper+Wire+%281.5+sq.mm%29
MAT00560,Electrical,Wires & Cables,PVC Insulated Copper Wire (1.5 sq.mm),KEI Cables,1.5 sq.mm,meter / coil,Rs.17 - Rs.32,"KEI Cables PVC Insulated Copper Wire, size 1.5 sq.mm, used for household and commercial wiring.",https://placehold.co/400x300/F4C430/222222?text=KEI+Cables+PVC+Insulated+Copper+Wire+%281.5+sq.
MAT00561,Electrical,Wires & Cables,PVC Insulated Copper Wire (1.5 sq.mm),RR Kabel,1.5 sq.mm,meter / coil,Rs.17 - Rs.32,"RR Kabel PVC Insulated Copper Wire, size 1.5 sq.mm, used for household and commercial wiring.",https://placehold.co/400x300/F4C430/222222?text=RR+Kabel+PVC+Insulated+Copper+Wire+%281.5+sq.mm
MAT00562,Electrical,Wires & Cables,PVC Insulated Copper Wire (1.5 sq.mm),Anchor by Panasonic,1.5 sq.mm,meter / coil,Rs.17 - Rs.32,"Anchor by Panasonic PVC Insulated Copper Wire, size 1.5 sq.mm, used for household and commercial wiring.",https://placehold.co/400x300/F4C430/222222?text=Anchor+by+Panasonic+PVC+Insulated+Copper+Wire
MAT00563,Electrical,Wires & Cables,PVC Insulated Copper Wire (1.5 sq.mm),V-Guard,1.5 sq.mm,meter / coil,Rs.17 - Rs.32,"V-Guard PVC Insulated Copper Wire, size 1.5 sq.mm, used for household and commercial wiring.",https://placehold.co/400x300/F4C430/222222?text=V-Guard+PVC+Insulated+Copper+Wire+%281.5+sq.mm%29
MAT00564,Electrical,Wires & Cables,PVC Insulated Copper Wire (1.5 sq.mm),Orbit Cables,1.5 sq.mm,meter / coil,Rs.17 - Rs.32,"Orbit Cables PVC Insulated Copper Wire, size 1.5 sq.mm, used for household and commercial wiring.",https://placehold.co/400x300/F4C430/222222?text=Orbit+Cables+PVC+Insulated+Copper+Wire+%281.5+s
MAT00565,Electrical,Wires & Cables,PVC Insulated Copper Wire (2.5 sq.mm),Havells,2.5 sq.mm,meter / coil,Rs.17 - Rs.32,"Havells PVC Insulated Copper Wire, size 2.5 sq.mm, used for household and commercial wiring.",https://placehold.co/400x300/F4C430/222222?text=Havells+PVC+Insulated+Copper+Wire+%282.5+sq.mm%29
MAT00566,Electrical,Wires & Cables,PVC Insulated Copper Wire (2.5 sq.mm),Polycab,2.5 sq.mm,meter / coil,Rs.17 - Rs.32,"Polycab PVC Insulated Copper Wire, size 2.5 sq.mm, used for household and commercial wiring.",https://placehold.co/400x300/F4C430/222222?text=Polycab+PVC+Insulated+Copper+Wire+%282.5+sq.mm%29
MAT00567,Electrical,Wires & Cables,PVC Insulated Copper Wire (2.5 sq.mm),Finolex,2.5 sq.mm,meter / coil,Rs.17 - Rs.32,"Finolex PVC Insulated Copper Wire, size 2.5 sq.mm, used for household and commercial wiring.",https://placehold.co/400x300/F4C430/222222?text=Finolex+PVC+Insulated+Copper+Wire+%282.5+sq.mm%29
MAT00568,Electrical,Wires & Cables,PVC Insulated Copper Wire (2.5 sq.mm),KEI Cables,2.5 sq.mm,meter / coil,Rs.17 - Rs.32,"KEI Cables PVC Insulated Copper Wire, size 2.5 sq.mm, used for household and commercial wiring.",https://placehold.co/400x300/F4C430/222222?text=KEI+Cables+PVC+Insulated+Copper+Wire+%282.5+sq.
MAT00569,Electrical,Wires & Cables,PVC Insulated Copper Wire (2.5 sq.mm),RR Kabel,2.5 sq.mm,meter / coil,Rs.17 - Rs.32,"RR Kabel PVC Insulated Copper Wire, size 2.5 sq.mm, used for household and commercial wiring.",https://placehold.co/400x300/F4C430/222222?text=RR+Kabel+PVC+Insulated+Copper+Wire+%282.5+sq.mm
MAT00570,Electrical,Wires & Cables,PVC Insulated Copper Wire (2.5 sq.mm),Anchor by Panasonic,2.5 sq.mm,meter / coil,Rs.17 - Rs.32,"Anchor by Panasonic PVC Insulated Copper Wire, size 2.5 sq.mm, used for household and commercial wiring.",https://placehold.co/400x300/F4C430/222222?text=Anchor+by+Panasonic+PVC+Insulated+Copper+Wire
MAT00571,Electrical,Wires & Cables,PVC Insulated Copper Wire (2.5 sq.mm),V-Guard,2.5 sq.mm,meter / coil,Rs.17 - Rs.32,"V-Guard PVC Insulated Copper Wire, size 2.5 sq.mm, used for household and commercial wiring.",https://placehold.co/400x300/F4C430/222222?text=V-Guard+PVC+Insulated+Copper+Wire+%282.5+sq.mm%29
MAT00572,Electrical,Wires & Cables,PVC Insulated Copper Wire (2.5 sq.mm),Orbit Cables,2.5 sq.mm,meter / coil,Rs.17 - Rs.32,"Orbit Cables PVC Insulated Copper Wire, size 2.5 sq.mm, used for household and commercial wiring.",https://placehold.co/400x300/F4C430/222222?text=Orbit+Cables+PVC+Insulated+Copper+Wire+%282.5+s
MAT00573,Electrical,Wires & Cables,PVC Insulated Copper Wire (4 sq.mm),Havells,4 sq.mm,meter / coil,Rs.17 - Rs.32,"Havells PVC Insulated Copper Wire, size 4 sq.mm, used for household and commercial wiring.",https://placehold.co/400x300/F4C430/222222?text=Havells+PVC+Insulated+Copper+Wire+%284+sq.mm%29
MAT00574,Electrical,Wires & Cables,PVC Insulated Copper Wire (4 sq.mm),Polycab,4 sq.mm,meter / coil,Rs.17 - Rs.32,"Polycab PVC Insulated Copper Wire, size 4 sq.mm, used for household and commercial wiring.",https://placehold.co/400x300/F4C430/222222?text=Polycab+PVC+Insulated+Copper+Wire+%284+sq.mm%29
MAT00575,Electrical,Wires & Cables,PVC Insulated Copper Wire (4 sq.mm),Finolex,4 sq.mm,meter / coil,Rs.17 - Rs.32,"Finolex PVC Insulated Copper Wire, size 4 sq.mm, used for household and commercial wiring.",https://placehold.co/400x300/F4C430/222222?text=Finolex+PVC+Insulated+Copper+Wire+%284+sq.mm%29
MAT00576,Electrical,Wires & Cables,PVC Insulated Copper Wire (4 sq.mm),KEI Cables,4 sq.mm,meter / coil,Rs.17 - Rs.32,"KEI Cables PVC Insulated Copper Wire, size 4 sq.mm, used for household and commercial wiring.",https://placehold.co/400x300/F4C430/222222?text=KEI+Cables+PVC+Insulated+Copper+Wire+%284+sq.mm
MAT00577,Electrical,Wires & Cables,PVC Insulated Copper Wire (4 sq.mm),RR Kabel,4 sq.mm,meter / coil,Rs.17 - Rs.32,"RR Kabel PVC Insulated Copper Wire, size 4 sq.mm, used for household and commercial wiring.",https://placehold.co/400x300/F4C430/222222?text=RR+Kabel+PVC+Insulated+Copper+Wire+%284+sq.mm%29
MAT00578,Electrical,Wires & Cables,PVC Insulated Copper Wire (4 sq.mm),Anchor by Panasonic,4 sq.mm,meter / coil,Rs.17 - Rs.32,"Anchor by Panasonic PVC Insulated Copper Wire, size 4 sq.mm, used for household and commercial wiring.",https://placehold.co/400x300/F4C430/222222?text=Anchor+by+Panasonic+PVC+Insulated+Copper+Wire
MAT00579,Electrical,Wires & Cables,PVC Insulated Copper Wire (4 sq.mm),V-Guard,4 sq.mm,meter / coil,Rs.17 - Rs.32,"V-Guard PVC Insulated Copper Wire, size 4 sq.mm, used for household and commercial wiring.",https://placehold.co/400x300/F4C430/222222?text=V-Guard+PVC+Insulated+Copper+Wire+%284+sq.mm%29
MAT00580,Electrical,Wires & Cables,PVC Insulated Copper Wire (4 sq.mm),Orbit Cables,4 sq.mm,meter / coil,Rs.17 - Rs.32,"Orbit Cables PVC Insulated Copper Wire, size 4 sq.mm, used for household and commercial wiring.",https://placehold.co/400x300/F4C430/222222?text=Orbit+Cables+PVC+Insulated+Copper+Wire+%284+sq.
MAT00581,Electrical,Wires & Cables,PVC Insulated Copper Wire (6 sq.mm),Havells,6 sq.mm,meter / coil,Rs.17 - Rs.32,"Havells PVC Insulated Copper Wire, size 6 sq.mm, used for household and commercial wiring.",https://placehold.co/400x300/F4C430/222222?text=Havells+PVC+Insulated+Copper+Wire+%286+sq.mm%29
MAT00582,Electrical,Wires & Cables,PVC Insulated Copper Wire (6 sq.mm),Polycab,6 sq.mm,meter / coil,Rs.17 - Rs.32,"Polycab PVC Insulated Copper Wire, size 6 sq.mm, used for household and commercial wiring.",https://placehold.co/400x300/F4C430/222222?text=Polycab+PVC+Insulated+Copper+Wire+%286+sq.mm%29
MAT00583,Electrical,Wires & Cables,PVC Insulated Copper Wire (6 sq.mm),Finolex,6 sq.mm,meter / coil,Rs.17 - Rs.32,"Finolex PVC Insulated Copper Wire, size 6 sq.mm, used for household and commercial wiring.",https://placehold.co/400x300/F4C430/222222?text=Finolex+PVC+Insulated+Copper+Wire+%286+sq.mm%29
MAT00584,Electrical,Wires & Cables,PVC Insulated Copper Wire (6 sq.mm),KEI Cables,6 sq.mm,meter / coil,Rs.17 - Rs.32,"KEI Cables PVC Insulated Copper Wire, size 6 sq.mm, used for household and commercial wiring.",https://placehold.co/400x300/F4C430/222222?text=KEI+Cables+PVC+Insulated+Copper+Wire+%286+sq.mm
MAT00585,Electrical,Wires & Cables,PVC Insulated Copper Wire (6 sq.mm),RR Kabel,6 sq.mm,meter / coil,Rs.17 - Rs.32,"RR Kabel PVC Insulated Copper Wire, size 6 sq.mm, used for household and commercial wiring.",https://placehold.co/400x300/F4C430/222222?text=RR+Kabel+PVC+Insulated+Copper+Wire+%286+sq.mm%29
MAT00586,Electrical,Wires & Cables,PVC Insulated Copper Wire (6 sq.mm),Anchor by Panasonic,6 sq.mm,meter / coil,Rs.17 - Rs.32,"Anchor by Panasonic PVC Insulated Copper Wire, size 6 sq.mm, used for household and commercial wiring.",https://placehold.co/400x300/F4C430/222222?text=Anchor+by+Panasonic+PVC+Insulated+Copper+Wire
MAT00587,Electrical,Wires & Cables,PVC Insulated Copper Wire (6 sq.mm),V-Guard,6 sq.mm,meter / coil,Rs.17 - Rs.32,"V-Guard PVC Insulated Copper Wire, size 6 sq.mm, used for household and commercial wiring.",https://placehold.co/400x300/F4C430/222222?text=V-Guard+PVC+Insulated+Copper+Wire+%286+sq.mm%29
MAT00588,Electrical,Wires & Cables,PVC Insulated Copper Wire (6 sq.mm),Orbit Cables,6 sq.mm,meter / coil,Rs.17 - Rs.32,"Orbit Cables PVC Insulated Copper Wire, size 6 sq.mm, used for household and commercial wiring.",https://placehold.co/400x300/F4C430/222222?text=Orbit+Cables+PVC+Insulated+Copper+Wire+%286+sq.
MAT00589,Electrical,Wires & Cables,PVC Insulated Copper Wire (10 sq.mm),Havells,10 sq.mm,meter / coil,Rs.17 - Rs.32,"Havells PVC Insulated Copper Wire, size 10 sq.mm, used for household and commercial wiring.",https://placehold.co/400x300/F4C430/222222?text=Havells+PVC+Insulated+Copper+Wire+%2810+sq.mm%29
MAT00590,Electrical,Wires & Cables,PVC Insulated Copper Wire (10 sq.mm),Polycab,10 sq.mm,meter / coil,Rs.17 - Rs.32,"Polycab PVC Insulated Copper Wire, size 10 sq.mm, used for household and commercial wiring.",https://placehold.co/400x300/F4C430/222222?text=Polycab+PVC+Insulated+Copper+Wire+%2810+sq.mm%29
MAT00591,Electrical,Wires & Cables,PVC Insulated Copper Wire (10 sq.mm),Finolex,10 sq.mm,meter / coil,Rs.17 - Rs.32,"Finolex PVC Insulated Copper Wire, size 10 sq.mm, used for household and commercial wiring.",https://placehold.co/400x300/F4C430/222222?text=Finolex+PVC+Insulated+Copper+Wire+%2810+sq.mm%29
MAT00592,Electrical,Wires & Cables,PVC Insulated Copper Wire (10 sq.mm),KEI Cables,10 sq.mm,meter / coil,Rs.17 - Rs.32,"KEI Cables PVC Insulated Copper Wire, size 10 sq.mm, used for household and commercial wiring.",https://placehold.co/400x300/F4C430/222222?text=KEI+Cables+PVC+Insulated+Copper+Wire+%2810+sq.m
MAT00593,Electrical,Wires & Cables,PVC Insulated Copper Wire (10 sq.mm),RR Kabel,10 sq.mm,meter / coil,Rs.17 - Rs.32,"RR Kabel PVC Insulated Copper Wire, size 10 sq.mm, used for household and commercial wiring.",https://placehold.co/400x300/F4C430/222222?text=RR+Kabel+PVC+Insulated+Copper+Wire+%2810+sq.mm%29
MAT00594,Electrical,Wires & Cables,PVC Insulated Copper Wire (10 sq.mm),Anchor by Panasonic,10 sq.mm,meter / coil,Rs.17 - Rs.32,"Anchor by Panasonic PVC Insulated Copper Wire, size 10 sq.mm, used for household and commercial wiring.",https://placehold.co/400x300/F4C430/222222?text=Anchor+by+Panasonic+PVC+Insulated+Copper+Wire
MAT00595,Electrical,Wires & Cables,PVC Insulated Copper Wire (10 sq.mm),V-Guard,10 sq.mm,meter / coil,Rs.17 - Rs.32,"V-Guard PVC Insulated Copper Wire, size 10 sq.mm, used for household and commercial wiring.",https://placehold.co/400x300/F4C430/222222?text=V-Guard+PVC+Insulated+Copper+Wire+%2810+sq.mm%29
MAT00596,Electrical,Wires & Cables,PVC Insulated Copper Wire (10 sq.mm),Orbit Cables,10 sq.mm,meter / coil,Rs.17 - Rs.32,"Orbit Cables PVC Insulated Copper Wire, size 10 sq.mm, used for household and commercial wiring.",https://placehold.co/400x300/F4C430/222222?text=Orbit+Cables+PVC+Insulated+Copper+Wire+%2810+sq
MAT00597,Electrical,Wires & Cables,PVC Insulated Copper Wire (16 sq.mm),Havells,16 sq.mm,meter / coil,Rs.17 - Rs.32,"Havells PVC Insulated Copper Wire, size 16 sq.mm, used for household and commercial wiring.",https://placehold.co/400x300/F4C430/222222?text=Havells+PVC+Insulated+Copper+Wire+%2816+sq.mm%29
MAT00598,Electrical,Wires & Cables,PVC Insulated Copper Wire (16 sq.mm),Polycab,16 sq.mm,meter / coil,Rs.17 - Rs.32,"Polycab PVC Insulated Copper Wire, size 16 sq.mm, used for household and commercial wiring.",https://placehold.co/400x300/F4C430/222222?text=Polycab+PVC+Insulated+Copper+Wire+%2816+sq.mm%29
MAT00599,Electrical,Wires & Cables,PVC Insulated Copper Wire (16 sq.mm),Finolex,16 sq.mm,meter / coil,Rs.17 - Rs.32,"Finolex PVC Insulated Copper Wire, size 16 sq.mm, used for household and commercial wiring.",https://placehold.co/400x300/F4C430/222222?text=Finolex+PVC+Insulated+Copper+Wire+%2816+sq.mm%29
MAT00600,Electrical,Wires & Cables,PVC Insulated Copper Wire (16 sq.mm),KEI Cables,16 sq.mm,meter / coil,Rs.17 - Rs.32,"KEI Cables PVC Insulated Copper Wire, size 16 sq.mm, used for household and commercial wiring.",https://placehold.co/400x300/F4C430/222222?text=KEI+Cables+PVC+Insulated+Copper+Wire+%2816+sq.m
MAT00601,Electrical,Wires & Cables,PVC Insulated Copper Wire (16 sq.mm),RR Kabel,16 sq.mm,meter / coil,Rs.17 - Rs.32,"RR Kabel PVC Insulated Copper Wire, size 16 sq.mm, used for household and commercial wiring.",https://placehold.co/400x300/F4C430/222222?text=RR+Kabel+PVC+Insulated+Copper+Wire+%2816+sq.mm%29
MAT00602,Electrical,Wires & Cables,PVC Insulated Copper Wire (16 sq.mm),Anchor by Panasonic,16 sq.mm,meter / coil,Rs.17 - Rs.32,"Anchor by Panasonic PVC Insulated Copper Wire, size 16 sq.mm, used for household and commercial wiring.",https://placehold.co/400x300/F4C430/222222?text=Anchor+by+Panasonic+PVC+Insulated+Copper+Wire
MAT00603,Electrical,Wires & Cables,PVC Insulated Copper Wire (16 sq.mm),V-Guard,16 sq.mm,meter / coil,Rs.17 - Rs.32,"V-Guard PVC Insulated Copper Wire, size 16 sq.mm, used for household and commercial wiring.",https://placehold.co/400x300/F4C430/222222?text=V-Guard+PVC+Insulated+Copper+Wire+%2816+sq.mm%29
MAT00604,Electrical,Wires & Cables,PVC Insulated Copper Wire (16 sq.mm),Orbit Cables,16 sq.mm,meter / coil,Rs.17 - Rs.32,"Orbit Cables PVC Insulated Copper Wire, size 16 sq.mm, used for household and commercial wiring.",https://placehold.co/400x300/F4C430/222222?text=Orbit+Cables+PVC+Insulated+Copper+Wire+%2816+sq
MAT00605,Electrical,Wires & Cables,FR (Flame Retardant) Wire (0.75 sq.mm),Havells,0.75 sq.mm,meter / coil,Rs.17 - Rs.32,"Havells FR (Flame Retardant) Wire, size 0.75 sq.mm, used for household and commercial wiring.",https://placehold.co/400x300/F4C430/222222?text=Havells+FR+%28Flame+Retardant%29+Wire+%280.75+sq.mm
MAT00606,Electrical,Wires & Cables,FR (Flame Retardant) Wire (0.75 sq.mm),Polycab,0.75 sq.mm,meter / coil,Rs.17 - Rs.32,"Polycab FR (Flame Retardant) Wire, size 0.75 sq.mm, used for household and commercial wiring.",https://placehold.co/400x300/F4C430/222222?text=Polycab+FR+%28Flame+Retardant%29+Wire+%280.75+sq.mm
MAT00607,Electrical,Wires & Cables,FR (Flame Retardant) Wire (0.75 sq.mm),Finolex,0.75 sq.mm,meter / coil,Rs.17 - Rs.32,"Finolex FR (Flame Retardant) Wire, size 0.75 sq.mm, used for household and commercial wiring.",https://placehold.co/400x300/F4C430/222222?text=Finolex+FR+%28Flame+Retardant%29+Wire+%280.75+sq.mm
MAT00608,Electrical,Wires & Cables,FR (Flame Retardant) Wire (0.75 sq.mm),KEI Cables,0.75 sq.mm,meter / coil,Rs.17 - Rs.32,"KEI Cables FR (Flame Retardant) Wire, size 0.75 sq.mm, used for household and commercial wiring.",https://placehold.co/400x300/F4C430/222222?text=KEI+Cables+FR+%28Flame+Retardant%29+Wire+%280.75+sq
MAT00609,Electrical,Wires & Cables,FR (Flame Retardant) Wire (0.75 sq.mm),RR Kabel,0.75 sq.mm,meter / coil,Rs.17 - Rs.32,"RR Kabel FR (Flame Retardant) Wire, size 0.75 sq.mm, used for household and commercial wiring.",https://placehold.co/400x300/F4C430/222222?text=RR+Kabel+FR+%28Flame+Retardant%29+Wire+%280.75+sq.m
MAT00610,Electrical,Wires & Cables,FR (Flame Retardant) Wire (0.75 sq.mm),Anchor by Panasonic,0.75 sq.mm,meter / coil,Rs.17 - Rs.32,"Anchor by Panasonic FR (Flame Retardant) Wire, size 0.75 sq.mm, used for household and commercial wiring.",https://placehold.co/400x300/F4C430/222222?text=Anchor+by+Panasonic+FR+%28Flame+Retardant%29+Wire
MAT00611,Electrical,Wires & Cables,FR (Flame Retardant) Wire (0.75 sq.mm),V-Guard,0.75 sq.mm,meter / coil,Rs.17 - Rs.32,"V-Guard FR (Flame Retardant) Wire, size 0.75 sq.mm, used for household and commercial wiring.",https://placehold.co/400x300/F4C430/222222?text=V-Guard+FR+%28Flame+Retardant%29+Wire+%280.75+sq.mm
MAT00612,Electrical,Wires & Cables,FR (Flame Retardant) Wire (0.75 sq.mm),Orbit Cables,0.75 sq.mm,meter / coil,Rs.17 - Rs.32,"Orbit Cables FR (Flame Retardant) Wire, size 0.75 sq.mm, used for household and commercial wiring.",https://placehold.co/400x300/F4C430/222222?text=Orbit+Cables+FR+%28Flame+Retardant%29+Wire+%280.75+
MAT00613,Electrical,Wires & Cables,FR (Flame Retardant) Wire (1.0 sq.mm),Havells,1.0 sq.mm,meter / coil,Rs.17 - Rs.32,"Havells FR (Flame Retardant) Wire, size 1.0 sq.mm, used for household and commercial wiring.",https://placehold.co/400x300/F4C430/222222?text=Havells+FR+%28Flame+Retardant%29+Wire+%281.0+sq.mm%29
MAT00614,Electrical,Wires & Cables,FR (Flame Retardant) Wire (1.0 sq.mm),Polycab,1.0 sq.mm,meter / coil,Rs.17 - Rs.32,"Polycab FR (Flame Retardant) Wire, size 1.0 sq.mm, used for household and commercial wiring.",https://placehold.co/400x300/F4C430/222222?text=Polycab+FR+%28Flame+Retardant%29+Wire+%281.0+sq.mm%29
MAT00615,Electrical,Wires & Cables,FR (Flame Retardant) Wire (1.0 sq.mm),Finolex,1.0 sq.mm,meter / coil,Rs.17 - Rs.32,"Finolex FR (Flame Retardant) Wire, size 1.0 sq.mm, used for household and commercial wiring.",https://placehold.co/400x300/F4C430/222222?text=Finolex+FR+%28Flame+Retardant%29+Wire+%281.0+sq.mm%29
MAT00616,Electrical,Wires & Cables,FR (Flame Retardant) Wire (1.0 sq.mm),KEI Cables,1.0 sq.mm,meter / coil,Rs.17 - Rs.32,"KEI Cables FR (Flame Retardant) Wire, size 1.0 sq.mm, used for household and commercial wiring.",https://placehold.co/400x300/F4C430/222222?text=KEI+Cables+FR+%28Flame+Retardant%29+Wire+%281.0+sq.
MAT00617,Electrical,Wires & Cables,FR (Flame Retardant) Wire (1.0 sq.mm),RR Kabel,1.0 sq.mm,meter / coil,Rs.17 - Rs.32,"RR Kabel FR (Flame Retardant) Wire, size 1.0 sq.mm, used for household and commercial wiring.",https://placehold.co/400x300/F4C430/222222?text=RR+Kabel+FR+%28Flame+Retardant%29+Wire+%281.0+sq.mm
MAT00618,Electrical,Wires & Cables,FR (Flame Retardant) Wire (1.0 sq.mm),Anchor by Panasonic,1.0 sq.mm,meter / coil,Rs.17 - Rs.32,"Anchor by Panasonic FR (Flame Retardant) Wire, size 1.0 sq.mm, used for household and commercial wiring.",https://placehold.co/400x300/F4C430/222222?text=Anchor+by+Panasonic+FR+%28Flame+Retardant%29+Wire
MAT00619,Electrical,Wires & Cables,FR (Flame Retardant) Wire (1.0 sq.mm),V-Guard,1.0 sq.mm,meter / coil,Rs.17 - Rs.32,"V-Guard FR (Flame Retardant) Wire, size 1.0 sq.mm, used for household and commercial wiring.",https://placehold.co/400x300/F4C430/222222?text=V-Guard+FR+%28Flame+Retardant%29+Wire+%281.0+sq.mm%29
MAT00620,Electrical,Wires & Cables,FR (Flame Retardant) Wire (1.0 sq.mm),Orbit Cables,1.0 sq.mm,meter / coil,Rs.17 - Rs.32,"Orbit Cables FR (Flame Retardant) Wire, size 1.0 sq.mm, used for household and commercial wiring.",https://placehold.co/400x300/F4C430/222222?text=Orbit+Cables+FR+%28Flame+Retardant%29+Wire+%281.0+s
MAT00621,Electrical,Wires & Cables,FR (Flame Retardant) Wire (1.5 sq.mm),Havells,1.5 sq.mm,meter / coil,Rs.17 - Rs.32,"Havells FR (Flame Retardant) Wire, size 1.5 sq.mm, used for household and commercial wiring.",https://placehold.co/400x300/F4C430/222222?text=Havells+FR+%28Flame+Retardant%29+Wire+%281.5+sq.mm%29
MAT00622,Electrical,Wires & Cables,FR (Flame Retardant) Wire (1.5 sq.mm),Polycab,1.5 sq.mm,meter / coil,Rs.17 - Rs.32,"Polycab FR (Flame Retardant) Wire, size 1.5 sq.mm, used for household and commercial wiring.",https://placehold.co/400x300/F4C430/222222?text=Polycab+FR+%28Flame+Retardant%29+Wire+%281.5+sq.mm%29
MAT00623,Electrical,Wires & Cables,FR (Flame Retardant) Wire (1.5 sq.mm),Finolex,1.5 sq.mm,meter / coil,Rs.17 - Rs.32,"Finolex FR (Flame Retardant) Wire, size 1.5 sq.mm, used for household and commercial wiring.",https://placehold.co/400x300/F4C430/222222?text=Finolex+FR+%28Flame+Retardant%29+Wire+%281.5+sq.mm%29
MAT00624,Electrical,Wires & Cables,FR (Flame Retardant) Wire (1.5 sq.mm),KEI Cables,1.5 sq.mm,meter / coil,Rs.17 - Rs.32,"KEI Cables FR (Flame Retardant) Wire, size 1.5 sq.mm, used for household and commercial wiring.",https://placehold.co/400x300/F4C430/222222?text=KEI+Cables+FR+%28Flame+Retardant%29+Wire+%281.5+sq.
MAT00625,Electrical,Wires & Cables,FR (Flame Retardant) Wire (1.5 sq.mm),RR Kabel,1.5 sq.mm,meter / coil,Rs.17 - Rs.32,"RR Kabel FR (Flame Retardant) Wire, size 1.5 sq.mm, used for household and commercial wiring.",https://placehold.co/400x300/F4C430/222222?text=RR+Kabel+FR+%28Flame+Retardant%29+Wire+%281.5+sq.mm
MAT00626,Electrical,Wires & Cables,FR (Flame Retardant) Wire (1.5 sq.mm),Anchor by Panasonic,1.5 sq.mm,meter / coil,Rs.17 - Rs.32,"Anchor by Panasonic FR (Flame Retardant) Wire, size 1.5 sq.mm, used for household and commercial wiring.",https://placehold.co/400x300/F4C430/222222?text=Anchor+by+Panasonic+FR+%28Flame+Retardant%29+Wire
MAT00627,Electrical,Wires & Cables,FR (Flame Retardant) Wire (1.5 sq.mm),V-Guard,1.5 sq.mm,meter / coil,Rs.17 - Rs.32,"V-Guard FR (Flame Retardant) Wire, size 1.5 sq.mm, used for household and commercial wiring.",https://placehold.co/400x300/F4C430/222222?text=V-Guard+FR+%28Flame+Retardant%29+Wire+%281.5+sq.mm%29
MAT00628,Electrical,Wires & Cables,FR (Flame Retardant) Wire (1.5 sq.mm),Orbit Cables,1.5 sq.mm,meter / coil,Rs.17 - Rs.32,"Orbit Cables FR (Flame Retardant) Wire, size 1.5 sq.mm, used for household and commercial wiring.",https://placehold.co/400x300/F4C430/222222?text=Orbit+Cables+FR+%28Flame+Retardant%29+Wire+%281.5+s
MAT00629,Electrical,Wires & Cables,FR (Flame Retardant) Wire (2.5 sq.mm),Havells,2.5 sq.mm,meter / coil,Rs.17 - Rs.32,"Havells FR (Flame Retardant) Wire, size 2.5 sq.mm, used for household and commercial wiring.",https://placehold.co/400x300/F4C430/222222?text=Havells+FR+%28Flame+Retardant%29+Wire+%282.5+sq.mm%29
MAT00630,Electrical,Wires & Cables,FR (Flame Retardant) Wire (2.5 sq.mm),Polycab,2.5 sq.mm,meter / coil,Rs.17 - Rs.32,"Polycab FR (Flame Retardant) Wire, size 2.5 sq.mm, used for household and commercial wiring.",https://placehold.co/400x300/F4C430/222222?text=Polycab+FR+%28Flame+Retardant%29+Wire+%282.5+sq.mm%29
MAT00631,Electrical,Switches & Sockets,1-Way Switch,Anchor Roma,White,piece,Rs.62 - Rs.117,"Anchor Roma 1-Way Switch, White finish, modular design for residential and office use.",https://placehold.co/400x300/F4C430/222222?text=Anchor+Roma+1-Way+Switch
MAT00632,Electrical,Switches & Sockets,1-Way Switch,Legrand Myrius,White,piece,Rs.62 - Rs.117,"Legrand Myrius 1-Way Switch, White finish, modular design for residential and office use.",https://placehold.co/400x300/F4C430/222222?text=Legrand+Myrius+1-Way+Switch
MAT00633,Electrical,Switches & Sockets,1-Way Switch,Havells Crabtree,White,piece,Rs.62 - Rs.117,"Havells Crabtree 1-Way Switch, White finish, modular design for residential and office use.",https://placehold.co/400x300/F4C430/222222?text=Havells+Crabtree+1-Way+Switch
MAT00634,Electrical,Switches & Sockets,1-Way Switch,GM Modular,White,piece,Rs.62 - Rs.117,"GM Modular 1-Way Switch, White finish, modular design for residential and office use.",https://placehold.co/400x300/F4C430/222222?text=GM+Modular+1-Way+Switch
MAT00635,Electrical,Switches & Sockets,1-Way Switch,Schneider Livia,White,piece,Rs.62 - Rs.117,"Schneider Livia 1-Way Switch, White finish, modular design for residential and office use.",https://placehold.co/400x300/F4C430/222222?text=Schneider+Livia+1-Way+Switch
MAT00636,Electrical,Switches & Sockets,1-Way Switch,Wipro North West,White,piece,Rs.62 - Rs.117,"Wipro North West 1-Way Switch, White finish, modular design for residential and office use.",https://placehold.co/400x300/F4C430/222222?text=Wipro+North+West+1-Way+Switch
MAT00637,Electrical,Switches & Sockets,1-Way Switch,Philips Aeon,White,piece,Rs.62 - Rs.117,"Philips Aeon 1-Way Switch, White finish, modular design for residential and office use.",https://placehold.co/400x300/F4C430/222222?text=Philips+Aeon+1-Way+Switch
MAT00638,Electrical,Switches & Sockets,1-Way Switch,Goldmedal,White,piece,Rs.62 - Rs.117,"Goldmedal 1-Way Switch, White finish, modular design for residential and office use.",https://placehold.co/400x300/F4C430/222222?text=Goldmedal+1-Way+Switch
MAT00639,Electrical,Switches & Sockets,1-Way Switch,Anchor Roma,Ivory,piece,Rs.62 - Rs.117,"Anchor Roma 1-Way Switch, Ivory finish, modular design for residential and office use.",https://placehold.co/400x300/F4C430/222222?text=Anchor+Roma+1-Way+Switch
MAT00640,Electrical,Switches & Sockets,1-Way Switch,Legrand Myrius,Ivory,piece,Rs.62 - Rs.117,"Legrand Myrius 1-Way Switch, Ivory finish, modular design for residential and office use.",https://placehold.co/400x300/F4C430/222222?text=Legrand+Myrius+1-Way+Switch
MAT00641,Electrical,Switches & Sockets,1-Way Switch,Havells Crabtree,Ivory,piece,Rs.62 - Rs.117,"Havells Crabtree 1-Way Switch, Ivory finish, modular design for residential and office use.",https://placehold.co/400x300/F4C430/222222?text=Havells+Crabtree+1-Way+Switch
MAT00642,Electrical,Switches & Sockets,1-Way Switch,GM Modular,Ivory,piece,Rs.62 - Rs.117,"GM Modular 1-Way Switch, Ivory finish, modular design for residential and office use.",https://placehold.co/400x300/F4C430/222222?text=GM+Modular+1-Way+Switch
MAT00643,Electrical,Switches & Sockets,1-Way Switch,Schneider Livia,Ivory,piece,Rs.62 - Rs.117,"Schneider Livia 1-Way Switch, Ivory finish, modular design for residential and office use.",https://placehold.co/400x300/F4C430/222222?text=Schneider+Livia+1-Way+Switch
MAT00644,Electrical,Switches & Sockets,1-Way Switch,Wipro North West,Ivory,piece,Rs.62 - Rs.117,"Wipro North West 1-Way Switch, Ivory finish, modular design for residential and office use.",https://placehold.co/400x300/F4C430/222222?text=Wipro+North+West+1-Way+Switch
MAT00645,Electrical,Switches & Sockets,1-Way Switch,Philips Aeon,Ivory,piece,Rs.62 - Rs.117,"Philips Aeon 1-Way Switch, Ivory finish, modular design for residential and office use.",https://placehold.co/400x300/F4C430/222222?text=Philips+Aeon+1-Way+Switch
MAT00646,Electrical,Switches & Sockets,1-Way Switch,Goldmedal,Ivory,piece,Rs.62 - Rs.117,"Goldmedal 1-Way Switch, Ivory finish, modular design for residential and office use.",https://placehold.co/400x300/F4C430/222222?text=Goldmedal+1-Way+Switch
MAT00647,Electrical,Switches & Sockets,1-Way Switch,Anchor Roma,Black Matte,piece,Rs.62 - Rs.117,"Anchor Roma 1-Way Switch, Black Matte finish, modular design for residential and office use.",https://placehold.co/400x300/F4C430/222222?text=Anchor+Roma+1-Way+Switch
MAT00648,Electrical,Switches & Sockets,1-Way Switch,Legrand Myrius,Black Matte,piece,Rs.62 - Rs.117,"Legrand Myrius 1-Way Switch, Black Matte finish, modular design for residential and office use.",https://placehold.co/400x300/F4C430/222222?text=Legrand+Myrius+1-Way+Switch
MAT00649,Electrical,Switches & Sockets,1-Way Switch,Havells Crabtree,Black Matte,piece,Rs.62 - Rs.117,"Havells Crabtree 1-Way Switch, Black Matte finish, modular design for residential and office use.",https://placehold.co/400x300/F4C430/222222?text=Havells+Crabtree+1-Way+Switch
MAT00650,Electrical,Switches & Sockets,1-Way Switch,GM Modular,Black Matte,piece,Rs.62 - Rs.117,"GM Modular 1-Way Switch, Black Matte finish, modular design for residential and office use.",https://placehold.co/400x300/F4C430/222222?text=GM+Modular+1-Way+Switch
MAT00651,Electrical,Switches & Sockets,1-Way Switch,Schneider Livia,Black Matte,piece,Rs.62 - Rs.117,"Schneider Livia 1-Way Switch, Black Matte finish, modular design for residential and office use.",https://placehold.co/400x300/F4C430/222222?text=Schneider+Livia+1-Way+Switch
MAT00652,Electrical,Switches & Sockets,1-Way Switch,Wipro North West,Black Matte,piece,Rs.62 - Rs.117,"Wipro North West 1-Way Switch, Black Matte finish, modular design for residential and office use.",https://placehold.co/400x300/F4C430/222222?text=Wipro+North+West+1-Way+Switch
MAT00653,Electrical,Switches & Sockets,1-Way Switch,Philips Aeon,Black Matte,piece,Rs.62 - Rs.117,"Philips Aeon 1-Way Switch, Black Matte finish, modular design for residential and office use.",https://placehold.co/400x300/F4C430/222222?text=Philips+Aeon+1-Way+Switch
MAT00654,Electrical,Switches & Sockets,1-Way Switch,Goldmedal,Black Matte,piece,Rs.62 - Rs.117,"Goldmedal 1-Way Switch, Black Matte finish, modular design for residential and office use.",https://placehold.co/400x300/F4C430/222222?text=Goldmedal+1-Way+Switch
MAT00655,Electrical,Switches & Sockets,1-Way Switch,Anchor Roma,Metallic Grey,piece,Rs.62 - Rs.117,"Anchor Roma 1-Way Switch, Metallic Grey finish, modular design for residential and office use.",https://placehold.co/400x300/F4C430/222222?text=Anchor+Roma+1-Way+Switch
MAT00656,Electrical,Switches & Sockets,1-Way Switch,Legrand Myrius,Metallic Grey,piece,Rs.62 - Rs.117,"Legrand Myrius 1-Way Switch, Metallic Grey finish, modular design for residential and office use.",https://placehold.co/400x300/F4C430/222222?text=Legrand+Myrius+1-Way+Switch
MAT00657,Electrical,Switches & Sockets,1-Way Switch,Havells Crabtree,Metallic Grey,piece,Rs.62 - Rs.117,"Havells Crabtree 1-Way Switch, Metallic Grey finish, modular design for residential and office use.",https://placehold.co/400x300/F4C430/222222?text=Havells+Crabtree+1-Way+Switch
MAT00658,Electrical,Switches & Sockets,1-Way Switch,GM Modular,Metallic Grey,piece,Rs.62 - Rs.117,"GM Modular 1-Way Switch, Metallic Grey finish, modular design for residential and office use.",https://placehold.co/400x300/F4C430/222222?text=GM+Modular+1-Way+Switch
MAT00659,Electrical,Switches & Sockets,1-Way Switch,Schneider Livia,Metallic Grey,piece,Rs.62 - Rs.117,"Schneider Livia 1-Way Switch, Metallic Grey finish, modular design for residential and office use.",https://placehold.co/400x300/F4C430/222222?text=Schneider+Livia+1-Way+Switch
MAT00660,Electrical,Switches & Sockets,1-Way Switch,Wipro North West,Metallic Grey,piece,Rs.62 - Rs.117,"Wipro North West 1-Way Switch, Metallic Grey finish, modular design for residential and office use.",https://placehold.co/400x300/F4C430/222222?text=Wipro+North+West+1-Way+Switch
MAT00661,Electrical,Switches & Sockets,1-Way Switch,Philips Aeon,Metallic Grey,piece,Rs.62 - Rs.117,"Philips Aeon 1-Way Switch, Metallic Grey finish, modular design for residential and office use.",https://placehold.co/400x300/F4C430/222222?text=Philips+Aeon+1-Way+Switch
MAT00662,Electrical,Switches & Sockets,1-Way Switch,Goldmedal,Metallic Grey,piece,Rs.62 - Rs.117,"Goldmedal 1-Way Switch, Metallic Grey finish, modular design for residential and office use.",https://placehold.co/400x300/F4C430/222222?text=Goldmedal+1-Way+Switch
MAT00663,Electrical,Switches & Sockets,1-Way Switch,Anchor Roma,Wood Finish,piece,Rs.62 - Rs.117,"Anchor Roma 1-Way Switch, Wood Finish finish, modular design for residential and office use.",https://placehold.co/400x300/F4C430/222222?text=Anchor+Roma+1-Way+Switch
MAT00664,Electrical,Switches & Sockets,1-Way Switch,Legrand Myrius,Wood Finish,piece,Rs.62 - Rs.117,"Legrand Myrius 1-Way Switch, Wood Finish finish, modular design for residential and office use.",https://placehold.co/400x300/F4C430/222222?text=Legrand+Myrius+1-Way+Switch
MAT00665,Electrical,Switches & Sockets,1-Way Switch,Havells Crabtree,Wood Finish,piece,Rs.62 - Rs.117,"Havells Crabtree 1-Way Switch, Wood Finish finish, modular design for residential and office use.",https://placehold.co/400x300/F4C430/222222?text=Havells+Crabtree+1-Way+Switch
MAT00666,Electrical,Switches & Sockets,1-Way Switch,GM Modular,Wood Finish,piece,Rs.62 - Rs.117,"GM Modular 1-Way Switch, Wood Finish finish, modular design for residential and office use.",https://placehold.co/400x300/F4C430/222222?text=GM+Modular+1-Way+Switch
MAT00667,Electrical,Switches & Sockets,1-Way Switch,Schneider Livia,Wood Finish,piece,Rs.62 - Rs.117,"Schneider Livia 1-Way Switch, Wood Finish finish, modular design for residential and office use.",https://placehold.co/400x300/F4C430/222222?text=Schneider+Livia+1-Way+Switch
MAT00668,Electrical,Switches & Sockets,1-Way Switch,Wipro North West,Wood Finish,piece,Rs.62 - Rs.117,"Wipro North West 1-Way Switch, Wood Finish finish, modular design for residential and office use.",https://placehold.co/400x300/F4C430/222222?text=Wipro+North+West+1-Way+Switch
MAT00669,Electrical,Switches & Sockets,1-Way Switch,Philips Aeon,Wood Finish,piece,Rs.62 - Rs.117,"Philips Aeon 1-Way Switch, Wood Finish finish, modular design for residential and office use.",https://placehold.co/400x300/F4C430/222222?text=Philips+Aeon+1-Way+Switch
MAT00670,Electrical,Switches & Sockets,1-Way Switch,Goldmedal,Wood Finish,piece,Rs.62 - Rs.117,"Goldmedal 1-Way Switch, Wood Finish finish, modular design for residential and office use.",https://placehold.co/400x300/F4C430/222222?text=Goldmedal+1-Way+Switch
MAT00671,Electrical,Switches & Sockets,2-Way Switch,Anchor Roma,White,piece,Rs.62 - Rs.117,"Anchor Roma 2-Way Switch, White finish, modular design for residential and office use.",https://placehold.co/400x300/F4C430/222222?text=Anchor+Roma+2-Way+Switch
MAT00672,Electrical,Switches & Sockets,2-Way Switch,Legrand Myrius,White,piece,Rs.62 - Rs.117,"Legrand Myrius 2-Way Switch, White finish, modular design for residential and office use.",https://placehold.co/400x300/F4C430/222222?text=Legrand+Myrius+2-Way+Switch
MAT00673,Electrical,Switches & Sockets,2-Way Switch,Havells Crabtree,White,piece,Rs.62 - Rs.117,"Havells Crabtree 2-Way Switch, White finish, modular design for residential and office use.",https://placehold.co/400x300/F4C430/222222?text=Havells+Crabtree+2-Way+Switch
MAT00674,Electrical,Switches & Sockets,2-Way Switch,GM Modular,White,piece,Rs.62 - Rs.117,"GM Modular 2-Way Switch, White finish, modular design for residential and office use.",https://placehold.co/400x300/F4C430/222222?text=GM+Modular+2-Way+Switch
MAT00675,Electrical,Switches & Sockets,2-Way Switch,Schneider Livia,White,piece,Rs.62 - Rs.117,"Schneider Livia 2-Way Switch, White finish, modular design for residential and office use.",https://placehold.co/400x300/F4C430/222222?text=Schneider+Livia+2-Way+Switch
MAT00676,Electrical,Switches & Sockets,2-Way Switch,Wipro North West,White,piece,Rs.62 - Rs.117,"Wipro North West 2-Way Switch, White finish, modular design for residential and office use.",https://placehold.co/400x300/F4C430/222222?text=Wipro+North+West+2-Way+Switch
MAT00677,Electrical,Switches & Sockets,2-Way Switch,Philips Aeon,White,piece,Rs.62 - Rs.117,"Philips Aeon 2-Way Switch, White finish, modular design for residential and office use.",https://placehold.co/400x300/F4C430/222222?text=Philips+Aeon+2-Way+Switch
MAT00678,Electrical,Switches & Sockets,2-Way Switch,Goldmedal,White,piece,Rs.62 - Rs.117,"Goldmedal 2-Way Switch, White finish, modular design for residential and office use.",https://placehold.co/400x300/F4C430/222222?text=Goldmedal+2-Way+Switch
MAT00679,Electrical,Switches & Sockets,2-Way Switch,Anchor Roma,Ivory,piece,Rs.62 - Rs.117,"Anchor Roma 2-Way Switch, Ivory finish, modular design for residential and office use.",https://placehold.co/400x300/F4C430/222222?text=Anchor+Roma+2-Way+Switch
MAT00680,Electrical,Switches & Sockets,2-Way Switch,Legrand Myrius,Ivory,piece,Rs.62 - Rs.117,"Legrand Myrius 2-Way Switch, Ivory finish, modular design for residential and office use.",https://placehold.co/400x300/F4C430/222222?text=Legrand+Myrius+2-Way+Switch
MAT00681,Electrical,Switches & Sockets,2-Way Switch,Havells Crabtree,Ivory,piece,Rs.62 - Rs.117,"Havells Crabtree 2-Way Switch, Ivory finish, modular design for residential and office use.",https://placehold.co/400x300/F4C430/222222?text=Havells+Crabtree+2-Way+Switch
MAT00682,Electrical,Switches & Sockets,2-Way Switch,GM Modular,Ivory,piece,Rs.62 - Rs.117,"GM Modular 2-Way Switch, Ivory finish, modular design for residential and office use.",https://placehold.co/400x300/F4C430/222222?text=GM+Modular+2-Way+Switch
MAT00683,Electrical,Switches & Sockets,2-Way Switch,Schneider Livia,Ivory,piece,Rs.62 - Rs.117,"Schneider Livia 2-Way Switch, Ivory finish, modular design for residential and office use.",https://placehold.co/400x300/F4C430/222222?text=Schneider+Livia+2-Way+Switch
MAT00684,Electrical,Switches & Sockets,2-Way Switch,Wipro North West,Ivory,piece,Rs.62 - Rs.117,"Wipro North West 2-Way Switch, Ivory finish, modular design for residential and office use.",https://placehold.co/400x300/F4C430/222222?text=Wipro+North+West+2-Way+Switch
MAT00685,Electrical,Switches & Sockets,2-Way Switch,Philips Aeon,Ivory,piece,Rs.62 - Rs.117,"Philips Aeon 2-Way Switch, Ivory finish, modular design for residential and office use.",https://placehold.co/400x300/F4C430/222222?text=Philips+Aeon+2-Way+Switch
MAT00686,Electrical,Switches & Sockets,2-Way Switch,Goldmedal,Ivory,piece,Rs.62 - Rs.117,"Goldmedal 2-Way Switch, Ivory finish, modular design for residential and office use.",https://placehold.co/400x300/F4C430/222222?text=Goldmedal+2-Way+Switch
MAT00687,Electrical,Switches & Sockets,2-Way Switch,Anchor Roma,Black Matte,piece,Rs.62 - Rs.117,"Anchor Roma 2-Way Switch, Black Matte finish, modular design for residential and office use.",https://placehold.co/400x300/F4C430/222222?text=Anchor+Roma+2-Way+Switch
MAT00688,Electrical,Switches & Sockets,2-Way Switch,Legrand Myrius,Black Matte,piece,Rs.62 - Rs.117,"Legrand Myrius 2-Way Switch, Black Matte finish, modular design for residential and office use.",https://placehold.co/400x300/F4C430/222222?text=Legrand+Myrius+2-Way+Switch
MAT00689,Electrical,Switches & Sockets,2-Way Switch,Havells Crabtree,Black Matte,piece,Rs.62 - Rs.117,"Havells Crabtree 2-Way Switch, Black Matte finish, modular design for residential and office use.",https://placehold.co/400x300/F4C430/222222?text=Havells+Crabtree+2-Way+Switch
MAT00690,Electrical,Switches & Sockets,2-Way Switch,GM Modular,Black Matte,piece,Rs.62 - Rs.117,"GM Modular 2-Way Switch, Black Matte finish, modular design for residential and office use.",https://placehold.co/400x300/F4C430/222222?text=GM+Modular+2-Way+Switch
MAT00691,Electrical,Switches & Sockets,2-Way Switch,Schneider Livia,Black Matte,piece,Rs.62 - Rs.117,"Schneider Livia 2-Way Switch, Black Matte finish, modular design for residential and office use.",https://placehold.co/400x300/F4C430/222222?text=Schneider+Livia+2-Way+Switch
MAT00692,Electrical,Switches & Sockets,2-Way Switch,Wipro North West,Black Matte,piece,Rs.62 - Rs.117,"Wipro North West 2-Way Switch, Black Matte finish, modular design for residential and office use.",https://placehold.co/400x300/F4C430/222222?text=Wipro+North+West+2-Way+Switch
MAT00693,Electrical,Switches & Sockets,2-Way Switch,Philips Aeon,Black Matte,piece,Rs.62 - Rs.117,"Philips Aeon 2-Way Switch, Black Matte finish, modular design for residential and office use.",https://placehold.co/400x300/F4C430/222222?text=Philips+Aeon+2-Way+Switch
MAT00694,Electrical,Switches & Sockets,2-Way Switch,Goldmedal,Black Matte,piece,Rs.62 - Rs.117,"Goldmedal 2-Way Switch, Black Matte finish, modular design for residential and office use.",https://placehold.co/400x300/F4C430/222222?text=Goldmedal+2-Way+Switch
MAT00695,Electrical,Switches & Sockets,2-Way Switch,Anchor Roma,Metallic Grey,piece,Rs.62 - Rs.117,"Anchor Roma 2-Way Switch, Metallic Grey finish, modular design for residential and office use.",https://placehold.co/400x300/F4C430/222222?text=Anchor+Roma+2-Way+Switch
MAT00696,Electrical,Switches & Sockets,2-Way Switch,Legrand Myrius,Metallic Grey,piece,Rs.62 - Rs.117,"Legrand Myrius 2-Way Switch, Metallic Grey finish, modular design for residential and office use.",https://placehold.co/400x300/F4C430/222222?text=Legrand+Myrius+2-Way+Switch
MAT00697,Electrical,Switches & Sockets,2-Way Switch,Havells Crabtree,Metallic Grey,piece,Rs.62 - Rs.117,"Havells Crabtree 2-Way Switch, Metallic Grey finish, modular design for residential and office use.",https://placehold.co/400x300/F4C430/222222?text=Havells+Crabtree+2-Way+Switch
MAT00698,Electrical,Switches & Sockets,2-Way Switch,GM Modular,Metallic Grey,piece,Rs.62 - Rs.117,"GM Modular 2-Way Switch, Metallic Grey finish, modular design for residential and office use.",https://placehold.co/400x300/F4C430/222222?text=GM+Modular+2-Way+Switch
MAT00699,Electrical,Switches & Sockets,2-Way Switch,Schneider Livia,Metallic Grey,piece,Rs.62 - Rs.117,"Schneider Livia 2-Way Switch, Metallic Grey finish, modular design for residential and office use.",https://placehold.co/400x300/F4C430/222222?text=Schneider+Livia+2-Way+Switch
MAT00700,Electrical,Switches & Sockets,2-Way Switch,Wipro North West,Metallic Grey,piece,Rs.62 - Rs.117,"Wipro North West 2-Way Switch, Metallic Grey finish, modular design for residential and office use.",https://placehold.co/400x300/F4C430/222222?text=Wipro+North+West+2-Way+Switch
MAT00701,Electrical,Switches & Sockets,2-Way Switch,Philips Aeon,Metallic Grey,piece,Rs.62 - Rs.117,"Philips Aeon 2-Way Switch, Metallic Grey finish, modular design for residential and office use.",https://placehold.co/400x300/F4C430/222222?text=Philips+Aeon+2-Way+Switch
MAT00702,Electrical,Switches & Sockets,2-Way Switch,Goldmedal,Metallic Grey,piece,Rs.62 - Rs.117,"Goldmedal 2-Way Switch, Metallic Grey finish, modular design for residential and office use.",https://placehold.co/400x300/F4C430/222222?text=Goldmedal+2-Way+Switch
MAT00703,Electrical,Switches & Sockets,2-Way Switch,Anchor Roma,Wood Finish,piece,Rs.62 - Rs.117,"Anchor Roma 2-Way Switch, Wood Finish finish, modular design for residential and office use.",https://placehold.co/400x300/F4C430/222222?text=Anchor+Roma+2-Way+Switch
MAT00704,Electrical,Switches & Sockets,2-Way Switch,Legrand Myrius,Wood Finish,piece,Rs.62 - Rs.117,"Legrand Myrius 2-Way Switch, Wood Finish finish, modular design for residential and office use.",https://placehold.co/400x300/F4C430/222222?text=Legrand+Myrius+2-Way+Switch
MAT00705,Electrical,Switches & Sockets,2-Way Switch,Havells Crabtree,Wood Finish,piece,Rs.62 - Rs.117,"Havells Crabtree 2-Way Switch, Wood Finish finish, modular design for residential and office use.",https://placehold.co/400x300/F4C430/222222?text=Havells+Crabtree+2-Way+Switch
MAT00706,Electrical,Switches & Sockets,2-Way Switch,GM Modular,Wood Finish,piece,Rs.62 - Rs.117,"GM Modular 2-Way Switch, Wood Finish finish, modular design for residential and office use.",https://placehold.co/400x300/F4C430/222222?text=GM+Modular+2-Way+Switch
MAT00707,Electrical,Switches & Sockets,2-Way Switch,Schneider Livia,Wood Finish,piece,Rs.62 - Rs.117,"Schneider Livia 2-Way Switch, Wood Finish finish, modular design for residential and office use.",https://placehold.co/400x300/F4C430/222222?text=Schneider+Livia+2-Way+Switch
MAT00708,Electrical,Switches & Sockets,2-Way Switch,Wipro North West,Wood Finish,piece,Rs.62 - Rs.117,"Wipro North West 2-Way Switch, Wood Finish finish, modular design for residential and office use.",https://placehold.co/400x300/F4C430/222222?text=Wipro+North+West+2-Way+Switch
MAT00709,Electrical,Switches & Sockets,2-Way Switch,Philips Aeon,Wood Finish,piece,Rs.62 - Rs.117,"Philips Aeon 2-Way Switch, Wood Finish finish, modular design for residential and office use.",https://placehold.co/400x300/F4C430/222222?text=Philips+Aeon+2-Way+Switch
MAT00710,Electrical,Switches & Sockets,2-Way Switch,Goldmedal,Wood Finish,piece,Rs.62 - Rs.117,"Goldmedal 2-Way Switch, Wood Finish finish, modular design for residential and office use.",https://placehold.co/400x300/F4C430/222222?text=Goldmedal+2-Way+Switch
MAT00711,Electrical,Switches & Sockets,Modular Switch,Anchor Roma,White,piece,Rs.62 - Rs.117,"Anchor Roma Modular Switch, White finish, modular design for residential and office use.",https://placehold.co/400x300/F4C430/222222?text=Anchor+Roma+Modular+Switch
MAT00712,Electrical,Switches & Sockets,Modular Switch,Legrand Myrius,White,piece,Rs.62 - Rs.117,"Legrand Myrius Modular Switch, White finish, modular design for residential and office use.",https://placehold.co/400x300/F4C430/222222?text=Legrand+Myrius+Modular+Switch
MAT00713,Electrical,Switches & Sockets,Modular Switch,Havells Crabtree,White,piece,Rs.62 - Rs.117,"Havells Crabtree Modular Switch, White finish, modular design for residential and office use.",https://placehold.co/400x300/F4C430/222222?text=Havells+Crabtree+Modular+Switch
MAT00714,Electrical,Switches & Sockets,Modular Switch,GM Modular,White,piece,Rs.62 - Rs.117,"GM Modular Modular Switch, White finish, modular design for residential and office use.",https://placehold.co/400x300/F4C430/222222?text=GM+Modular+Modular+Switch
MAT00715,Electrical,Switches & Sockets,Modular Switch,Schneider Livia,White,piece,Rs.62 - Rs.117,"Schneider Livia Modular Switch, White finish, modular design for residential and office use.",https://placehold.co/400x300/F4C430/222222?text=Schneider+Livia+Modular+Switch
MAT00716,Electrical,Switches & Sockets,Modular Switch,Wipro North West,White,piece,Rs.62 - Rs.117,"Wipro North West Modular Switch, White finish, modular design for residential and office use.",https://placehold.co/400x300/F4C430/222222?text=Wipro+North+West+Modular+Switch
MAT00717,Electrical,Switches & Sockets,Modular Switch,Philips Aeon,White,piece,Rs.62 - Rs.117,"Philips Aeon Modular Switch, White finish, modular design for residential and office use.",https://placehold.co/400x300/F4C430/222222?text=Philips+Aeon+Modular+Switch
MAT00718,Electrical,Switches & Sockets,Modular Switch,Goldmedal,White,piece,Rs.62 - Rs.117,"Goldmedal Modular Switch, White finish, modular design for residential and office use.",https://placehold.co/400x300/F4C430/222222?text=Goldmedal+Modular+Switch
MAT00719,Electrical,Switches & Sockets,Modular Switch,Anchor Roma,Ivory,piece,Rs.62 - Rs.117,"Anchor Roma Modular Switch, Ivory finish, modular design for residential and office use.",https://placehold.co/400x300/F4C430/222222?text=Anchor+Roma+Modular+Switch
MAT00720,Electrical,Switches & Sockets,Modular Switch,Legrand Myrius,Ivory,piece,Rs.62 - Rs.117,"Legrand Myrius Modular Switch, Ivory finish, modular design for residential and office use.",https://placehold.co/400x300/F4C430/222222?text=Legrand+Myrius+Modular+Switch
MAT00721,Electrical,"MCBs, RCCBs & Breakers",Single Pole MCB - 6A,Legrand,6A,piece,Rs.244 - Rs.455,"Legrand Single Pole MCB rated 6A, used for circuit protection in distribution boards.",https://placehold.co/400x300/F4C430/222222?text=Legrand+Single+Pole+MCB+-+6A
MAT00722,Electrical,"MCBs, RCCBs & Breakers",Single Pole MCB - 6A,Schneider Electric,6A,piece,Rs.244 - Rs.455,"Schneider Electric Single Pole MCB rated 6A, used for circuit protection in distribution boards.",https://placehold.co/400x300/F4C430/222222?text=Schneider+Electric+Single+Pole+MCB+-+6A
MAT00723,Electrical,"MCBs, RCCBs & Breakers",Single Pole MCB - 6A,Havells,6A,piece,Rs.244 - Rs.455,"Havells Single Pole MCB rated 6A, used for circuit protection in distribution boards.",https://placehold.co/400x300/F4C430/222222?text=Havells+Single+Pole+MCB+-+6A
MAT00724,Electrical,"MCBs, RCCBs & Breakers",Single Pole MCB - 6A,ABB,6A,piece,Rs.244 - Rs.455,"ABB Single Pole MCB rated 6A, used for circuit protection in distribution boards.",https://placehold.co/400x300/F4C430/222222?text=ABB+Single+Pole+MCB+-+6A
MAT00725,Electrical,"MCBs, RCCBs & Breakers",Single Pole MCB - 6A,Siemens,6A,piece,Rs.244 - Rs.455,"Siemens Single Pole MCB rated 6A, used for circuit protection in distribution boards.",https://placehold.co/400x300/F4C430/222222?text=Siemens+Single+Pole+MCB+-+6A
MAT00726,Electrical,"MCBs, RCCBs & Breakers",Single Pole MCB - 6A,L&T Switchgear,6A,piece,Rs.244 - Rs.455,"L&T Switchgear Single Pole MCB rated 6A, used for circuit protection in distribution boards.",https://placehold.co/400x300/F4C430/222222?text=L%26T+Switchgear+Single+Pole+MCB+-+6A
MAT00727,Electrical,"MCBs, RCCBs & Breakers",Single Pole MCB - 6A,C&S Electric,6A,piece,Rs.244 - Rs.455,"C&S Electric Single Pole MCB rated 6A, used for circuit protection in distribution boards.",https://placehold.co/400x300/F4C430/222222?text=C%26S+Electric+Single+Pole+MCB+-+6A
MAT00728,Electrical,"MCBs, RCCBs & Breakers",Single Pole MCB - 6A,Standard Electric,6A,piece,Rs.244 - Rs.455,"Standard Electric Single Pole MCB rated 6A, used for circuit protection in distribution boards.",https://placehold.co/400x300/F4C430/222222?text=Standard+Electric+Single+Pole+MCB+-+6A
MAT00729,Electrical,"MCBs, RCCBs & Breakers",Single Pole MCB - 10A,Legrand,10A,piece,Rs.244 - Rs.455,"Legrand Single Pole MCB rated 10A, used for circuit protection in distribution boards.",https://placehold.co/400x300/F4C430/222222?text=Legrand+Single+Pole+MCB+-+10A
MAT00730,Electrical,"MCBs, RCCBs & Breakers",Single Pole MCB - 10A,Schneider Electric,10A,piece,Rs.244 - Rs.455,"Schneider Electric Single Pole MCB rated 10A, used for circuit protection in distribution boards.",https://placehold.co/400x300/F4C430/222222?text=Schneider+Electric+Single+Pole+MCB+-+10A
MAT00731,Electrical,"MCBs, RCCBs & Breakers",Single Pole MCB - 10A,Havells,10A,piece,Rs.244 - Rs.455,"Havells Single Pole MCB rated 10A, used for circuit protection in distribution boards.",https://placehold.co/400x300/F4C430/222222?text=Havells+Single+Pole+MCB+-+10A
MAT00732,Electrical,"MCBs, RCCBs & Breakers",Single Pole MCB - 10A,ABB,10A,piece,Rs.244 - Rs.455,"ABB Single Pole MCB rated 10A, used for circuit protection in distribution boards.",https://placehold.co/400x300/F4C430/222222?text=ABB+Single+Pole+MCB+-+10A
MAT00733,Electrical,"MCBs, RCCBs & Breakers",Single Pole MCB - 10A,Siemens,10A,piece,Rs.244 - Rs.455,"Siemens Single Pole MCB rated 10A, used for circuit protection in distribution boards.",https://placehold.co/400x300/F4C430/222222?text=Siemens+Single+Pole+MCB+-+10A
MAT00734,Electrical,"MCBs, RCCBs & Breakers",Single Pole MCB - 10A,L&T Switchgear,10A,piece,Rs.244 - Rs.455,"L&T Switchgear Single Pole MCB rated 10A, used for circuit protection in distribution boards.",https://placehold.co/400x300/F4C430/222222?text=L%26T+Switchgear+Single+Pole+MCB+-+10A
MAT00735,Electrical,"MCBs, RCCBs & Breakers",Single Pole MCB - 10A,C&S Electric,10A,piece,Rs.244 - Rs.455,"C&S Electric Single Pole MCB rated 10A, used for circuit protection in distribution boards.",https://placehold.co/400x300/F4C430/222222?text=C%26S+Electric+Single+Pole+MCB+-+10A
MAT00736,Electrical,"MCBs, RCCBs & Breakers",Single Pole MCB - 10A,Standard Electric,10A,piece,Rs.244 - Rs.455,"Standard Electric Single Pole MCB rated 10A, used for circuit protection in distribution boards.",https://placehold.co/400x300/F4C430/222222?text=Standard+Electric+Single+Pole+MCB+-+10A
MAT00737,Electrical,"MCBs, RCCBs & Breakers",Single Pole MCB - 16A,Legrand,16A,piece,Rs.244 - Rs.455,"Legrand Single Pole MCB rated 16A, used for circuit protection in distribution boards.",https://placehold.co/400x300/F4C430/222222?text=Legrand+Single+Pole+MCB+-+16A
MAT00738,Electrical,"MCBs, RCCBs & Breakers",Single Pole MCB - 16A,Schneider Electric,16A,piece,Rs.244 - Rs.455,"Schneider Electric Single Pole MCB rated 16A, used for circuit protection in distribution boards.",https://placehold.co/400x300/F4C430/222222?text=Schneider+Electric+Single+Pole+MCB+-+16A
MAT00739,Electrical,"MCBs, RCCBs & Breakers",Single Pole MCB - 16A,Havells,16A,piece,Rs.244 - Rs.455,"Havells Single Pole MCB rated 16A, used for circuit protection in distribution boards.",https://placehold.co/400x300/F4C430/222222?text=Havells+Single+Pole+MCB+-+16A
MAT00740,Electrical,"MCBs, RCCBs & Breakers",Single Pole MCB - 16A,ABB,16A,piece,Rs.244 - Rs.455,"ABB Single Pole MCB rated 16A, used for circuit protection in distribution boards.",https://placehold.co/400x300/F4C430/222222?text=ABB+Single+Pole+MCB+-+16A
MAT00741,Electrical,"MCBs, RCCBs & Breakers",Single Pole MCB - 16A,Siemens,16A,piece,Rs.244 - Rs.455,"Siemens Single Pole MCB rated 16A, used for circuit protection in distribution boards.",https://placehold.co/400x300/F4C430/222222?text=Siemens+Single+Pole+MCB+-+16A
MAT00742,Electrical,"MCBs, RCCBs & Breakers",Single Pole MCB - 16A,L&T Switchgear,16A,piece,Rs.244 - Rs.455,"L&T Switchgear Single Pole MCB rated 16A, used for circuit protection in distribution boards.",https://placehold.co/400x300/F4C430/222222?text=L%26T+Switchgear+Single+Pole+MCB+-+16A
MAT00743,Electrical,"MCBs, RCCBs & Breakers",Single Pole MCB - 16A,C&S Electric,16A,piece,Rs.244 - Rs.455,"C&S Electric Single Pole MCB rated 16A, used for circuit protection in distribution boards.",https://placehold.co/400x300/F4C430/222222?text=C%26S+Electric+Single+Pole+MCB+-+16A
MAT00744,Electrical,"MCBs, RCCBs & Breakers",Single Pole MCB - 16A,Standard Electric,16A,piece,Rs.244 - Rs.455,"Standard Electric Single Pole MCB rated 16A, used for circuit protection in distribution boards.",https://placehold.co/400x300/F4C430/222222?text=Standard+Electric+Single+Pole+MCB+-+16A
MAT00745,Electrical,"MCBs, RCCBs & Breakers",Single Pole MCB - 20A,Legrand,20A,piece,Rs.244 - Rs.455,"Legrand Single Pole MCB rated 20A, used for circuit protection in distribution boards.",https://placehold.co/400x300/F4C430/222222?text=Legrand+Single+Pole+MCB+-+20A
MAT00746,Electrical,"MCBs, RCCBs & Breakers",Single Pole MCB - 20A,Schneider Electric,20A,piece,Rs.244 - Rs.455,"Schneider Electric Single Pole MCB rated 20A, used for circuit protection in distribution boards.",https://placehold.co/400x300/F4C430/222222?text=Schneider+Electric+Single+Pole+MCB+-+20A
MAT00747,Electrical,"MCBs, RCCBs & Breakers",Single Pole MCB - 20A,Havells,20A,piece,Rs.244 - Rs.455,"Havells Single Pole MCB rated 20A, used for circuit protection in distribution boards.",https://placehold.co/400x300/F4C430/222222?text=Havells+Single+Pole+MCB+-+20A
MAT00748,Electrical,"MCBs, RCCBs & Breakers",Single Pole MCB - 20A,ABB,20A,piece,Rs.244 - Rs.455,"ABB Single Pole MCB rated 20A, used for circuit protection in distribution boards.",https://placehold.co/400x300/F4C430/222222?text=ABB+Single+Pole+MCB+-+20A
MAT00749,Electrical,"MCBs, RCCBs & Breakers",Single Pole MCB - 20A,Siemens,20A,piece,Rs.244 - Rs.455,"Siemens Single Pole MCB rated 20A, used for circuit protection in distribution boards.",https://placehold.co/400x300/F4C430/222222?text=Siemens+Single+Pole+MCB+-+20A
MAT00750,Electrical,"MCBs, RCCBs & Breakers",Single Pole MCB - 20A,L&T Switchgear,20A,piece,Rs.244 - Rs.455,"L&T Switchgear Single Pole MCB rated 20A, used for circuit protection in distribution boards.",https://placehold.co/400x300/F4C430/222222?text=L%26T+Switchgear+Single+Pole+MCB+-+20A
MAT00751,Electrical,"MCBs, RCCBs & Breakers",Single Pole MCB - 20A,C&S Electric,20A,piece,Rs.244 - Rs.455,"C&S Electric Single Pole MCB rated 20A, used for circuit protection in distribution boards.",https://placehold.co/400x300/F4C430/222222?text=C%26S+Electric+Single+Pole+MCB+-+20A
MAT00752,Electrical,"MCBs, RCCBs & Breakers",Single Pole MCB - 20A,Standard Electric,20A,piece,Rs.244 - Rs.455,"Standard Electric Single Pole MCB rated 20A, used for circuit protection in distribution boards.",https://placehold.co/400x300/F4C430/222222?text=Standard+Electric+Single+Pole+MCB+-+20A
MAT00753,Electrical,"MCBs, RCCBs & Breakers",Single Pole MCB - 25A,Legrand,25A,piece,Rs.244 - Rs.455,"Legrand Single Pole MCB rated 25A, used for circuit protection in distribution boards.",https://placehold.co/400x300/F4C430/222222?text=Legrand+Single+Pole+MCB+-+25A
MAT00754,Electrical,"MCBs, RCCBs & Breakers",Single Pole MCB - 25A,Schneider Electric,25A,piece,Rs.244 - Rs.455,"Schneider Electric Single Pole MCB rated 25A, used for circuit protection in distribution boards.",https://placehold.co/400x300/F4C430/222222?text=Schneider+Electric+Single+Pole+MCB+-+25A
MAT00755,Electrical,"MCBs, RCCBs & Breakers",Single Pole MCB - 25A,Havells,25A,piece,Rs.244 - Rs.455,"Havells Single Pole MCB rated 25A, used for circuit protection in distribution boards.",https://placehold.co/400x300/F4C430/222222?text=Havells+Single+Pole+MCB+-+25A
MAT00756,Electrical,"MCBs, RCCBs & Breakers",Single Pole MCB - 25A,ABB,25A,piece,Rs.244 - Rs.455,"ABB Single Pole MCB rated 25A, used for circuit protection in distribution boards.",https://placehold.co/400x300/F4C430/222222?text=ABB+Single+Pole+MCB+-+25A
MAT00757,Electrical,"MCBs, RCCBs & Breakers",Single Pole MCB - 25A,Siemens,25A,piece,Rs.244 - Rs.455,"Siemens Single Pole MCB rated 25A, used for circuit protection in distribution boards.",https://placehold.co/400x300/F4C430/222222?text=Siemens+Single+Pole+MCB+-+25A
MAT00758,Electrical,"MCBs, RCCBs & Breakers",Single Pole MCB - 25A,L&T Switchgear,25A,piece,Rs.244 - Rs.455,"L&T Switchgear Single Pole MCB rated 25A, used for circuit protection in distribution boards.",https://placehold.co/400x300/F4C430/222222?text=L%26T+Switchgear+Single+Pole+MCB+-+25A
MAT00759,Electrical,"MCBs, RCCBs & Breakers",Single Pole MCB - 25A,C&S Electric,25A,piece,Rs.244 - Rs.455,"C&S Electric Single Pole MCB rated 25A, used for circuit protection in distribution boards.",https://placehold.co/400x300/F4C430/222222?text=C%26S+Electric+Single+Pole+MCB+-+25A
MAT00760,Electrical,"MCBs, RCCBs & Breakers",Single Pole MCB - 25A,Standard Electric,25A,piece,Rs.244 - Rs.455,"Standard Electric Single Pole MCB rated 25A, used for circuit protection in distribution boards.",https://placehold.co/400x300/F4C430/222222?text=Standard+Electric+Single+Pole+MCB+-+25A
MAT00761,Electrical,"MCBs, RCCBs & Breakers",Single Pole MCB - 32A,Legrand,32A,piece,Rs.244 - Rs.455,"Legrand Single Pole MCB rated 32A, used for circuit protection in distribution boards.",https://placehold.co/400x300/F4C430/222222?text=Legrand+Single+Pole+MCB+-+32A
MAT00762,Electrical,"MCBs, RCCBs & Breakers",Single Pole MCB - 32A,Schneider Electric,32A,piece,Rs.244 - Rs.455,"Schneider Electric Single Pole MCB rated 32A, used for circuit protection in distribution boards.",https://placehold.co/400x300/F4C430/222222?text=Schneider+Electric+Single+Pole+MCB+-+32A
MAT00763,Electrical,"MCBs, RCCBs & Breakers",Single Pole MCB - 32A,Havells,32A,piece,Rs.244 - Rs.455,"Havells Single Pole MCB rated 32A, used for circuit protection in distribution boards.",https://placehold.co/400x300/F4C430/222222?text=Havells+Single+Pole+MCB+-+32A
MAT00764,Electrical,"MCBs, RCCBs & Breakers",Single Pole MCB - 32A,ABB,32A,piece,Rs.244 - Rs.455,"ABB Single Pole MCB rated 32A, used for circuit protection in distribution boards.",https://placehold.co/400x300/F4C430/222222?text=ABB+Single+Pole+MCB+-+32A
MAT00765,Electrical,"MCBs, RCCBs & Breakers",Single Pole MCB - 32A,Siemens,32A,piece,Rs.244 - Rs.455,"Siemens Single Pole MCB rated 32A, used for circuit protection in distribution boards.",https://placehold.co/400x300/F4C430/222222?text=Siemens+Single+Pole+MCB+-+32A
MAT00766,Electrical,"MCBs, RCCBs & Breakers",Single Pole MCB - 32A,L&T Switchgear,32A,piece,Rs.244 - Rs.455,"L&T Switchgear Single Pole MCB rated 32A, used for circuit protection in distribution boards.",https://placehold.co/400x300/F4C430/222222?text=L%26T+Switchgear+Single+Pole+MCB+-+32A
MAT00767,Electrical,"MCBs, RCCBs & Breakers",Single Pole MCB - 32A,C&S Electric,32A,piece,Rs.244 - Rs.455,"C&S Electric Single Pole MCB rated 32A, used for circuit protection in distribution boards.",https://placehold.co/400x300/F4C430/222222?text=C%26S+Electric+Single+Pole+MCB+-+32A
MAT00768,Electrical,"MCBs, RCCBs & Breakers",Single Pole MCB - 32A,Standard Electric,32A,piece,Rs.244 - Rs.455,"Standard Electric Single Pole MCB rated 32A, used for circuit protection in distribution boards.",https://placehold.co/400x300/F4C430/222222?text=Standard+Electric+Single+Pole+MCB+-+32A
MAT00769,Electrical,"MCBs, RCCBs & Breakers",Single Pole MCB - 40A,Legrand,40A,piece,Rs.244 - Rs.455,"Legrand Single Pole MCB rated 40A, used for circuit protection in distribution boards.",https://placehold.co/400x300/F4C430/222222?text=Legrand+Single+Pole+MCB+-+40A
MAT00770,Electrical,"MCBs, RCCBs & Breakers",Single Pole MCB - 40A,Schneider Electric,40A,piece,Rs.244 - Rs.455,"Schneider Electric Single Pole MCB rated 40A, used for circuit protection in distribution boards.",https://placehold.co/400x300/F4C430/222222?text=Schneider+Electric+Single+Pole+MCB+-+40A
MAT00771,Electrical,"MCBs, RCCBs & Breakers",Single Pole MCB - 40A,Havells,40A,piece,Rs.244 - Rs.455,"Havells Single Pole MCB rated 40A, used for circuit protection in distribution boards.",https://placehold.co/400x300/F4C430/222222?text=Havells+Single+Pole+MCB+-+40A
MAT00772,Electrical,"MCBs, RCCBs & Breakers",Single Pole MCB - 40A,ABB,40A,piece,Rs.244 - Rs.455,"ABB Single Pole MCB rated 40A, used for circuit protection in distribution boards.",https://placehold.co/400x300/F4C430/222222?text=ABB+Single+Pole+MCB+-+40A
MAT00773,Electrical,"MCBs, RCCBs & Breakers",Single Pole MCB - 40A,Siemens,40A,piece,Rs.244 - Rs.455,"Siemens Single Pole MCB rated 40A, used for circuit protection in distribution boards.",https://placehold.co/400x300/F4C430/222222?text=Siemens+Single+Pole+MCB+-+40A
MAT00774,Electrical,"MCBs, RCCBs & Breakers",Single Pole MCB - 40A,L&T Switchgear,40A,piece,Rs.244 - Rs.455,"L&T Switchgear Single Pole MCB rated 40A, used for circuit protection in distribution boards.",https://placehold.co/400x300/F4C430/222222?text=L%26T+Switchgear+Single+Pole+MCB+-+40A
MAT00775,Electrical,"MCBs, RCCBs & Breakers",Single Pole MCB - 40A,C&S Electric,40A,piece,Rs.244 - Rs.455,"C&S Electric Single Pole MCB rated 40A, used for circuit protection in distribution boards.",https://placehold.co/400x300/F4C430/222222?text=C%26S+Electric+Single+Pole+MCB+-+40A
MAT00776,Electrical,"MCBs, RCCBs & Breakers",Single Pole MCB - 40A,Standard Electric,40A,piece,Rs.244 - Rs.455,"Standard Electric Single Pole MCB rated 40A, used for circuit protection in distribution boards.",https://placehold.co/400x300/F4C430/222222?text=Standard+Electric+Single+Pole+MCB+-+40A
MAT00777,Electrical,"MCBs, RCCBs & Breakers",Single Pole MCB - 63A,Legrand,63A,piece,Rs.244 - Rs.455,"Legrand Single Pole MCB rated 63A, used for circuit protection in distribution boards.",https://placehold.co/400x300/F4C430/222222?text=Legrand+Single+Pole+MCB+-+63A
MAT00778,Electrical,"MCBs, RCCBs & Breakers",Single Pole MCB - 63A,Schneider Electric,63A,piece,Rs.244 - Rs.455,"Schneider Electric Single Pole MCB rated 63A, used for circuit protection in distribution boards.",https://placehold.co/400x300/F4C430/222222?text=Schneider+Electric+Single+Pole+MCB+-+63A
MAT00779,Electrical,"MCBs, RCCBs & Breakers",Single Pole MCB - 63A,Havells,63A,piece,Rs.244 - Rs.455,"Havells Single Pole MCB rated 63A, used for circuit protection in distribution boards.",https://placehold.co/400x300/F4C430/222222?text=Havells+Single+Pole+MCB+-+63A
MAT00780,Electrical,"MCBs, RCCBs & Breakers",Single Pole MCB - 63A,ABB,63A,piece,Rs.244 - Rs.455,"ABB Single Pole MCB rated 63A, used for circuit protection in distribution boards.",https://placehold.co/400x300/F4C430/222222?text=ABB+Single+Pole+MCB+-+63A
MAT00781,Electrical,"MCBs, RCCBs & Breakers",Single Pole MCB - 63A,Siemens,63A,piece,Rs.244 - Rs.455,"Siemens Single Pole MCB rated 63A, used for circuit protection in distribution boards.",https://placehold.co/400x300/F4C430/222222?text=Siemens+Single+Pole+MCB+-+63A
MAT00782,Electrical,"MCBs, RCCBs & Breakers",Single Pole MCB - 63A,L&T Switchgear,63A,piece,Rs.244 - Rs.455,"L&T Switchgear Single Pole MCB rated 63A, used for circuit protection in distribution boards.",https://placehold.co/400x300/F4C430/222222?text=L%26T+Switchgear+Single+Pole+MCB+-+63A
MAT00783,Electrical,"MCBs, RCCBs & Breakers",Single Pole MCB - 63A,C&S Electric,63A,piece,Rs.244 - Rs.455,"C&S Electric Single Pole MCB rated 63A, used for circuit protection in distribution boards.",https://placehold.co/400x300/F4C430/222222?text=C%26S+Electric+Single+Pole+MCB+-+63A
MAT00784,Electrical,"MCBs, RCCBs & Breakers",Single Pole MCB - 63A,Standard Electric,63A,piece,Rs.244 - Rs.455,"Standard Electric Single Pole MCB rated 63A, used for circuit protection in distribution boards.",https://placehold.co/400x300/F4C430/222222?text=Standard+Electric+Single+Pole+MCB+-+63A
MAT00785,Electrical,"MCBs, RCCBs & Breakers",Double Pole MCB - 6A,Legrand,6A,piece,Rs.244 - Rs.455,"Legrand Double Pole MCB rated 6A, used for circuit protection in distribution boards.",https://placehold.co/400x300/F4C430/222222?text=Legrand+Double+Pole+MCB+-+6A
MAT00786,Electrical,"MCBs, RCCBs & Breakers",Double Pole MCB - 6A,Schneider Electric,6A,piece,Rs.244 - Rs.455,"Schneider Electric Double Pole MCB rated 6A, used for circuit protection in distribution boards.",https://placehold.co/400x300/F4C430/222222?text=Schneider+Electric+Double+Pole+MCB+-+6A
MAT00787,Electrical,"MCBs, RCCBs & Breakers",Double Pole MCB - 6A,Havells,6A,piece,Rs.244 - Rs.455,"Havells Double Pole MCB rated 6A, used for circuit protection in distribution boards.",https://placehold.co/400x300/F4C430/222222?text=Havells+Double+Pole+MCB+-+6A
MAT00788,Electrical,"MCBs, RCCBs & Breakers",Double Pole MCB - 6A,ABB,6A,piece,Rs.244 - Rs.455,"ABB Double Pole MCB rated 6A, used for circuit protection in distribution boards.",https://placehold.co/400x300/F4C430/222222?text=ABB+Double+Pole+MCB+-+6A
MAT00789,Electrical,"MCBs, RCCBs & Breakers",Double Pole MCB - 6A,Siemens,6A,piece,Rs.244 - Rs.455,"Siemens Double Pole MCB rated 6A, used for circuit protection in distribution boards.",https://placehold.co/400x300/F4C430/222222?text=Siemens+Double+Pole+MCB+-+6A
MAT00790,Electrical,"MCBs, RCCBs & Breakers",Double Pole MCB - 6A,L&T Switchgear,6A,piece,Rs.244 - Rs.455,"L&T Switchgear Double Pole MCB rated 6A, used for circuit protection in distribution boards.",https://placehold.co/400x300/F4C430/222222?text=L%26T+Switchgear+Double+Pole+MCB+-+6A
MAT00791,Electrical,"MCBs, RCCBs & Breakers",Double Pole MCB - 6A,C&S Electric,6A,piece,Rs.244 - Rs.455,"C&S Electric Double Pole MCB rated 6A, used for circuit protection in distribution boards.",https://placehold.co/400x300/F4C430/222222?text=C%26S+Electric+Double+Pole+MCB+-+6A
MAT00792,Electrical,"MCBs, RCCBs & Breakers",Double Pole MCB - 6A,Standard Electric,6A,piece,Rs.244 - Rs.455,"Standard Electric Double Pole MCB rated 6A, used for circuit protection in distribution boards.",https://placehold.co/400x300/F4C430/222222?text=Standard+Electric+Double+Pole+MCB+-+6A
MAT00793,Electrical,"MCBs, RCCBs & Breakers",Double Pole MCB - 10A,Legrand,10A,piece,Rs.244 - Rs.455,"Legrand Double Pole MCB rated 10A, used for circuit protection in distribution boards.",https://placehold.co/400x300/F4C430/222222?text=Legrand+Double+Pole+MCB+-+10A
MAT00794,Electrical,"MCBs, RCCBs & Breakers",Double Pole MCB - 10A,Schneider Electric,10A,piece,Rs.244 - Rs.455,"Schneider Electric Double Pole MCB rated 10A, used for circuit protection in distribution boards.",https://placehold.co/400x300/F4C430/222222?text=Schneider+Electric+Double+Pole+MCB+-+10A
MAT00795,Electrical,"MCBs, RCCBs & Breakers",Double Pole MCB - 10A,Havells,10A,piece,Rs.244 - Rs.455,"Havells Double Pole MCB rated 10A, used for circuit protection in distribution boards.",https://placehold.co/400x300/F4C430/222222?text=Havells+Double+Pole+MCB+-+10A
MAT00796,Electrical,"MCBs, RCCBs & Breakers",Double Pole MCB - 10A,ABB,10A,piece,Rs.244 - Rs.455,"ABB Double Pole MCB rated 10A, used for circuit protection in distribution boards.",https://placehold.co/400x300/F4C430/222222?text=ABB+Double+Pole+MCB+-+10A
MAT00797,Electrical,"MCBs, RCCBs & Breakers",Double Pole MCB - 10A,Siemens,10A,piece,Rs.244 - Rs.455,"Siemens Double Pole MCB rated 10A, used for circuit protection in distribution boards.",https://placehold.co/400x300/F4C430/222222?text=Siemens+Double+Pole+MCB+-+10A
MAT00798,Electrical,"MCBs, RCCBs & Breakers",Double Pole MCB - 10A,L&T Switchgear,10A,piece,Rs.244 - Rs.455,"L&T Switchgear Double Pole MCB rated 10A, used for circuit protection in distribution boards.",https://placehold.co/400x300/F4C430/222222?text=L%26T+Switchgear+Double+Pole+MCB+-+10A
MAT00799,Electrical,"MCBs, RCCBs & Breakers",Double Pole MCB - 10A,C&S Electric,10A,piece,Rs.244 - Rs.455,"C&S Electric Double Pole MCB rated 10A, used for circuit protection in distribution boards.",https://placehold.co/400x300/F4C430/222222?text=C%26S+Electric+Double+Pole+MCB+-+10A
MAT00800,Electrical,"MCBs, RCCBs & Breakers",Double Pole MCB - 10A,Standard Electric,10A,piece,Rs.244 - Rs.455,"Standard Electric Double Pole MCB rated 10A, used for circuit protection in distribution boards.",https://placehold.co/400x300/F4C430/222222?text=Standard+Electric+Double+Pole+MCB+-+10A
MAT00801,Electrical,"MCBs, RCCBs & Breakers",Double Pole MCB - 16A,Legrand,16A,piece,Rs.244 - Rs.455,"Legrand Double Pole MCB rated 16A, used for circuit protection in distribution boards.",https://placehold.co/400x300/F4C430/222222?text=Legrand+Double+Pole+MCB+-+16A
MAT00802,Electrical,"MCBs, RCCBs & Breakers",Double Pole MCB - 16A,Schneider Electric,16A,piece,Rs.244 - Rs.455,"Schneider Electric Double Pole MCB rated 16A, used for circuit protection in distribution boards.",https://placehold.co/400x300/F4C430/222222?text=Schneider+Electric+Double+Pole+MCB+-+16A
MAT00803,Electrical,"MCBs, RCCBs & Breakers",Double Pole MCB - 16A,Havells,16A,piece,Rs.244 - Rs.455,"Havells Double Pole MCB rated 16A, used for circuit protection in distribution boards.",https://placehold.co/400x300/F4C430/222222?text=Havells+Double+Pole+MCB+-+16A
MAT00804,Electrical,"MCBs, RCCBs & Breakers",Double Pole MCB - 16A,ABB,16A,piece,Rs.244 - Rs.455,"ABB Double Pole MCB rated 16A, used for circuit protection in distribution boards.",https://placehold.co/400x300/F4C430/222222?text=ABB+Double+Pole+MCB+-+16A
MAT00805,Electrical,"MCBs, RCCBs & Breakers",Double Pole MCB - 16A,Siemens,16A,piece,Rs.244 - Rs.455,"Siemens Double Pole MCB rated 16A, used for circuit protection in distribution boards.",https://placehold.co/400x300/F4C430/222222?text=Siemens+Double+Pole+MCB+-+16A
MAT00806,Electrical,"MCBs, RCCBs & Breakers",Double Pole MCB - 16A,L&T Switchgear,16A,piece,Rs.244 - Rs.455,"L&T Switchgear Double Pole MCB rated 16A, used for circuit protection in distribution boards.",https://placehold.co/400x300/F4C430/222222?text=L%26T+Switchgear+Double+Pole+MCB+-+16A
MAT00807,Electrical,"MCBs, RCCBs & Breakers",Double Pole MCB - 16A,C&S Electric,16A,piece,Rs.244 - Rs.455,"C&S Electric Double Pole MCB rated 16A, used for circuit protection in distribution boards.",https://placehold.co/400x300/F4C430/222222?text=C%26S+Electric+Double+Pole+MCB+-+16A
MAT00808,Electrical,"MCBs, RCCBs & Breakers",Double Pole MCB - 16A,Standard Electric,16A,piece,Rs.244 - Rs.455,"Standard Electric Double Pole MCB rated 16A, used for circuit protection in distribution boards.",https://placehold.co/400x300/F4C430/222222?text=Standard+Electric+Double+Pole+MCB+-+16A
MAT00809,Electrical,"MCBs, RCCBs & Breakers",Double Pole MCB - 20A,Legrand,20A,piece,Rs.244 - Rs.455,"Legrand Double Pole MCB rated 20A, used for circuit protection in distribution boards.",https://placehold.co/400x300/F4C430/222222?text=Legrand+Double+Pole+MCB+-+20A
MAT00810,Electrical,"MCBs, RCCBs & Breakers",Double Pole MCB - 20A,Schneider Electric,20A,piece,Rs.244 - Rs.455,"Schneider Electric Double Pole MCB rated 20A, used for circuit protection in distribution boards.",https://placehold.co/400x300/F4C430/222222?text=Schneider+Electric+Double+Pole+MCB+-+20A
MAT00811,Electrical,Distribution Boards & Panels,4-Way SPN DB,Havells,Surface Mount,piece,Rs.979 - Rs.1820,"Havells 4-Way SPN DB, Surface Mount type, used to house MCBs and control circuit distribution.",https://placehold.co/400x300/F4C430/222222?text=Havells+4-Way+SPN+DB
MAT00812,Electrical,Distribution Boards & Panels,4-Way SPN DB,Legrand,Surface Mount,piece,Rs.979 - Rs.1820,"Legrand 4-Way SPN DB, Surface Mount type, used to house MCBs and control circuit distribution.",https://placehold.co/400x300/F4C430/222222?text=Legrand+4-Way+SPN+DB
MAT00813,Electrical,Distribution Boards & Panels,4-Way SPN DB,Schneider Electric,Surface Mount,piece,Rs.979 - Rs.1820,"Schneider Electric 4-Way SPN DB, Surface Mount type, used to house MCBs and control circuit distribution.",https://placehold.co/400x300/F4C430/222222?text=Schneider+Electric+4-Way+SPN+DB
MAT00814,Electrical,Distribution Boards & Panels,4-Way SPN DB,L&T,Surface Mount,piece,Rs.979 - Rs.1820,"L&T 4-Way SPN DB, Surface Mount type, used to house MCBs and control circuit distribution.",https://placehold.co/400x300/F4C430/222222?text=L%26T+4-Way+SPN+DB
MAT00815,Electrical,Distribution Boards & Panels,4-Way SPN DB,Siemens,Surface Mount,piece,Rs.979 - Rs.1820,"Siemens 4-Way SPN DB, Surface Mount type, used to house MCBs and control circuit distribution.",https://placehold.co/400x300/F4C430/222222?text=Siemens+4-Way+SPN+DB
MAT00816,Electrical,Distribution Boards & Panels,4-Way SPN DB,Anchor,Surface Mount,piece,Rs.979 - Rs.1820,"Anchor 4-Way SPN DB, Surface Mount type, used to house MCBs and control circuit distribution.",https://placehold.co/400x300/F4C430/222222?text=Anchor+4-Way+SPN+DB
MAT00817,Electrical,Distribution Boards & Panels,4-Way SPN DB,Havells,Flush Mount,piece,Rs.979 - Rs.1820,"Havells 4-Way SPN DB, Flush Mount type, used to house MCBs and control circuit distribution.",https://placehold.co/400x300/F4C430/222222?text=Havells+4-Way+SPN+DB
MAT00818,Electrical,Distribution Boards & Panels,4-Way SPN DB,Legrand,Flush Mount,piece,Rs.979 - Rs.1820,"Legrand 4-Way SPN DB, Flush Mount type, used to house MCBs and control circuit distribution.",https://placehold.co/400x300/F4C430/222222?text=Legrand+4-Way+SPN+DB
MAT00819,Electrical,Distribution Boards & Panels,4-Way SPN DB,Schneider Electric,Flush Mount,piece,Rs.979 - Rs.1820,"Schneider Electric 4-Way SPN DB, Flush Mount type, used to house MCBs and control circuit distribution.",https://placehold.co/400x300/F4C430/222222?text=Schneider+Electric+4-Way+SPN+DB
MAT00820,Electrical,Distribution Boards & Panels,4-Way SPN DB,L&T,Flush Mount,piece,Rs.979 - Rs.1820,"L&T 4-Way SPN DB, Flush Mount type, used to house MCBs and control circuit distribution.",https://placehold.co/400x300/F4C430/222222?text=L%26T+4-Way+SPN+DB
MAT00821,Electrical,Distribution Boards & Panels,4-Way SPN DB,Siemens,Flush Mount,piece,Rs.979 - Rs.1820,"Siemens 4-Way SPN DB, Flush Mount type, used to house MCBs and control circuit distribution.",https://placehold.co/400x300/F4C430/222222?text=Siemens+4-Way+SPN+DB
MAT00822,Electrical,Distribution Boards & Panels,4-Way SPN DB,Anchor,Flush Mount,piece,Rs.979 - Rs.1820,"Anchor 4-Way SPN DB, Flush Mount type, used to house MCBs and control circuit distribution.",https://placehold.co/400x300/F4C430/222222?text=Anchor+4-Way+SPN+DB
MAT00823,Electrical,Distribution Boards & Panels,4-Way SPN DB,Havells,Outdoor IP65,piece,Rs.979 - Rs.1820,"Havells 4-Way SPN DB, Outdoor IP65 type, used to house MCBs and control circuit distribution.",https://placehold.co/400x300/F4C430/222222?text=Havells+4-Way+SPN+DB
MAT00824,Electrical,Distribution Boards & Panels,4-Way SPN DB,Legrand,Outdoor IP65,piece,Rs.979 - Rs.1820,"Legrand 4-Way SPN DB, Outdoor IP65 type, used to house MCBs and control circuit distribution.",https://placehold.co/400x300/F4C430/222222?text=Legrand+4-Way+SPN+DB
MAT00825,Electrical,Distribution Boards & Panels,4-Way SPN DB,Schneider Electric,Outdoor IP65,piece,Rs.979 - Rs.1820,"Schneider Electric 4-Way SPN DB, Outdoor IP65 type, used to house MCBs and control circuit distribution.",https://placehold.co/400x300/F4C430/222222?text=Schneider+Electric+4-Way+SPN+DB
MAT00826,Electrical,Distribution Boards & Panels,4-Way SPN DB,L&T,Outdoor IP65,piece,Rs.979 - Rs.1820,"L&T 4-Way SPN DB, Outdoor IP65 type, used to house MCBs and control circuit distribution.",https://placehold.co/400x300/F4C430/222222?text=L%26T+4-Way+SPN+DB
MAT00827,Electrical,Distribution Boards & Panels,4-Way SPN DB,Siemens,Outdoor IP65,piece,Rs.979 - Rs.1820,"Siemens 4-Way SPN DB, Outdoor IP65 type, used to house MCBs and control circuit distribution.",https://placehold.co/400x300/F4C430/222222?text=Siemens+4-Way+SPN+DB
MAT00828,Electrical,Distribution Boards & Panels,4-Way SPN DB,Anchor,Outdoor IP65,piece,Rs.979 - Rs.1820,"Anchor 4-Way SPN DB, Outdoor IP65 type, used to house MCBs and control circuit distribution.",https://placehold.co/400x300/F4C430/222222?text=Anchor+4-Way+SPN+DB
MAT00829,Electrical,Distribution Boards & Panels,4-Way SPN DB,Havells,Indoor IP44,piece,Rs.979 - Rs.1820,"Havells 4-Way SPN DB, Indoor IP44 type, used to house MCBs and control circuit distribution.",https://placehold.co/400x300/F4C430/222222?text=Havells+4-Way+SPN+DB
MAT00830,Electrical,Distribution Boards & Panels,4-Way SPN DB,Legrand,Indoor IP44,piece,Rs.979 - Rs.1820,"Legrand 4-Way SPN DB, Indoor IP44 type, used to house MCBs and control circuit distribution.",https://placehold.co/400x300/F4C430/222222?text=Legrand+4-Way+SPN+DB
MAT00831,Electrical,Distribution Boards & Panels,4-Way SPN DB,Schneider Electric,Indoor IP44,piece,Rs.979 - Rs.1820,"Schneider Electric 4-Way SPN DB, Indoor IP44 type, used to house MCBs and control circuit distribution.",https://placehold.co/400x300/F4C430/222222?text=Schneider+Electric+4-Way+SPN+DB
MAT00832,Electrical,Distribution Boards & Panels,4-Way SPN DB,L&T,Indoor IP44,piece,Rs.979 - Rs.1820,"L&T 4-Way SPN DB, Indoor IP44 type, used to house MCBs and control circuit distribution.",https://placehold.co/400x300/F4C430/222222?text=L%26T+4-Way+SPN+DB
MAT00833,Electrical,Distribution Boards & Panels,4-Way SPN DB,Siemens,Indoor IP44,piece,Rs.979 - Rs.1820,"Siemens 4-Way SPN DB, Indoor IP44 type, used to house MCBs and control circuit distribution.",https://placehold.co/400x300/F4C430/222222?text=Siemens+4-Way+SPN+DB
MAT00834,Electrical,Distribution Boards & Panels,4-Way SPN DB,Anchor,Indoor IP44,piece,Rs.979 - Rs.1820,"Anchor 4-Way SPN DB, Indoor IP44 type, used to house MCBs and control circuit distribution.",https://placehold.co/400x300/F4C430/222222?text=Anchor+4-Way+SPN+DB
MAT00835,Electrical,Distribution Boards & Panels,6-Way SPN DB,Havells,Surface Mount,piece,Rs.979 - Rs.1820,"Havells 6-Way SPN DB, Surface Mount type, used to house MCBs and control circuit distribution.",https://placehold.co/400x300/F4C430/222222?text=Havells+6-Way+SPN+DB
MAT00836,Electrical,Distribution Boards & Panels,6-Way SPN DB,Legrand,Surface Mount,piece,Rs.979 - Rs.1820,"Legrand 6-Way SPN DB, Surface Mount type, used to house MCBs and control circuit distribution.",https://placehold.co/400x300/F4C430/222222?text=Legrand+6-Way+SPN+DB
MAT00837,Electrical,Distribution Boards & Panels,6-Way SPN DB,Schneider Electric,Surface Mount,piece,Rs.979 - Rs.1820,"Schneider Electric 6-Way SPN DB, Surface Mount type, used to house MCBs and control circuit distribution.",https://placehold.co/400x300/F4C430/222222?text=Schneider+Electric+6-Way+SPN+DB
MAT00838,Electrical,Distribution Boards & Panels,6-Way SPN DB,L&T,Surface Mount,piece,Rs.979 - Rs.1820,"L&T 6-Way SPN DB, Surface Mount type, used to house MCBs and control circuit distribution.",https://placehold.co/400x300/F4C430/222222?text=L%26T+6-Way+SPN+DB
MAT00839,Electrical,Distribution Boards & Panels,6-Way SPN DB,Siemens,Surface Mount,piece,Rs.979 - Rs.1820,"Siemens 6-Way SPN DB, Surface Mount type, used to house MCBs and control circuit distribution.",https://placehold.co/400x300/F4C430/222222?text=Siemens+6-Way+SPN+DB
MAT00840,Electrical,Distribution Boards & Panels,6-Way SPN DB,Anchor,Surface Mount,piece,Rs.979 - Rs.1820,"Anchor 6-Way SPN DB, Surface Mount type, used to house MCBs and control circuit distribution.",https://placehold.co/400x300/F4C430/222222?text=Anchor+6-Way+SPN+DB
MAT00841,Electrical,Distribution Boards & Panels,6-Way SPN DB,Havells,Flush Mount,piece,Rs.979 - Rs.1820,"Havells 6-Way SPN DB, Flush Mount type, used to house MCBs and control circuit distribution.",https://placehold.co/400x300/F4C430/222222?text=Havells+6-Way+SPN+DB
MAT00842,Electrical,Distribution Boards & Panels,6-Way SPN DB,Legrand,Flush Mount,piece,Rs.979 - Rs.1820,"Legrand 6-Way SPN DB, Flush Mount type, used to house MCBs and control circuit distribution.",https://placehold.co/400x300/F4C430/222222?text=Legrand+6-Way+SPN+DB
MAT00843,Electrical,Distribution Boards & Panels,6-Way SPN DB,Schneider Electric,Flush Mount,piece,Rs.979 - Rs.1820,"Schneider Electric 6-Way SPN DB, Flush Mount type, used to house MCBs and control circuit distribution.",https://placehold.co/400x300/F4C430/222222?text=Schneider+Electric+6-Way+SPN+DB
MAT00844,Electrical,Distribution Boards & Panels,6-Way SPN DB,L&T,Flush Mount,piece,Rs.979 - Rs.1820,"L&T 6-Way SPN DB, Flush Mount type, used to house MCBs and control circuit distribution.",https://placehold.co/400x300/F4C430/222222?text=L%26T+6-Way+SPN+DB
MAT00845,Electrical,Distribution Boards & Panels,6-Way SPN DB,Siemens,Flush Mount,piece,Rs.979 - Rs.1820,"Siemens 6-Way SPN DB, Flush Mount type, used to house MCBs and control circuit distribution.",https://placehold.co/400x300/F4C430/222222?text=Siemens+6-Way+SPN+DB
MAT00846,Electrical,Distribution Boards & Panels,6-Way SPN DB,Anchor,Flush Mount,piece,Rs.979 - Rs.1820,"Anchor 6-Way SPN DB, Flush Mount type, used to house MCBs and control circuit distribution.",https://placehold.co/400x300/F4C430/222222?text=Anchor+6-Way+SPN+DB
MAT00847,Electrical,Distribution Boards & Panels,6-Way SPN DB,Havells,Outdoor IP65,piece,Rs.979 - Rs.1820,"Havells 6-Way SPN DB, Outdoor IP65 type, used to house MCBs and control circuit distribution.",https://placehold.co/400x300/F4C430/222222?text=Havells+6-Way+SPN+DB
MAT00848,Electrical,Distribution Boards & Panels,6-Way SPN DB,Legrand,Outdoor IP65,piece,Rs.979 - Rs.1820,"Legrand 6-Way SPN DB, Outdoor IP65 type, used to house MCBs and control circuit distribution.",https://placehold.co/400x300/F4C430/222222?text=Legrand+6-Way+SPN+DB
MAT00849,Electrical,Distribution Boards & Panels,6-Way SPN DB,Schneider Electric,Outdoor IP65,piece,Rs.979 - Rs.1820,"Schneider Electric 6-Way SPN DB, Outdoor IP65 type, used to house MCBs and control circuit distribution.",https://placehold.co/400x300/F4C430/222222?text=Schneider+Electric+6-Way+SPN+DB
MAT00850,Electrical,Distribution Boards & Panels,6-Way SPN DB,L&T,Outdoor IP65,piece,Rs.979 - Rs.1820,"L&T 6-Way SPN DB, Outdoor IP65 type, used to house MCBs and control circuit distribution.",https://placehold.co/400x300/F4C430/222222?text=L%26T+6-Way+SPN+DB
MAT00851,Electrical,Distribution Boards & Panels,6-Way SPN DB,Siemens,Outdoor IP65,piece,Rs.979 - Rs.1820,"Siemens 6-Way SPN DB, Outdoor IP65 type, used to house MCBs and control circuit distribution.",https://placehold.co/400x300/F4C430/222222?text=Siemens+6-Way+SPN+DB
MAT00852,Electrical,Distribution Boards & Panels,6-Way SPN DB,Anchor,Outdoor IP65,piece,Rs.979 - Rs.1820,"Anchor 6-Way SPN DB, Outdoor IP65 type, used to house MCBs and control circuit distribution.",https://placehold.co/400x300/F4C430/222222?text=Anchor+6-Way+SPN+DB
MAT00853,Electrical,Distribution Boards & Panels,6-Way SPN DB,Havells,Indoor IP44,piece,Rs.979 - Rs.1820,"Havells 6-Way SPN DB, Indoor IP44 type, used to house MCBs and control circuit distribution.",https://placehold.co/400x300/F4C430/222222?text=Havells+6-Way+SPN+DB
MAT00854,Electrical,Distribution Boards & Panels,6-Way SPN DB,Legrand,Indoor IP44,piece,Rs.979 - Rs.1820,"Legrand 6-Way SPN DB, Indoor IP44 type, used to house MCBs and control circuit distribution.",https://placehold.co/400x300/F4C430/222222?text=Legrand+6-Way+SPN+DB
MAT00855,Electrical,Distribution Boards & Panels,6-Way SPN DB,Schneider Electric,Indoor IP44,piece,Rs.979 - Rs.1820,"Schneider Electric 6-Way SPN DB, Indoor IP44 type, used to house MCBs and control circuit distribution.",https://placehold.co/400x300/F4C430/222222?text=Schneider+Electric+6-Way+SPN+DB
MAT00856,Electrical,Distribution Boards & Panels,6-Way SPN DB,L&T,Indoor IP44,piece,Rs.979 - Rs.1820,"L&T 6-Way SPN DB, Indoor IP44 type, used to house MCBs and control circuit distribution.",https://placehold.co/400x300/F4C430/222222?text=L%26T+6-Way+SPN+DB
MAT00857,Electrical,Distribution Boards & Panels,6-Way SPN DB,Siemens,Indoor IP44,piece,Rs.979 - Rs.1820,"Siemens 6-Way SPN DB, Indoor IP44 type, used to house MCBs and control circuit distribution.",https://placehold.co/400x300/F4C430/222222?text=Siemens+6-Way+SPN+DB
MAT00858,Electrical,Distribution Boards & Panels,6-Way SPN DB,Anchor,Indoor IP44,piece,Rs.979 - Rs.1820,"Anchor 6-Way SPN DB, Indoor IP44 type, used to house MCBs and control circuit distribution.",https://placehold.co/400x300/F4C430/222222?text=Anchor+6-Way+SPN+DB
MAT00859,Electrical,Distribution Boards & Panels,8-Way SPN DB,Havells,Surface Mount,piece,Rs.979 - Rs.1820,"Havells 8-Way SPN DB, Surface Mount type, used to house MCBs and control circuit distribution.",https://placehold.co/400x300/F4C430/222222?text=Havells+8-Way+SPN+DB
MAT00860,Electrical,Distribution Boards & Panels,8-Way SPN DB,Legrand,Surface Mount,piece,Rs.979 - Rs.1820,"Legrand 8-Way SPN DB, Surface Mount type, used to house MCBs and control circuit distribution.",https://placehold.co/400x300/F4C430/222222?text=Legrand+8-Way+SPN+DB
MAT00861,Electrical,Distribution Boards & Panels,8-Way SPN DB,Schneider Electric,Surface Mount,piece,Rs.979 - Rs.1820,"Schneider Electric 8-Way SPN DB, Surface Mount type, used to house MCBs and control circuit distribution.",https://placehold.co/400x300/F4C430/222222?text=Schneider+Electric+8-Way+SPN+DB
MAT00862,Electrical,Distribution Boards & Panels,8-Way SPN DB,L&T,Surface Mount,piece,Rs.979 - Rs.1820,"L&T 8-Way SPN DB, Surface Mount type, used to house MCBs and control circuit distribution.",https://placehold.co/400x300/F4C430/222222?text=L%26T+8-Way+SPN+DB
MAT00863,Electrical,Distribution Boards & Panels,8-Way SPN DB,Siemens,Surface Mount,piece,Rs.979 - Rs.1820,"Siemens 8-Way SPN DB, Surface Mount type, used to house MCBs and control circuit distribution.",https://placehold.co/400x300/F4C430/222222?text=Siemens+8-Way+SPN+DB
MAT00864,Electrical,Distribution Boards & Panels,8-Way SPN DB,Anchor,Surface Mount,piece,Rs.979 - Rs.1820,"Anchor 8-Way SPN DB, Surface Mount type, used to house MCBs and control circuit distribution.",https://placehold.co/400x300/F4C430/222222?text=Anchor+8-Way+SPN+DB
MAT00865,Electrical,Distribution Boards & Panels,8-Way SPN DB,Havells,Flush Mount,piece,Rs.979 - Rs.1820,"Havells 8-Way SPN DB, Flush Mount type, used to house MCBs and control circuit distribution.",https://placehold.co/400x300/F4C430/222222?text=Havells+8-Way+SPN+DB
MAT00866,Electrical,Distribution Boards & Panels,8-Way SPN DB,Legrand,Flush Mount,piece,Rs.979 - Rs.1820,"Legrand 8-Way SPN DB, Flush Mount type, used to house MCBs and control circuit distribution.",https://placehold.co/400x300/F4C430/222222?text=Legrand+8-Way+SPN+DB
MAT00867,Electrical,Distribution Boards & Panels,8-Way SPN DB,Schneider Electric,Flush Mount,piece,Rs.979 - Rs.1820,"Schneider Electric 8-Way SPN DB, Flush Mount type, used to house MCBs and control circuit distribution.",https://placehold.co/400x300/F4C430/222222?text=Schneider+Electric+8-Way+SPN+DB
MAT00868,Electrical,Distribution Boards & Panels,8-Way SPN DB,L&T,Flush Mount,piece,Rs.979 - Rs.1820,"L&T 8-Way SPN DB, Flush Mount type, used to house MCBs and control circuit distribution.",https://placehold.co/400x300/F4C430/222222?text=L%26T+8-Way+SPN+DB
MAT00869,Electrical,Distribution Boards & Panels,8-Way SPN DB,Siemens,Flush Mount,piece,Rs.979 - Rs.1820,"Siemens 8-Way SPN DB, Flush Mount type, used to house MCBs and control circuit distribution.",https://placehold.co/400x300/F4C430/222222?text=Siemens+8-Way+SPN+DB
MAT00870,Electrical,Distribution Boards & Panels,8-Way SPN DB,Anchor,Flush Mount,piece,Rs.979 - Rs.1820,"Anchor 8-Way SPN DB, Flush Mount type, used to house MCBs and control circuit distribution.",https://placehold.co/400x300/F4C430/222222?text=Anchor+8-Way+SPN+DB
MAT00871,Electrical,Distribution Boards & Panels,8-Way SPN DB,Havells,Outdoor IP65,piece,Rs.979 - Rs.1820,"Havells 8-Way SPN DB, Outdoor IP65 type, used to house MCBs and control circuit distribution.",https://placehold.co/400x300/F4C430/222222?text=Havells+8-Way+SPN+DB
MAT00872,Electrical,Distribution Boards & Panels,8-Way SPN DB,Legrand,Outdoor IP65,piece,Rs.979 - Rs.1820,"Legrand 8-Way SPN DB, Outdoor IP65 type, used to house MCBs and control circuit distribution.",https://placehold.co/400x300/F4C430/222222?text=Legrand+8-Way+SPN+DB
MAT00873,Electrical,Distribution Boards & Panels,8-Way SPN DB,Schneider Electric,Outdoor IP65,piece,Rs.979 - Rs.1820,"Schneider Electric 8-Way SPN DB, Outdoor IP65 type, used to house MCBs and control circuit distribution.",https://placehold.co/400x300/F4C430/222222?text=Schneider+Electric+8-Way+SPN+DB
MAT00874,Electrical,Distribution Boards & Panels,8-Way SPN DB,L&T,Outdoor IP65,piece,Rs.979 - Rs.1820,"L&T 8-Way SPN DB, Outdoor IP65 type, used to house MCBs and control circuit distribution.",https://placehold.co/400x300/F4C430/222222?text=L%26T+8-Way+SPN+DB
MAT00875,Electrical,Distribution Boards & Panels,8-Way SPN DB,Siemens,Outdoor IP65,piece,Rs.979 - Rs.1820,"Siemens 8-Way SPN DB, Outdoor IP65 type, used to house MCBs and control circuit distribution.",https://placehold.co/400x300/F4C430/222222?text=Siemens+8-Way+SPN+DB
MAT00876,Electrical,Distribution Boards & Panels,8-Way SPN DB,Anchor,Outdoor IP65,piece,Rs.979 - Rs.1820,"Anchor 8-Way SPN DB, Outdoor IP65 type, used to house MCBs and control circuit distribution.",https://placehold.co/400x300/F4C430/222222?text=Anchor+8-Way+SPN+DB
MAT00877,Electrical,Distribution Boards & Panels,8-Way SPN DB,Havells,Indoor IP44,piece,Rs.979 - Rs.1820,"Havells 8-Way SPN DB, Indoor IP44 type, used to house MCBs and control circuit distribution.",https://placehold.co/400x300/F4C430/222222?text=Havells+8-Way+SPN+DB
MAT00878,Electrical,Distribution Boards & Panels,8-Way SPN DB,Legrand,Indoor IP44,piece,Rs.979 - Rs.1820,"Legrand 8-Way SPN DB, Indoor IP44 type, used to house MCBs and control circuit distribution.",https://placehold.co/400x300/F4C430/222222?text=Legrand+8-Way+SPN+DB
MAT00879,Electrical,Distribution Boards & Panels,8-Way SPN DB,Schneider Electric,Indoor IP44,piece,Rs.979 - Rs.1820,"Schneider Electric 8-Way SPN DB, Indoor IP44 type, used to house MCBs and control circuit distribution.",https://placehold.co/400x300/F4C430/222222?text=Schneider+Electric+8-Way+SPN+DB
MAT00880,Electrical,Distribution Boards & Panels,8-Way SPN DB,L&T,Indoor IP44,piece,Rs.979 - Rs.1820,"L&T 8-Way SPN DB, Indoor IP44 type, used to house MCBs and control circuit distribution.",https://placehold.co/400x300/F4C430/222222?text=L%26T+8-Way+SPN+DB
MAT00881,Electrical,Distribution Boards & Panels,8-Way SPN DB,Siemens,Indoor IP44,piece,Rs.979 - Rs.1820,"Siemens 8-Way SPN DB, Indoor IP44 type, used to house MCBs and control circuit distribution.",https://placehold.co/400x300/F4C430/222222?text=Siemens+8-Way+SPN+DB
MAT00882,Electrical,Distribution Boards & Panels,8-Way SPN DB,Anchor,Indoor IP44,piece,Rs.979 - Rs.1820,"Anchor 8-Way SPN DB, Indoor IP44 type, used to house MCBs and control circuit distribution.",https://placehold.co/400x300/F4C430/222222?text=Anchor+8-Way+SPN+DB
MAT00883,Electrical,Distribution Boards & Panels,12-Way SPN DB,Havells,Surface Mount,piece,Rs.979 - Rs.1820,"Havells 12-Way SPN DB, Surface Mount type, used to house MCBs and control circuit distribution.",https://placehold.co/400x300/F4C430/222222?text=Havells+12-Way+SPN+DB
MAT00884,Electrical,Distribution Boards & Panels,12-Way SPN DB,Legrand,Surface Mount,piece,Rs.979 - Rs.1820,"Legrand 12-Way SPN DB, Surface Mount type, used to house MCBs and control circuit distribution.",https://placehold.co/400x300/F4C430/222222?text=Legrand+12-Way+SPN+DB
MAT00885,Electrical,Distribution Boards & Panels,12-Way SPN DB,Schneider Electric,Surface Mount,piece,Rs.979 - Rs.1820,"Schneider Electric 12-Way SPN DB, Surface Mount type, used to house MCBs and control circuit distribution.",https://placehold.co/400x300/F4C430/222222?text=Schneider+Electric+12-Way+SPN+DB
MAT00886,Electrical,Distribution Boards & Panels,12-Way SPN DB,L&T,Surface Mount,piece,Rs.979 - Rs.1820,"L&T 12-Way SPN DB, Surface Mount type, used to house MCBs and control circuit distribution.",https://placehold.co/400x300/F4C430/222222?text=L%26T+12-Way+SPN+DB
MAT00887,Electrical,Distribution Boards & Panels,12-Way SPN DB,Siemens,Surface Mount,piece,Rs.979 - Rs.1820,"Siemens 12-Way SPN DB, Surface Mount type, used to house MCBs and control circuit distribution.",https://placehold.co/400x300/F4C430/222222?text=Siemens+12-Way+SPN+DB
MAT00888,Electrical,Distribution Boards & Panels,12-Way SPN DB,Anchor,Surface Mount,piece,Rs.979 - Rs.1820,"Anchor 12-Way SPN DB, Surface Mount type, used to house MCBs and control circuit distribution.",https://placehold.co/400x300/F4C430/222222?text=Anchor+12-Way+SPN+DB
MAT00889,Electrical,Distribution Boards & Panels,12-Way SPN DB,Havells,Flush Mount,piece,Rs.979 - Rs.1820,"Havells 12-Way SPN DB, Flush Mount type, used to house MCBs and control circuit distribution.",https://placehold.co/400x300/F4C430/222222?text=Havells+12-Way+SPN+DB
MAT00890,Electrical,Distribution Boards & Panels,12-Way SPN DB,Legrand,Flush Mount,piece,Rs.979 - Rs.1820,"Legrand 12-Way SPN DB, Flush Mount type, used to house MCBs and control circuit distribution.",https://placehold.co/400x300/F4C430/222222?text=Legrand+12-Way+SPN+DB
MAT00891,Electrical,Distribution Boards & Panels,12-Way SPN DB,Schneider Electric,Flush Mount,piece,Rs.979 - Rs.1820,"Schneider Electric 12-Way SPN DB, Flush Mount type, used to house MCBs and control circuit distribution.",https://placehold.co/400x300/F4C430/222222?text=Schneider+Electric+12-Way+SPN+DB
MAT00892,Electrical,Distribution Boards & Panels,12-Way SPN DB,L&T,Flush Mount,piece,Rs.979 - Rs.1820,"L&T 12-Way SPN DB, Flush Mount type, used to house MCBs and control circuit distribution.",https://placehold.co/400x300/F4C430/222222?text=L%26T+12-Way+SPN+DB
MAT00893,Electrical,Distribution Boards & Panels,12-Way SPN DB,Siemens,Flush Mount,piece,Rs.979 - Rs.1820,"Siemens 12-Way SPN DB, Flush Mount type, used to house MCBs and control circuit distribution.",https://placehold.co/400x300/F4C430/222222?text=Siemens+12-Way+SPN+DB
MAT00894,Electrical,Distribution Boards & Panels,12-Way SPN DB,Anchor,Flush Mount,piece,Rs.979 - Rs.1820,"Anchor 12-Way SPN DB, Flush Mount type, used to house MCBs and control circuit distribution.",https://placehold.co/400x300/F4C430/222222?text=Anchor+12-Way+SPN+DB
MAT00895,Electrical,Distribution Boards & Panels,12-Way SPN DB,Havells,Outdoor IP65,piece,Rs.979 - Rs.1820,"Havells 12-Way SPN DB, Outdoor IP65 type, used to house MCBs and control circuit distribution.",https://placehold.co/400x300/F4C430/222222?text=Havells+12-Way+SPN+DB
MAT00896,Electrical,Distribution Boards & Panels,12-Way SPN DB,Legrand,Outdoor IP65,piece,Rs.979 - Rs.1820,"Legrand 12-Way SPN DB, Outdoor IP65 type, used to house MCBs and control circuit distribution.",https://placehold.co/400x300/F4C430/222222?text=Legrand+12-Way+SPN+DB
MAT00897,Electrical,Distribution Boards & Panels,12-Way SPN DB,Schneider Electric,Outdoor IP65,piece,Rs.979 - Rs.1820,"Schneider Electric 12-Way SPN DB, Outdoor IP65 type, used to house MCBs and control circuit distribution.",https://placehold.co/400x300/F4C430/222222?text=Schneider+Electric+12-Way+SPN+DB
MAT00898,Electrical,Distribution Boards & Panels,12-Way SPN DB,L&T,Outdoor IP65,piece,Rs.979 - Rs.1820,"L&T 12-Way SPN DB, Outdoor IP65 type, used to house MCBs and control circuit distribution.",https://placehold.co/400x300/F4C430/222222?text=L%26T+12-Way+SPN+DB
MAT00899,Electrical,Distribution Boards & Panels,12-Way SPN DB,Siemens,Outdoor IP65,piece,Rs.979 - Rs.1820,"Siemens 12-Way SPN DB, Outdoor IP65 type, used to house MCBs and control circuit distribution.",https://placehold.co/400x300/F4C430/222222?text=Siemens+12-Way+SPN+DB
MAT00900,Electrical,Distribution Boards & Panels,12-Way SPN DB,Anchor,Outdoor IP65,piece,Rs.979 - Rs.1820,"Anchor 12-Way SPN DB, Outdoor IP65 type, used to house MCBs and control circuit distribution.",https://placehold.co/400x300/F4C430/222222?text=Anchor+12-Way+SPN+DB
MAT00901,Electrical,Lighting,LED Bulb (5W),Philips,5W,piece,Rs.175 - Rs.325,"Philips LED Bulb, 5W rating, energy efficient LED lighting fixture.",https://placehold.co/400x300/F4C430/222222?text=Philips+LED+Bulb+%285W%29
MAT00902,Electrical,Lighting,LED Bulb (5W),Havells,5W,piece,Rs.175 - Rs.325,"Havells LED Bulb, 5W rating, energy efficient LED lighting fixture.",https://placehold.co/400x300/F4C430/222222?text=Havells+LED+Bulb+%285W%29
MAT00903,Electrical,Lighting,LED Bulb (5W),Syska,5W,piece,Rs.175 - Rs.325,"Syska LED Bulb, 5W rating, energy efficient LED lighting fixture.",https://placehold.co/400x300/F4C430/222222?text=Syska+LED+Bulb+%285W%29
MAT00904,Electrical,Lighting,LED Bulb (5W),Wipro,5W,piece,Rs.175 - Rs.325,"Wipro LED Bulb, 5W rating, energy efficient LED lighting fixture.",https://placehold.co/400x300/F4C430/222222?text=Wipro+LED+Bulb+%285W%29
MAT00905,Electrical,Lighting,LED Bulb (5W),Crompton,5W,piece,Rs.175 - Rs.325,"Crompton LED Bulb, 5W rating, energy efficient LED lighting fixture.",https://placehold.co/400x300/F4C430/222222?text=Crompton+LED+Bulb+%285W%29
MAT00906,Electrical,Lighting,LED Bulb (5W),Bajaj Electricals,5W,piece,Rs.175 - Rs.325,"Bajaj Electricals LED Bulb, 5W rating, energy efficient LED lighting fixture.",https://placehold.co/400x300/F4C430/222222?text=Bajaj+Electricals+LED+Bulb+%285W%29
MAT00907,Electrical,Lighting,LED Bulb (5W),Orient Electric,5W,piece,Rs.175 - Rs.325,"Orient Electric LED Bulb, 5W rating, energy efficient LED lighting fixture.",https://placehold.co/400x300/F4C430/222222?text=Orient+Electric+LED+Bulb+%285W%29
MAT00908,Electrical,Lighting,LED Bulb (5W),Surya,5W,piece,Rs.175 - Rs.325,"Surya LED Bulb, 5W rating, energy efficient LED lighting fixture.",https://placehold.co/400x300/F4C430/222222?text=Surya+LED+Bulb+%285W%29
MAT00909,Electrical,Lighting,LED Bulb (9W),Philips,9W,piece,Rs.175 - Rs.325,"Philips LED Bulb, 9W rating, energy efficient LED lighting fixture.",https://placehold.co/400x300/F4C430/222222?text=Philips+LED+Bulb+%289W%29
MAT00910,Electrical,Lighting,LED Bulb (9W),Havells,9W,piece,Rs.175 - Rs.325,"Havells LED Bulb, 9W rating, energy efficient LED lighting fixture.",https://placehold.co/400x300/F4C430/222222?text=Havells+LED+Bulb+%289W%29
MAT00911,Electrical,Lighting,LED Bulb (9W),Syska,9W,piece,Rs.175 - Rs.325,"Syska LED Bulb, 9W rating, energy efficient LED lighting fixture.",https://placehold.co/400x300/F4C430/222222?text=Syska+LED+Bulb+%289W%29
MAT00912,Electrical,Lighting,LED Bulb (9W),Wipro,9W,piece,Rs.175 - Rs.325,"Wipro LED Bulb, 9W rating, energy efficient LED lighting fixture.",https://placehold.co/400x300/F4C430/222222?text=Wipro+LED+Bulb+%289W%29
MAT00913,Electrical,Lighting,LED Bulb (9W),Crompton,9W,piece,Rs.175 - Rs.325,"Crompton LED Bulb, 9W rating, energy efficient LED lighting fixture.",https://placehold.co/400x300/F4C430/222222?text=Crompton+LED+Bulb+%289W%29
MAT00914,Electrical,Lighting,LED Bulb (9W),Bajaj Electricals,9W,piece,Rs.175 - Rs.325,"Bajaj Electricals LED Bulb, 9W rating, energy efficient LED lighting fixture.",https://placehold.co/400x300/F4C430/222222?text=Bajaj+Electricals+LED+Bulb+%289W%29
MAT00915,Electrical,Lighting,LED Bulb (9W),Orient Electric,9W,piece,Rs.175 - Rs.325,"Orient Electric LED Bulb, 9W rating, energy efficient LED lighting fixture.",https://placehold.co/400x300/F4C430/222222?text=Orient+Electric+LED+Bulb+%289W%29
MAT00916,Electrical,Lighting,LED Bulb (9W),Surya,9W,piece,Rs.175 - Rs.325,"Surya LED Bulb, 9W rating, energy efficient LED lighting fixture.",https://placehold.co/400x300/F4C430/222222?text=Surya+LED+Bulb+%289W%29
MAT00917,Electrical,Lighting,LED Bulb (12W),Philips,12W,piece,Rs.175 - Rs.325,"Philips LED Bulb, 12W rating, energy efficient LED lighting fixture.",https://placehold.co/400x300/F4C430/222222?text=Philips+LED+Bulb+%2812W%29
MAT00918,Electrical,Lighting,LED Bulb (12W),Havells,12W,piece,Rs.175 - Rs.325,"Havells LED Bulb, 12W rating, energy efficient LED lighting fixture.",https://placehold.co/400x300/F4C430/222222?text=Havells+LED+Bulb+%2812W%29
MAT00919,Electrical,Lighting,LED Bulb (12W),Syska,12W,piece,Rs.175 - Rs.325,"Syska LED Bulb, 12W rating, energy efficient LED lighting fixture.",https://placehold.co/400x300/F4C430/222222?text=Syska+LED+Bulb+%2812W%29
MAT00920,Electrical,Lighting,LED Bulb (12W),Wipro,12W,piece,Rs.175 - Rs.325,"Wipro LED Bulb, 12W rating, energy efficient LED lighting fixture.",https://placehold.co/400x300/F4C430/222222?text=Wipro+LED+Bulb+%2812W%29
MAT00921,Electrical,Lighting,LED Bulb (12W),Crompton,12W,piece,Rs.175 - Rs.325,"Crompton LED Bulb, 12W rating, energy efficient LED lighting fixture.",https://placehold.co/400x300/F4C430/222222?text=Crompton+LED+Bulb+%2812W%29
MAT00922,Electrical,Lighting,LED Bulb (12W),Bajaj Electricals,12W,piece,Rs.175 - Rs.325,"Bajaj Electricals LED Bulb, 12W rating, energy efficient LED lighting fixture.",https://placehold.co/400x300/F4C430/222222?text=Bajaj+Electricals+LED+Bulb+%2812W%29
MAT00923,Electrical,Lighting,LED Bulb (12W),Orient Electric,12W,piece,Rs.175 - Rs.325,"Orient Electric LED Bulb, 12W rating, energy efficient LED lighting fixture.",https://placehold.co/400x300/F4C430/222222?text=Orient+Electric+LED+Bulb+%2812W%29
MAT00924,Electrical,Lighting,LED Bulb (12W),Surya,12W,piece,Rs.175 - Rs.325,"Surya LED Bulb, 12W rating, energy efficient LED lighting fixture.",https://placehold.co/400x300/F4C430/222222?text=Surya+LED+Bulb+%2812W%29
MAT00925,Electrical,Lighting,LED Bulb (15W),Philips,15W,piece,Rs.175 - Rs.325,"Philips LED Bulb, 15W rating, energy efficient LED lighting fixture.",https://placehold.co/400x300/F4C430/222222?text=Philips+LED+Bulb+%2815W%29
MAT00926,Electrical,Lighting,LED Bulb (15W),Havells,15W,piece,Rs.175 - Rs.325,"Havells LED Bulb, 15W rating, energy efficient LED lighting fixture.",https://placehold.co/400x300/F4C430/222222?text=Havells+LED+Bulb+%2815W%29
MAT00927,Electrical,Lighting,LED Bulb (15W),Syska,15W,piece,Rs.175 - Rs.325,"Syska LED Bulb, 15W rating, energy efficient LED lighting fixture.",https://placehold.co/400x300/F4C430/222222?text=Syska+LED+Bulb+%2815W%29
MAT00928,Electrical,Lighting,LED Bulb (15W),Wipro,15W,piece,Rs.175 - Rs.325,"Wipro LED Bulb, 15W rating, energy efficient LED lighting fixture.",https://placehold.co/400x300/F4C430/222222?text=Wipro+LED+Bulb+%2815W%29
MAT00929,Electrical,Lighting,LED Bulb (15W),Crompton,15W,piece,Rs.175 - Rs.325,"Crompton LED Bulb, 15W rating, energy efficient LED lighting fixture.",https://placehold.co/400x300/F4C430/222222?text=Crompton+LED+Bulb+%2815W%29
MAT00930,Electrical,Lighting,LED Bulb (15W),Bajaj Electricals,15W,piece,Rs.175 - Rs.325,"Bajaj Electricals LED Bulb, 15W rating, energy efficient LED lighting fixture.",https://placehold.co/400x300/F4C430/222222?text=Bajaj+Electricals+LED+Bulb+%2815W%29
MAT00931,Electrical,Lighting,LED Bulb (15W),Orient Electric,15W,piece,Rs.175 - Rs.325,"Orient Electric LED Bulb, 15W rating, energy efficient LED lighting fixture.",https://placehold.co/400x300/F4C430/222222?text=Orient+Electric+LED+Bulb+%2815W%29
MAT00932,Electrical,Lighting,LED Bulb (15W),Surya,15W,piece,Rs.175 - Rs.325,"Surya LED Bulb, 15W rating, energy efficient LED lighting fixture.",https://placehold.co/400x300/F4C430/222222?text=Surya+LED+Bulb+%2815W%29
MAT00933,Electrical,Lighting,LED Bulb (18W),Philips,18W,piece,Rs.175 - Rs.325,"Philips LED Bulb, 18W rating, energy efficient LED lighting fixture.",https://placehold.co/400x300/F4C430/222222?text=Philips+LED+Bulb+%2818W%29
MAT00934,Electrical,Lighting,LED Bulb (18W),Havells,18W,piece,Rs.175 - Rs.325,"Havells LED Bulb, 18W rating, energy efficient LED lighting fixture.",https://placehold.co/400x300/F4C430/222222?text=Havells+LED+Bulb+%2818W%29
MAT00935,Electrical,Lighting,LED Bulb (18W),Syska,18W,piece,Rs.175 - Rs.325,"Syska LED Bulb, 18W rating, energy efficient LED lighting fixture.",https://placehold.co/400x300/F4C430/222222?text=Syska+LED+Bulb+%2818W%29
MAT00936,Electrical,Lighting,LED Bulb (18W),Wipro,18W,piece,Rs.175 - Rs.325,"Wipro LED Bulb, 18W rating, energy efficient LED lighting fixture.",https://placehold.co/400x300/F4C430/222222?text=Wipro+LED+Bulb+%2818W%29
MAT00937,Electrical,Lighting,LED Bulb (18W),Crompton,18W,piece,Rs.175 - Rs.325,"Crompton LED Bulb, 18W rating, energy efficient LED lighting fixture.",https://placehold.co/400x300/F4C430/222222?text=Crompton+LED+Bulb+%2818W%29
MAT00938,Electrical,Lighting,LED Bulb (18W),Bajaj Electricals,18W,piece,Rs.175 - Rs.325,"Bajaj Electricals LED Bulb, 18W rating, energy efficient LED lighting fixture.",https://placehold.co/400x300/F4C430/222222?text=Bajaj+Electricals+LED+Bulb+%2818W%29
MAT00939,Electrical,Lighting,LED Bulb (18W),Orient Electric,18W,piece,Rs.175 - Rs.325,"Orient Electric LED Bulb, 18W rating, energy efficient LED lighting fixture.",https://placehold.co/400x300/F4C430/222222?text=Orient+Electric+LED+Bulb+%2818W%29
MAT00940,Electrical,Lighting,LED Bulb (18W),Surya,18W,piece,Rs.175 - Rs.325,"Surya LED Bulb, 18W rating, energy efficient LED lighting fixture.",https://placehold.co/400x300/F4C430/222222?text=Surya+LED+Bulb+%2818W%29
MAT00941,Electrical,Lighting,LED Bulb (24W),Philips,24W,piece,Rs.175 - Rs.325,"Philips LED Bulb, 24W rating, energy efficient LED lighting fixture.",https://placehold.co/400x300/F4C430/222222?text=Philips+LED+Bulb+%2824W%29
MAT00942,Electrical,Lighting,LED Bulb (24W),Havells,24W,piece,Rs.175 - Rs.325,"Havells LED Bulb, 24W rating, energy efficient LED lighting fixture.",https://placehold.co/400x300/F4C430/222222?text=Havells+LED+Bulb+%2824W%29
MAT00943,Electrical,Lighting,LED Bulb (24W),Syska,24W,piece,Rs.175 - Rs.325,"Syska LED Bulb, 24W rating, energy efficient LED lighting fixture.",https://placehold.co/400x300/F4C430/222222?text=Syska+LED+Bulb+%2824W%29
MAT00944,Electrical,Lighting,LED Bulb (24W),Wipro,24W,piece,Rs.175 - Rs.325,"Wipro LED Bulb, 24W rating, energy efficient LED lighting fixture.",https://placehold.co/400x300/F4C430/222222?text=Wipro+LED+Bulb+%2824W%29
MAT00945,Electrical,Lighting,LED Bulb (24W),Crompton,24W,piece,Rs.175 - Rs.325,"Crompton LED Bulb, 24W rating, energy efficient LED lighting fixture.",https://placehold.co/400x300/F4C430/222222?text=Crompton+LED+Bulb+%2824W%29
MAT00946,Electrical,Lighting,LED Bulb (24W),Bajaj Electricals,24W,piece,Rs.175 - Rs.325,"Bajaj Electricals LED Bulb, 24W rating, energy efficient LED lighting fixture.",https://placehold.co/400x300/F4C430/222222?text=Bajaj+Electricals+LED+Bulb+%2824W%29
MAT00947,Electrical,Lighting,LED Bulb (24W),Orient Electric,24W,piece,Rs.175 - Rs.325,"Orient Electric LED Bulb, 24W rating, energy efficient LED lighting fixture.",https://placehold.co/400x300/F4C430/222222?text=Orient+Electric+LED+Bulb+%2824W%29
MAT00948,Electrical,Lighting,LED Bulb (24W),Surya,24W,piece,Rs.175 - Rs.325,"Surya LED Bulb, 24W rating, energy efficient LED lighting fixture.",https://placehold.co/400x300/F4C430/222222?text=Surya+LED+Bulb+%2824W%29
MAT00949,Electrical,Lighting,LED Bulb (36W),Philips,36W,piece,Rs.175 - Rs.325,"Philips LED Bulb, 36W rating, energy efficient LED lighting fixture.",https://placehold.co/400x300/F4C430/222222?text=Philips+LED+Bulb+%2836W%29
MAT00950,Electrical,Lighting,LED Bulb (36W),Havells,36W,piece,Rs.175 - Rs.325,"Havells LED Bulb, 36W rating, energy efficient LED lighting fixture.",https://placehold.co/400x300/F4C430/222222?text=Havells+LED+Bulb+%2836W%29
MAT00951,Electrical,Lighting,LED Bulb (36W),Syska,36W,piece,Rs.175 - Rs.325,"Syska LED Bulb, 36W rating, energy efficient LED lighting fixture.",https://placehold.co/400x300/F4C430/222222?text=Syska+LED+Bulb+%2836W%29
MAT00952,Electrical,Lighting,LED Bulb (36W),Wipro,36W,piece,Rs.175 - Rs.325,"Wipro LED Bulb, 36W rating, energy efficient LED lighting fixture.",https://placehold.co/400x300/F4C430/222222?text=Wipro+LED+Bulb+%2836W%29
MAT00953,Electrical,Lighting,LED Bulb (36W),Crompton,36W,piece,Rs.175 - Rs.325,"Crompton LED Bulb, 36W rating, energy efficient LED lighting fixture.",https://placehold.co/400x300/F4C430/222222?text=Crompton+LED+Bulb+%2836W%29
MAT00954,Electrical,Lighting,LED Bulb (36W),Bajaj Electricals,36W,piece,Rs.175 - Rs.325,"Bajaj Electricals LED Bulb, 36W rating, energy efficient LED lighting fixture.",https://placehold.co/400x300/F4C430/222222?text=Bajaj+Electricals+LED+Bulb+%2836W%29
MAT00955,Electrical,Lighting,LED Bulb (36W),Orient Electric,36W,piece,Rs.175 - Rs.325,"Orient Electric LED Bulb, 36W rating, energy efficient LED lighting fixture.",https://placehold.co/400x300/F4C430/222222?text=Orient+Electric+LED+Bulb+%2836W%29
MAT00956,Electrical,Lighting,LED Bulb (36W),Surya,36W,piece,Rs.175 - Rs.325,"Surya LED Bulb, 36W rating, energy efficient LED lighting fixture.",https://placehold.co/400x300/F4C430/222222?text=Surya+LED+Bulb+%2836W%29
MAT00957,Electrical,Lighting,LED Bulb (50W),Philips,50W,piece,Rs.175 - Rs.325,"Philips LED Bulb, 50W rating, energy efficient LED lighting fixture.",https://placehold.co/400x300/F4C430/222222?text=Philips+LED+Bulb+%2850W%29
MAT00958,Electrical,Lighting,LED Bulb (50W),Havells,50W,piece,Rs.175 - Rs.325,"Havells LED Bulb, 50W rating, energy efficient LED lighting fixture.",https://placehold.co/400x300/F4C430/222222?text=Havells+LED+Bulb+%2850W%29
MAT00959,Electrical,Lighting,LED Bulb (50W),Syska,50W,piece,Rs.175 - Rs.325,"Syska LED Bulb, 50W rating, energy efficient LED lighting fixture.",https://placehold.co/400x300/F4C430/222222?text=Syska+LED+Bulb+%2850W%29
MAT00960,Electrical,Lighting,LED Bulb (50W),Wipro,50W,piece,Rs.175 - Rs.325,"Wipro LED Bulb, 50W rating, energy efficient LED lighting fixture.",https://placehold.co/400x300/F4C430/222222?text=Wipro+LED+Bulb+%2850W%29
MAT00961,Electrical,Lighting,LED Bulb (50W),Crompton,50W,piece,Rs.175 - Rs.325,"Crompton LED Bulb, 50W rating, energy efficient LED lighting fixture.",https://placehold.co/400x300/F4C430/222222?text=Crompton+LED+Bulb+%2850W%29
MAT00962,Electrical,Lighting,LED Bulb (50W),Bajaj Electricals,50W,piece,Rs.175 - Rs.325,"Bajaj Electricals LED Bulb, 50W rating, energy efficient LED lighting fixture.",https://placehold.co/400x300/F4C430/222222?text=Bajaj+Electricals+LED+Bulb+%2850W%29
MAT00963,Electrical,Lighting,LED Bulb (50W),Orient Electric,50W,piece,Rs.175 - Rs.325,"Orient Electric LED Bulb, 50W rating, energy efficient LED lighting fixture.",https://placehold.co/400x300/F4C430/222222?text=Orient+Electric+LED+Bulb+%2850W%29
MAT00964,Electrical,Lighting,LED Bulb (50W),Surya,50W,piece,Rs.175 - Rs.325,"Surya LED Bulb, 50W rating, energy efficient LED lighting fixture.",https://placehold.co/400x300/F4C430/222222?text=Surya+LED+Bulb+%2850W%29
MAT00965,Electrical,Lighting,LED Tube Light (5W),Philips,5W,piece,Rs.175 - Rs.325,"Philips LED Tube Light, 5W rating, energy efficient LED lighting fixture.",https://placehold.co/400x300/F4C430/222222?text=Philips+LED+Tube+Light+%285W%29
MAT00966,Electrical,Lighting,LED Tube Light (5W),Havells,5W,piece,Rs.175 - Rs.325,"Havells LED Tube Light, 5W rating, energy efficient LED lighting fixture.",https://placehold.co/400x300/F4C430/222222?text=Havells+LED+Tube+Light+%285W%29
MAT00967,Electrical,Lighting,LED Tube Light (5W),Syska,5W,piece,Rs.175 - Rs.325,"Syska LED Tube Light, 5W rating, energy efficient LED lighting fixture.",https://placehold.co/400x300/F4C430/222222?text=Syska+LED+Tube+Light+%285W%29
MAT00968,Electrical,Lighting,LED Tube Light (5W),Wipro,5W,piece,Rs.175 - Rs.325,"Wipro LED Tube Light, 5W rating, energy efficient LED lighting fixture.",https://placehold.co/400x300/F4C430/222222?text=Wipro+LED+Tube+Light+%285W%29
MAT00969,Electrical,Lighting,LED Tube Light (5W),Crompton,5W,piece,Rs.175 - Rs.325,"Crompton LED Tube Light, 5W rating, energy efficient LED lighting fixture.",https://placehold.co/400x300/F4C430/222222?text=Crompton+LED+Tube+Light+%285W%29
MAT00970,Electrical,Lighting,LED Tube Light (5W),Bajaj Electricals,5W,piece,Rs.175 - Rs.325,"Bajaj Electricals LED Tube Light, 5W rating, energy efficient LED lighting fixture.",https://placehold.co/400x300/F4C430/222222?text=Bajaj+Electricals+LED+Tube+Light+%285W%29
MAT00971,Electrical,Lighting,LED Tube Light (5W),Orient Electric,5W,piece,Rs.175 - Rs.325,"Orient Electric LED Tube Light, 5W rating, energy efficient LED lighting fixture.",https://placehold.co/400x300/F4C430/222222?text=Orient+Electric+LED+Tube+Light+%285W%29
MAT00972,Electrical,Lighting,LED Tube Light (5W),Surya,5W,piece,Rs.175 - Rs.325,"Surya LED Tube Light, 5W rating, energy efficient LED lighting fixture.",https://placehold.co/400x300/F4C430/222222?text=Surya+LED+Tube+Light+%285W%29
MAT00973,Electrical,Lighting,LED Tube Light (9W),Philips,9W,piece,Rs.175 - Rs.325,"Philips LED Tube Light, 9W rating, energy efficient LED lighting fixture.",https://placehold.co/400x300/F4C430/222222?text=Philips+LED+Tube+Light+%289W%29
MAT00974,Electrical,Lighting,LED Tube Light (9W),Havells,9W,piece,Rs.175 - Rs.325,"Havells LED Tube Light, 9W rating, energy efficient LED lighting fixture.",https://placehold.co/400x300/F4C430/222222?text=Havells+LED+Tube+Light+%289W%29
MAT00975,Electrical,Lighting,LED Tube Light (9W),Syska,9W,piece,Rs.175 - Rs.325,"Syska LED Tube Light, 9W rating, energy efficient LED lighting fixture.",https://placehold.co/400x300/F4C430/222222?text=Syska+LED+Tube+Light+%289W%29
MAT00976,Electrical,Lighting,LED Tube Light (9W),Wipro,9W,piece,Rs.175 - Rs.325,"Wipro LED Tube Light, 9W rating, energy efficient LED lighting fixture.",https://placehold.co/400x300/F4C430/222222?text=Wipro+LED+Tube+Light+%289W%29
MAT00977,Electrical,Lighting,LED Tube Light (9W),Crompton,9W,piece,Rs.175 - Rs.325,"Crompton LED Tube Light, 9W rating, energy efficient LED lighting fixture.",https://placehold.co/400x300/F4C430/222222?text=Crompton+LED+Tube+Light+%289W%29
MAT00978,Electrical,Lighting,LED Tube Light (9W),Bajaj Electricals,9W,piece,Rs.175 - Rs.325,"Bajaj Electricals LED Tube Light, 9W rating, energy efficient LED lighting fixture.",https://placehold.co/400x300/F4C430/222222?text=Bajaj+Electricals+LED+Tube+Light+%289W%29
MAT00979,Electrical,Lighting,LED Tube Light (9W),Orient Electric,9W,piece,Rs.175 - Rs.325,"Orient Electric LED Tube Light, 9W rating, energy efficient LED lighting fixture.",https://placehold.co/400x300/F4C430/222222?text=Orient+Electric+LED+Tube+Light+%289W%29
MAT00980,Electrical,Lighting,LED Tube Light (9W),Surya,9W,piece,Rs.175 - Rs.325,"Surya LED Tube Light, 9W rating, energy efficient LED lighting fixture.",https://placehold.co/400x300/F4C430/222222?text=Surya+LED+Tube+Light+%289W%29
MAT00981,Electrical,Lighting,LED Tube Light (12W),Philips,12W,piece,Rs.175 - Rs.325,"Philips LED Tube Light, 12W rating, energy efficient LED lighting fixture.",https://placehold.co/400x300/F4C430/222222?text=Philips+LED+Tube+Light+%2812W%29
MAT00982,Electrical,Lighting,LED Tube Light (12W),Havells,12W,piece,Rs.175 - Rs.325,"Havells LED Tube Light, 12W rating, energy efficient LED lighting fixture.",https://placehold.co/400x300/F4C430/222222?text=Havells+LED+Tube+Light+%2812W%29
MAT00983,Electrical,Lighting,LED Tube Light (12W),Syska,12W,piece,Rs.175 - Rs.325,"Syska LED Tube Light, 12W rating, energy efficient LED lighting fixture.",https://placehold.co/400x300/F4C430/222222?text=Syska+LED+Tube+Light+%2812W%29
MAT00984,Electrical,Lighting,LED Tube Light (12W),Wipro,12W,piece,Rs.175 - Rs.325,"Wipro LED Tube Light, 12W rating, energy efficient LED lighting fixture.",https://placehold.co/400x300/F4C430/222222?text=Wipro+LED+Tube+Light+%2812W%29
MAT00985,Electrical,Lighting,LED Tube Light (12W),Crompton,12W,piece,Rs.175 - Rs.325,"Crompton LED Tube Light, 12W rating, energy efficient LED lighting fixture.",https://placehold.co/400x300/F4C430/222222?text=Crompton+LED+Tube+Light+%2812W%29
MAT00986,Electrical,Lighting,LED Tube Light (12W),Bajaj Electricals,12W,piece,Rs.175 - Rs.325,"Bajaj Electricals LED Tube Light, 12W rating, energy efficient LED lighting fixture.",https://placehold.co/400x300/F4C430/222222?text=Bajaj+Electricals+LED+Tube+Light+%2812W%29
MAT00987,Electrical,Lighting,LED Tube Light (12W),Orient Electric,12W,piece,Rs.175 - Rs.325,"Orient Electric LED Tube Light, 12W rating, energy efficient LED lighting fixture.",https://placehold.co/400x300/F4C430/222222?text=Orient+Electric+LED+Tube+Light+%2812W%29
MAT00988,Electrical,Lighting,LED Tube Light (12W),Surya,12W,piece,Rs.175 - Rs.325,"Surya LED Tube Light, 12W rating, energy efficient LED lighting fixture.",https://placehold.co/400x300/F4C430/222222?text=Surya+LED+Tube+Light+%2812W%29
MAT00989,Electrical,Lighting,LED Tube Light (15W),Philips,15W,piece,Rs.175 - Rs.325,"Philips LED Tube Light, 15W rating, energy efficient LED lighting fixture.",https://placehold.co/400x300/F4C430/222222?text=Philips+LED+Tube+Light+%2815W%29
MAT00990,Electrical,Lighting,LED Tube Light (15W),Havells,15W,piece,Rs.175 - Rs.325,"Havells LED Tube Light, 15W rating, energy efficient LED lighting fixture.",https://placehold.co/400x300/F4C430/222222?text=Havells+LED+Tube+Light+%2815W%29
MAT00991,Electrical,Conduits & Wiring Accessories,PVC Conduit Pipe (16mm),Precision Pipes,16mm,meter / piece,Rs.31 - Rs.58,"Precision Pipes PVC Conduit Pipe, size 16mm, used for concealed and surface electrical wiring.",https://placehold.co/400x300/F4C430/222222?text=Precision+Pipes+PVC+Conduit+Pipe+%2816mm%29
MAT00992,Electrical,Conduits & Wiring Accessories,PVC Conduit Pipe (16mm),AKG Conduits,16mm,meter / piece,Rs.31 - Rs.58,"AKG Conduits PVC Conduit Pipe, size 16mm, used for concealed and surface electrical wiring.",https://placehold.co/400x300/F4C430/222222?text=AKG+Conduits+PVC+Conduit+Pipe+%2816mm%29
MAT00993,Electrical,Conduits & Wiring Accessories,PVC Conduit Pipe (16mm),BEC Conduits,16mm,meter / piece,Rs.31 - Rs.58,"BEC Conduits PVC Conduit Pipe, size 16mm, used for concealed and surface electrical wiring.",https://placehold.co/400x300/F4C430/222222?text=BEC+Conduits+PVC+Conduit+Pipe+%2816mm%29
MAT00994,Electrical,Conduits & Wiring Accessories,PVC Conduit Pipe (16mm),Polycab Conduits,16mm,meter / piece,Rs.31 - Rs.58,"Polycab Conduits PVC Conduit Pipe, size 16mm, used for concealed and surface electrical wiring.",https://placehold.co/400x300/F4C430/222222?text=Polycab+Conduits+PVC+Conduit+Pipe+%2816mm%29
MAT00995,Electrical,Conduits & Wiring Accessories,PVC Conduit Pipe (16mm),Supreme Conduits,16mm,meter / piece,Rs.31 - Rs.58,"Supreme Conduits PVC Conduit Pipe, size 16mm, used for concealed and surface electrical wiring.",https://placehold.co/400x300/F4C430/222222?text=Supreme+Conduits+PVC+Conduit+Pipe+%2816mm%29
MAT00996,Electrical,Conduits & Wiring Accessories,PVC Conduit Pipe (20mm),Precision Pipes,20mm,meter / piece,Rs.31 - Rs.58,"Precision Pipes PVC Conduit Pipe, size 20mm, used for concealed and surface electrical wiring.",https://placehold.co/400x300/F4C430/222222?text=Precision+Pipes+PVC+Conduit+Pipe+%2820mm%29
MAT00997,Electrical,Conduits & Wiring Accessories,PVC Conduit Pipe (20mm),AKG Conduits,20mm,meter / piece,Rs.31 - Rs.58,"AKG Conduits PVC Conduit Pipe, size 20mm, used for concealed and surface electrical wiring.",https://placehold.co/400x300/F4C430/222222?text=AKG+Conduits+PVC+Conduit+Pipe+%2820mm%29
MAT00998,Electrical,Conduits & Wiring Accessories,PVC Conduit Pipe (20mm),BEC Conduits,20mm,meter / piece,Rs.31 - Rs.58,"BEC Conduits PVC Conduit Pipe, size 20mm, used for concealed and surface electrical wiring.",https://placehold.co/400x300/F4C430/222222?text=BEC+Conduits+PVC+Conduit+Pipe+%2820mm%29
MAT00999,Electrical,Conduits & Wiring Accessories,PVC Conduit Pipe (20mm),Polycab Conduits,20mm,meter / piece,Rs.31 - Rs.58,"Polycab Conduits PVC Conduit Pipe, size 20mm, used for concealed and surface electrical wiring.",https://placehold.co/400x300/F4C430/222222?text=Polycab+Conduits+PVC+Conduit+Pipe+%2820mm%29
MAT01000,Electrical,Conduits & Wiring Accessories,PVC Conduit Pipe (20mm),Supreme Conduits,20mm,meter / piece,Rs.31 - Rs.58,"Supreme Conduits PVC Conduit Pipe, size 20mm, used for concealed and surface electrical wiring.",https://placehold.co/400x300/F4C430/222222?text=Supreme+Conduits+PVC+Conduit+Pipe+%2820mm%29
MAT01001,Electrical,Conduits & Wiring Accessories,PVC Conduit Pipe (25mm),Precision Pipes,25mm,meter / piece,Rs.31 - Rs.58,"Precision Pipes PVC Conduit Pipe, size 25mm, used for concealed and surface electrical wiring.",https://placehold.co/400x300/F4C430/222222?text=Precision+Pipes+PVC+Conduit+Pipe+%2825mm%29
MAT01002,Electrical,Conduits & Wiring Accessories,PVC Conduit Pipe (25mm),AKG Conduits,25mm,meter / piece,Rs.31 - Rs.58,"AKG Conduits PVC Conduit Pipe, size 25mm, used for concealed and surface electrical wiring.",https://placehold.co/400x300/F4C430/222222?text=AKG+Conduits+PVC+Conduit+Pipe+%2825mm%29
MAT01003,Electrical,Conduits & Wiring Accessories,PVC Conduit Pipe (25mm),BEC Conduits,25mm,meter / piece,Rs.31 - Rs.58,"BEC Conduits PVC Conduit Pipe, size 25mm, used for concealed and surface electrical wiring.",https://placehold.co/400x300/F4C430/222222?text=BEC+Conduits+PVC+Conduit+Pipe+%2825mm%29
MAT01004,Electrical,Conduits & Wiring Accessories,PVC Conduit Pipe (25mm),Polycab Conduits,25mm,meter / piece,Rs.31 - Rs.58,"Polycab Conduits PVC Conduit Pipe, size 25mm, used for concealed and surface electrical wiring.",https://placehold.co/400x300/F4C430/222222?text=Polycab+Conduits+PVC+Conduit+Pipe+%2825mm%29
MAT01005,Electrical,Conduits & Wiring Accessories,PVC Conduit Pipe (25mm),Supreme Conduits,25mm,meter / piece,Rs.31 - Rs.58,"Supreme Conduits PVC Conduit Pipe, size 25mm, used for concealed and surface electrical wiring.",https://placehold.co/400x300/F4C430/222222?text=Supreme+Conduits+PVC+Conduit+Pipe+%2825mm%29
MAT01006,Electrical,Conduits & Wiring Accessories,PVC Conduit Pipe (32mm),Precision Pipes,32mm,meter / piece,Rs.31 - Rs.58,"Precision Pipes PVC Conduit Pipe, size 32mm, used for concealed and surface electrical wiring.",https://placehold.co/400x300/F4C430/222222?text=Precision+Pipes+PVC+Conduit+Pipe+%2832mm%29
MAT01007,Electrical,Conduits & Wiring Accessories,PVC Conduit Pipe (32mm),AKG Conduits,32mm,meter / piece,Rs.31 - Rs.58,"AKG Conduits PVC Conduit Pipe, size 32mm, used for concealed and surface electrical wiring.",https://placehold.co/400x300/F4C430/222222?text=AKG+Conduits+PVC+Conduit+Pipe+%2832mm%29
MAT01008,Electrical,Conduits & Wiring Accessories,PVC Conduit Pipe (32mm),BEC Conduits,32mm,meter / piece,Rs.31 - Rs.58,"BEC Conduits PVC Conduit Pipe, size 32mm, used for concealed and surface electrical wiring.",https://placehold.co/400x300/F4C430/222222?text=BEC+Conduits+PVC+Conduit+Pipe+%2832mm%29
MAT01009,Electrical,Conduits & Wiring Accessories,PVC Conduit Pipe (32mm),Polycab Conduits,32mm,meter / piece,Rs.31 - Rs.58,"Polycab Conduits PVC Conduit Pipe, size 32mm, used for concealed and surface electrical wiring.",https://placehold.co/400x300/F4C430/222222?text=Polycab+Conduits+PVC+Conduit+Pipe+%2832mm%29
MAT01010,Electrical,Conduits & Wiring Accessories,PVC Conduit Pipe (32mm),Supreme Conduits,32mm,meter / piece,Rs.31 - Rs.58,"Supreme Conduits PVC Conduit Pipe, size 32mm, used for concealed and surface electrical wiring.",https://placehold.co/400x300/F4C430/222222?text=Supreme+Conduits+PVC+Conduit+Pipe+%2832mm%29
MAT01011,Electrical,Conduits & Wiring Accessories,PVC Conduit Pipe (40mm),Precision Pipes,40mm,meter / piece,Rs.31 - Rs.58,"Precision Pipes PVC Conduit Pipe, size 40mm, used for concealed and surface electrical wiring.",https://placehold.co/400x300/F4C430/222222?text=Precision+Pipes+PVC+Conduit+Pipe+%2840mm%29
MAT01012,Electrical,Conduits & Wiring Accessories,PVC Conduit Pipe (40mm),AKG Conduits,40mm,meter / piece,Rs.31 - Rs.58,"AKG Conduits PVC Conduit Pipe, size 40mm, used for concealed and surface electrical wiring.",https://placehold.co/400x300/F4C430/222222?text=AKG+Conduits+PVC+Conduit+Pipe+%2840mm%29
MAT01013,Electrical,Conduits & Wiring Accessories,PVC Conduit Pipe (40mm),BEC Conduits,40mm,meter / piece,Rs.31 - Rs.58,"BEC Conduits PVC Conduit Pipe, size 40mm, used for concealed and surface electrical wiring.",https://placehold.co/400x300/F4C430/222222?text=BEC+Conduits+PVC+Conduit+Pipe+%2840mm%29
MAT01014,Electrical,Conduits & Wiring Accessories,PVC Conduit Pipe (40mm),Polycab Conduits,40mm,meter / piece,Rs.31 - Rs.58,"Polycab Conduits PVC Conduit Pipe, size 40mm, used for concealed and surface electrical wiring.",https://placehold.co/400x300/F4C430/222222?text=Polycab+Conduits+PVC+Conduit+Pipe+%2840mm%29
MAT01015,Electrical,Conduits & Wiring Accessories,PVC Conduit Pipe (40mm),Supreme Conduits,40mm,meter / piece,Rs.31 - Rs.58,"Supreme Conduits PVC Conduit Pipe, size 40mm, used for concealed and surface electrical wiring.",https://placehold.co/400x300/F4C430/222222?text=Supreme+Conduits+PVC+Conduit+Pipe+%2840mm%29
MAT01016,Electrical,Conduits & Wiring Accessories,Flexible Conduit Pipe (16mm),Precision Pipes,16mm,meter / piece,Rs.31 - Rs.58,"Precision Pipes Flexible Conduit Pipe, size 16mm, used for concealed and surface electrical wiring.",https://placehold.co/400x300/F4C430/222222?text=Precision+Pipes+Flexible+Conduit+Pipe+%2816mm%29
MAT01017,Electrical,Conduits & Wiring Accessories,Flexible Conduit Pipe (16mm),AKG Conduits,16mm,meter / piece,Rs.31 - Rs.58,"AKG Conduits Flexible Conduit Pipe, size 16mm, used for concealed and surface electrical wiring.",https://placehold.co/400x300/F4C430/222222?text=AKG+Conduits+Flexible+Conduit+Pipe+%2816mm%29
MAT01018,Electrical,Conduits & Wiring Accessories,Flexible Conduit Pipe (16mm),BEC Conduits,16mm,meter / piece,Rs.31 - Rs.58,"BEC Conduits Flexible Conduit Pipe, size 16mm, used for concealed and surface electrical wiring.",https://placehold.co/400x300/F4C430/222222?text=BEC+Conduits+Flexible+Conduit+Pipe+%2816mm%29
MAT01019,Electrical,Conduits & Wiring Accessories,Flexible Conduit Pipe (16mm),Polycab Conduits,16mm,meter / piece,Rs.31 - Rs.58,"Polycab Conduits Flexible Conduit Pipe, size 16mm, used for concealed and surface electrical wiring.",https://placehold.co/400x300/F4C430/222222?text=Polycab+Conduits+Flexible+Conduit+Pipe+%2816mm%29
MAT01020,Electrical,Conduits & Wiring Accessories,Flexible Conduit Pipe (16mm),Supreme Conduits,16mm,meter / piece,Rs.31 - Rs.58,"Supreme Conduits Flexible Conduit Pipe, size 16mm, used for concealed and surface electrical wiring.",https://placehold.co/400x300/F4C430/222222?text=Supreme+Conduits+Flexible+Conduit+Pipe+%2816mm%29
MAT01021,Electrical,Conduits & Wiring Accessories,Flexible Conduit Pipe (20mm),Precision Pipes,20mm,meter / piece,Rs.31 - Rs.58,"Precision Pipes Flexible Conduit Pipe, size 20mm, used for concealed and surface electrical wiring.",https://placehold.co/400x300/F4C430/222222?text=Precision+Pipes+Flexible+Conduit+Pipe+%2820mm%29
MAT01022,Electrical,Conduits & Wiring Accessories,Flexible Conduit Pipe (20mm),AKG Conduits,20mm,meter / piece,Rs.31 - Rs.58,"AKG Conduits Flexible Conduit Pipe, size 20mm, used for concealed and surface electrical wiring.",https://placehold.co/400x300/F4C430/222222?text=AKG+Conduits+Flexible+Conduit+Pipe+%2820mm%29
MAT01023,Electrical,Conduits & Wiring Accessories,Flexible Conduit Pipe (20mm),BEC Conduits,20mm,meter / piece,Rs.31 - Rs.58,"BEC Conduits Flexible Conduit Pipe, size 20mm, used for concealed and surface electrical wiring.",https://placehold.co/400x300/F4C430/222222?text=BEC+Conduits+Flexible+Conduit+Pipe+%2820mm%29
MAT01024,Electrical,Conduits & Wiring Accessories,Flexible Conduit Pipe (20mm),Polycab Conduits,20mm,meter / piece,Rs.31 - Rs.58,"Polycab Conduits Flexible Conduit Pipe, size 20mm, used for concealed and surface electrical wiring.",https://placehold.co/400x300/F4C430/222222?text=Polycab+Conduits+Flexible+Conduit+Pipe+%2820mm%29
MAT01025,Electrical,Conduits & Wiring Accessories,Flexible Conduit Pipe (20mm),Supreme Conduits,20mm,meter / piece,Rs.31 - Rs.58,"Supreme Conduits Flexible Conduit Pipe, size 20mm, used for concealed and surface electrical wiring.",https://placehold.co/400x300/F4C430/222222?text=Supreme+Conduits+Flexible+Conduit+Pipe+%2820mm%29
MAT01026,Electrical,Conduits & Wiring Accessories,Flexible Conduit Pipe (25mm),Precision Pipes,25mm,meter / piece,Rs.31 - Rs.58,"Precision Pipes Flexible Conduit Pipe, size 25mm, used for concealed and surface electrical wiring.",https://placehold.co/400x300/F4C430/222222?text=Precision+Pipes+Flexible+Conduit+Pipe+%2825mm%29
MAT01027,Electrical,Conduits & Wiring Accessories,Flexible Conduit Pipe (25mm),AKG Conduits,25mm,meter / piece,Rs.31 - Rs.58,"AKG Conduits Flexible Conduit Pipe, size 25mm, used for concealed and surface electrical wiring.",https://placehold.co/400x300/F4C430/222222?text=AKG+Conduits+Flexible+Conduit+Pipe+%2825mm%29
MAT01028,Electrical,Conduits & Wiring Accessories,Flexible Conduit Pipe (25mm),BEC Conduits,25mm,meter / piece,Rs.31 - Rs.58,"BEC Conduits Flexible Conduit Pipe, size 25mm, used for concealed and surface electrical wiring.",https://placehold.co/400x300/F4C430/222222?text=BEC+Conduits+Flexible+Conduit+Pipe+%2825mm%29
MAT01029,Electrical,Conduits & Wiring Accessories,Flexible Conduit Pipe (25mm),Polycab Conduits,25mm,meter / piece,Rs.31 - Rs.58,"Polycab Conduits Flexible Conduit Pipe, size 25mm, used for concealed and surface electrical wiring.",https://placehold.co/400x300/F4C430/222222?text=Polycab+Conduits+Flexible+Conduit+Pipe+%2825mm%29
MAT01030,Electrical,Conduits & Wiring Accessories,Flexible Conduit Pipe (25mm),Supreme Conduits,25mm,meter / piece,Rs.31 - Rs.58,"Supreme Conduits Flexible Conduit Pipe, size 25mm, used for concealed and surface electrical wiring.",https://placehold.co/400x300/F4C430/222222?text=Supreme+Conduits+Flexible+Conduit+Pipe+%2825mm%29
MAT01031,Electrical,Conduits & Wiring Accessories,Flexible Conduit Pipe (32mm),Precision Pipes,32mm,meter / piece,Rs.31 - Rs.58,"Precision Pipes Flexible Conduit Pipe, size 32mm, used for concealed and surface electrical wiring.",https://placehold.co/400x300/F4C430/222222?text=Precision+Pipes+Flexible+Conduit+Pipe+%2832mm%29
MAT01032,Electrical,Conduits & Wiring Accessories,Flexible Conduit Pipe (32mm),AKG Conduits,32mm,meter / piece,Rs.31 - Rs.58,"AKG Conduits Flexible Conduit Pipe, size 32mm, used for concealed and surface electrical wiring.",https://placehold.co/400x300/F4C430/222222?text=AKG+Conduits+Flexible+Conduit+Pipe+%2832mm%29
MAT01033,Electrical,Conduits & Wiring Accessories,Flexible Conduit Pipe (32mm),BEC Conduits,32mm,meter / piece,Rs.31 - Rs.58,"BEC Conduits Flexible Conduit Pipe, size 32mm, used for concealed and surface electrical wiring.",https://placehold.co/400x300/F4C430/222222?text=BEC+Conduits+Flexible+Conduit+Pipe+%2832mm%29
MAT01034,Electrical,Conduits & Wiring Accessories,Flexible Conduit Pipe (32mm),Polycab Conduits,32mm,meter / piece,Rs.31 - Rs.58,"Polycab Conduits Flexible Conduit Pipe, size 32mm, used for concealed and surface electrical wiring.",https://placehold.co/400x300/F4C430/222222?text=Polycab+Conduits+Flexible+Conduit+Pipe+%2832mm%29
MAT01035,Electrical,Conduits & Wiring Accessories,Flexible Conduit Pipe (32mm),Supreme Conduits,32mm,meter / piece,Rs.31 - Rs.58,"Supreme Conduits Flexible Conduit Pipe, size 32mm, used for concealed and surface electrical wiring.",https://placehold.co/400x300/F4C430/222222?text=Supreme+Conduits+Flexible+Conduit+Pipe+%2832mm%29
MAT01036,Electrical,Conduits & Wiring Accessories,Flexible Conduit Pipe (40mm),Precision Pipes,40mm,meter / piece,Rs.31 - Rs.58,"Precision Pipes Flexible Conduit Pipe, size 40mm, used for concealed and surface electrical wiring.",https://placehold.co/400x300/F4C430/222222?text=Precision+Pipes+Flexible+Conduit+Pipe+%2840mm%29
MAT01037,Electrical,Conduits & Wiring Accessories,Flexible Conduit Pipe (40mm),AKG Conduits,40mm,meter / piece,Rs.31 - Rs.58,"AKG Conduits Flexible Conduit Pipe, size 40mm, used for concealed and surface electrical wiring.",https://placehold.co/400x300/F4C430/222222?text=AKG+Conduits+Flexible+Conduit+Pipe+%2840mm%29
MAT01038,Electrical,Conduits & Wiring Accessories,Flexible Conduit Pipe (40mm),BEC Conduits,40mm,meter / piece,Rs.31 - Rs.58,"BEC Conduits Flexible Conduit Pipe, size 40mm, used for concealed and surface electrical wiring.",https://placehold.co/400x300/F4C430/222222?text=BEC+Conduits+Flexible+Conduit+Pipe+%2840mm%29
MAT01039,Electrical,Conduits & Wiring Accessories,Flexible Conduit Pipe (40mm),Polycab Conduits,40mm,meter / piece,Rs.31 - Rs.58,"Polycab Conduits Flexible Conduit Pipe, size 40mm, used for concealed and surface electrical wiring.",https://placehold.co/400x300/F4C430/222222?text=Polycab+Conduits+Flexible+Conduit+Pipe+%2840mm%29
MAT01040,Electrical,Conduits & Wiring Accessories,Flexible Conduit Pipe (40mm),Supreme Conduits,40mm,meter / piece,Rs.31 - Rs.58,"Supreme Conduits Flexible Conduit Pipe, size 40mm, used for concealed and surface electrical wiring.",https://placehold.co/400x300/F4C430/222222?text=Supreme+Conduits+Flexible+Conduit+Pipe+%2840mm%29
MAT01041,Electrical,Conduits & Wiring Accessories,Junction Box (16mm),Precision Pipes,16mm,meter / piece,Rs.31 - Rs.58,"Precision Pipes Junction Box, size 16mm, used for concealed and surface electrical wiring.",https://placehold.co/400x300/F4C430/222222?text=Precision+Pipes+Junction+Box+%2816mm%29
MAT01042,Electrical,Conduits & Wiring Accessories,Junction Box (16mm),AKG Conduits,16mm,meter / piece,Rs.31 - Rs.58,"AKG Conduits Junction Box, size 16mm, used for concealed and surface electrical wiring.",https://placehold.co/400x300/F4C430/222222?text=AKG+Conduits+Junction+Box+%2816mm%29
MAT01043,Electrical,Conduits & Wiring Accessories,Junction Box (16mm),BEC Conduits,16mm,meter / piece,Rs.31 - Rs.58,"BEC Conduits Junction Box, size 16mm, used for concealed and surface electrical wiring.",https://placehold.co/400x300/F4C430/222222?text=BEC+Conduits+Junction+Box+%2816mm%29
MAT01044,Electrical,Conduits & Wiring Accessories,Junction Box (16mm),Polycab Conduits,16mm,meter / piece,Rs.31 - Rs.58,"Polycab Conduits Junction Box, size 16mm, used for concealed and surface electrical wiring.",https://placehold.co/400x300/F4C430/222222?text=Polycab+Conduits+Junction+Box+%2816mm%29
MAT01045,Electrical,Conduits & Wiring Accessories,Junction Box (16mm),Supreme Conduits,16mm,meter / piece,Rs.31 - Rs.58,"Supreme Conduits Junction Box, size 16mm, used for concealed and surface electrical wiring.",https://placehold.co/400x300/F4C430/222222?text=Supreme+Conduits+Junction+Box+%2816mm%29
MAT01046,Electrical,Conduits & Wiring Accessories,Junction Box (20mm),Precision Pipes,20mm,meter / piece,Rs.31 - Rs.58,"Precision Pipes Junction Box, size 20mm, used for concealed and surface electrical wiring.",https://placehold.co/400x300/F4C430/222222?text=Precision+Pipes+Junction+Box+%2820mm%29
MAT01047,Electrical,Conduits & Wiring Accessories,Junction Box (20mm),AKG Conduits,20mm,meter / piece,Rs.31 - Rs.58,"AKG Conduits Junction Box, size 20mm, used for concealed and surface electrical wiring.",https://placehold.co/400x300/F4C430/222222?text=AKG+Conduits+Junction+Box+%2820mm%29
MAT01048,Electrical,Conduits & Wiring Accessories,Junction Box (20mm),BEC Conduits,20mm,meter / piece,Rs.31 - Rs.58,"BEC Conduits Junction Box, size 20mm, used for concealed and surface electrical wiring.",https://placehold.co/400x300/F4C430/222222?text=BEC+Conduits+Junction+Box+%2820mm%29
MAT01049,Electrical,Conduits & Wiring Accessories,Junction Box (20mm),Polycab Conduits,20mm,meter / piece,Rs.31 - Rs.58,"Polycab Conduits Junction Box, size 20mm, used for concealed and surface electrical wiring.",https://placehold.co/400x300/F4C430/222222?text=Polycab+Conduits+Junction+Box+%2820mm%29
MAT01050,Electrical,Conduits & Wiring Accessories,Junction Box (20mm),Supreme Conduits,20mm,meter / piece,Rs.31 - Rs.58,"Supreme Conduits Junction Box, size 20mm, used for concealed and surface electrical wiring.",https://placehold.co/400x300/F4C430/222222?text=Supreme+Conduits+Junction+Box+%2820mm%29
MAT01051,Electrical,Conduits & Wiring Accessories,Junction Box (25mm),Precision Pipes,25mm,meter / piece,Rs.31 - Rs.58,"Precision Pipes Junction Box, size 25mm, used for concealed and surface electrical wiring.",https://placehold.co/400x300/F4C430/222222?text=Precision+Pipes+Junction+Box+%2825mm%29
MAT01052,Electrical,Conduits & Wiring Accessories,Junction Box (25mm),AKG Conduits,25mm,meter / piece,Rs.31 - Rs.58,"AKG Conduits Junction Box, size 25mm, used for concealed and surface electrical wiring.",https://placehold.co/400x300/F4C430/222222?text=AKG+Conduits+Junction+Box+%2825mm%29
MAT01053,Electrical,Conduits & Wiring Accessories,Junction Box (25mm),BEC Conduits,25mm,meter / piece,Rs.31 - Rs.58,"BEC Conduits Junction Box, size 25mm, used for concealed and surface electrical wiring.",https://placehold.co/400x300/F4C430/222222?text=BEC+Conduits+Junction+Box+%2825mm%29
MAT01054,Electrical,Conduits & Wiring Accessories,Junction Box (25mm),Polycab Conduits,25mm,meter / piece,Rs.31 - Rs.58,"Polycab Conduits Junction Box, size 25mm, used for concealed and surface electrical wiring.",https://placehold.co/400x300/F4C430/222222?text=Polycab+Conduits+Junction+Box+%2825mm%29
MAT01055,Electrical,Conduits & Wiring Accessories,Junction Box (25mm),Supreme Conduits,25mm,meter / piece,Rs.31 - Rs.58,"Supreme Conduits Junction Box, size 25mm, used for concealed and surface electrical wiring.",https://placehold.co/400x300/F4C430/222222?text=Supreme+Conduits+Junction+Box+%2825mm%29
MAT01056,Electrical,Conduits & Wiring Accessories,Junction Box (32mm),Precision Pipes,32mm,meter / piece,Rs.31 - Rs.58,"Precision Pipes Junction Box, size 32mm, used for concealed and surface electrical wiring.",https://placehold.co/400x300/F4C430/222222?text=Precision+Pipes+Junction+Box+%2832mm%29
MAT01057,Electrical,Conduits & Wiring Accessories,Junction Box (32mm),AKG Conduits,32mm,meter / piece,Rs.31 - Rs.58,"AKG Conduits Junction Box, size 32mm, used for concealed and surface electrical wiring.",https://placehold.co/400x300/F4C430/222222?text=AKG+Conduits+Junction+Box+%2832mm%29
MAT01058,Electrical,Conduits & Wiring Accessories,Junction Box (32mm),BEC Conduits,32mm,meter / piece,Rs.31 - Rs.58,"BEC Conduits Junction Box, size 32mm, used for concealed and surface electrical wiring.",https://placehold.co/400x300/F4C430/222222?text=BEC+Conduits+Junction+Box+%2832mm%29
MAT01059,Electrical,Conduits & Wiring Accessories,Junction Box (32mm),Polycab Conduits,32mm,meter / piece,Rs.31 - Rs.58,"Polycab Conduits Junction Box, size 32mm, used for concealed and surface electrical wiring.",https://placehold.co/400x300/F4C430/222222?text=Polycab+Conduits+Junction+Box+%2832mm%29
MAT01060,Electrical,Conduits & Wiring Accessories,Junction Box (32mm),Supreme Conduits,32mm,meter / piece,Rs.31 - Rs.58,"Supreme Conduits Junction Box, size 32mm, used for concealed and surface electrical wiring.",https://placehold.co/400x300/F4C430/222222?text=Supreme+Conduits+Junction+Box+%2832mm%29
MAT01061,Electrical,Conduits & Wiring Accessories,Junction Box (40mm),Precision Pipes,40mm,meter / piece,Rs.31 - Rs.58,"Precision Pipes Junction Box, size 40mm, used for concealed and surface electrical wiring.",https://placehold.co/400x300/F4C430/222222?text=Precision+Pipes+Junction+Box+%2840mm%29
MAT01062,Electrical,Conduits & Wiring Accessories,Junction Box (40mm),AKG Conduits,40mm,meter / piece,Rs.31 - Rs.58,"AKG Conduits Junction Box, size 40mm, used for concealed and surface electrical wiring.",https://placehold.co/400x300/F4C430/222222?text=AKG+Conduits+Junction+Box+%2840mm%29
MAT01063,Electrical,Conduits & Wiring Accessories,Junction Box (40mm),BEC Conduits,40mm,meter / piece,Rs.31 - Rs.58,"BEC Conduits Junction Box, size 40mm, used for concealed and surface electrical wiring.",https://placehold.co/400x300/F4C430/222222?text=BEC+Conduits+Junction+Box+%2840mm%29
MAT01064,Electrical,Conduits & Wiring Accessories,Junction Box (40mm),Polycab Conduits,40mm,meter / piece,Rs.31 - Rs.58,"Polycab Conduits Junction Box, size 40mm, used for concealed and surface electrical wiring.",https://placehold.co/400x300/F4C430/222222?text=Polycab+Conduits+Junction+Box+%2840mm%29
MAT01065,Electrical,Conduits & Wiring Accessories,Junction Box (40mm),Supreme Conduits,40mm,meter / piece,Rs.31 - Rs.58,"Supreme Conduits Junction Box, size 40mm, used for concealed and surface electrical wiring.",https://placehold.co/400x300/F4C430/222222?text=Supreme+Conduits+Junction+Box+%2840mm%29
MAT01066,Electrical,Conduits & Wiring Accessories,Casing Capping (16mm),Precision Pipes,16mm,meter / piece,Rs.31 - Rs.58,"Precision Pipes Casing Capping, size 16mm, used for concealed and surface electrical wiring.",https://placehold.co/400x300/F4C430/222222?text=Precision+Pipes+Casing+Capping+%2816mm%29
MAT01067,Electrical,Conduits & Wiring Accessories,Casing Capping (16mm),AKG Conduits,16mm,meter / piece,Rs.31 - Rs.58,"AKG Conduits Casing Capping, size 16mm, used for concealed and surface electrical wiring.",https://placehold.co/400x300/F4C430/222222?text=AKG+Conduits+Casing+Capping+%2816mm%29
MAT01068,Electrical,Conduits & Wiring Accessories,Casing Capping (16mm),BEC Conduits,16mm,meter / piece,Rs.31 - Rs.58,"BEC Conduits Casing Capping, size 16mm, used for concealed and surface electrical wiring.",https://placehold.co/400x300/F4C430/222222?text=BEC+Conduits+Casing+Capping+%2816mm%29
MAT01069,Electrical,Conduits & Wiring Accessories,Casing Capping (16mm),Polycab Conduits,16mm,meter / piece,Rs.31 - Rs.58,"Polycab Conduits Casing Capping, size 16mm, used for concealed and surface electrical wiring.",https://placehold.co/400x300/F4C430/222222?text=Polycab+Conduits+Casing+Capping+%2816mm%29
MAT01070,Electrical,Conduits & Wiring Accessories,Casing Capping (16mm),Supreme Conduits,16mm,meter / piece,Rs.31 - Rs.58,"Supreme Conduits Casing Capping, size 16mm, used for concealed and surface electrical wiring.",https://placehold.co/400x300/F4C430/222222?text=Supreme+Conduits+Casing+Capping+%2816mm%29
MAT01071,Electrical,Conduits & Wiring Accessories,Casing Capping (20mm),Precision Pipes,20mm,meter / piece,Rs.31 - Rs.58,"Precision Pipes Casing Capping, size 20mm, used for concealed and surface electrical wiring.",https://placehold.co/400x300/F4C430/222222?text=Precision+Pipes+Casing+Capping+%2820mm%29
MAT01072,Electrical,Conduits & Wiring Accessories,Casing Capping (20mm),AKG Conduits,20mm,meter / piece,Rs.31 - Rs.58,"AKG Conduits Casing Capping, size 20mm, used for concealed and surface electrical wiring.",https://placehold.co/400x300/F4C430/222222?text=AKG+Conduits+Casing+Capping+%2820mm%29
MAT01073,Electrical,Conduits & Wiring Accessories,Casing Capping (20mm),BEC Conduits,20mm,meter / piece,Rs.31 - Rs.58,"BEC Conduits Casing Capping, size 20mm, used for concealed and surface electrical wiring.",https://placehold.co/400x300/F4C430/222222?text=BEC+Conduits+Casing+Capping+%2820mm%29
MAT01074,Electrical,Conduits & Wiring Accessories,Casing Capping (20mm),Polycab Conduits,20mm,meter / piece,Rs.31 - Rs.58,"Polycab Conduits Casing Capping, size 20mm, used for concealed and surface electrical wiring.",https://placehold.co/400x300/F4C430/222222?text=Polycab+Conduits+Casing+Capping+%2820mm%29
MAT01075,Electrical,Conduits & Wiring Accessories,Casing Capping (20mm),Supreme Conduits,20mm,meter / piece,Rs.31 - Rs.58,"Supreme Conduits Casing Capping, size 20mm, used for concealed and surface electrical wiring.",https://placehold.co/400x300/F4C430/222222?text=Supreme+Conduits+Casing+Capping+%2820mm%29
MAT01076,Electrical,Conduits & Wiring Accessories,Casing Capping (25mm),Precision Pipes,25mm,meter / piece,Rs.31 - Rs.58,"Precision Pipes Casing Capping, size 25mm, used for concealed and surface electrical wiring.",https://placehold.co/400x300/F4C430/222222?text=Precision+Pipes+Casing+Capping+%2825mm%29
MAT01077,Electrical,Conduits & Wiring Accessories,Casing Capping (25mm),AKG Conduits,25mm,meter / piece,Rs.31 - Rs.58,"AKG Conduits Casing Capping, size 25mm, used for concealed and surface electrical wiring.",https://placehold.co/400x300/F4C430/222222?text=AKG+Conduits+Casing+Capping+%2825mm%29
MAT01078,Electrical,Conduits & Wiring Accessories,Casing Capping (25mm),BEC Conduits,25mm,meter / piece,Rs.31 - Rs.58,"BEC Conduits Casing Capping, size 25mm, used for concealed and surface electrical wiring.",https://placehold.co/400x300/F4C430/222222?text=BEC+Conduits+Casing+Capping+%2825mm%29
MAT01079,Electrical,Conduits & Wiring Accessories,Casing Capping (25mm),Polycab Conduits,25mm,meter / piece,Rs.31 - Rs.58,"Polycab Conduits Casing Capping, size 25mm, used for concealed and surface electrical wiring.",https://placehold.co/400x300/F4C430/222222?text=Polycab+Conduits+Casing+Capping+%2825mm%29
MAT01080,Electrical,Conduits & Wiring Accessories,Casing Capping (25mm),Supreme Conduits,25mm,meter / piece,Rs.31 - Rs.58,"Supreme Conduits Casing Capping, size 25mm, used for concealed and surface electrical wiring.",https://placehold.co/400x300/F4C430/222222?text=Supreme+Conduits+Casing+Capping+%2825mm%29
MAT01081,Plumbing,Pipes,PVC Pipe (1/2 inch),Astral Pipes,1/2 inch,piece / meter,Rs.84 - Rs.156,"Astral Pipes PVC Pipe, diameter 1/2 inch, used for water supply and drainage systems.",https://placehold.co/400x300/4A90D9/FFFFFF?text=Astral+Pipes+PVC+Pipe+%281%2F2+inch%29
MAT01082,Plumbing,Pipes,PVC Pipe (1/2 inch),Supreme Pipes,1/2 inch,piece / meter,Rs.84 - Rs.156,"Supreme Pipes PVC Pipe, diameter 1/2 inch, used for water supply and drainage systems.",https://placehold.co/400x300/4A90D9/FFFFFF?text=Supreme+Pipes+PVC+Pipe+%281%2F2+inch%29
MAT01083,Plumbing,Pipes,PVC Pipe (1/2 inch),Finolex Pipes,1/2 inch,piece / meter,Rs.84 - Rs.156,"Finolex Pipes PVC Pipe, diameter 1/2 inch, used for water supply and drainage systems.",https://placehold.co/400x300/4A90D9/FFFFFF?text=Finolex+Pipes+PVC+Pipe+%281%2F2+inch%29
MAT01084,Plumbing,Pipes,PVC Pipe (1/2 inch),Prince Pipes,1/2 inch,piece / meter,Rs.84 - Rs.156,"Prince Pipes PVC Pipe, diameter 1/2 inch, used for water supply and drainage systems.",https://placehold.co/400x300/4A90D9/FFFFFF?text=Prince+Pipes+PVC+Pipe+%281%2F2+inch%29
MAT01085,Plumbing,Pipes,PVC Pipe (1/2 inch),Ashirvad Pipes,1/2 inch,piece / meter,Rs.84 - Rs.156,"Ashirvad Pipes PVC Pipe, diameter 1/2 inch, used for water supply and drainage systems.",https://placehold.co/400x300/4A90D9/FFFFFF?text=Ashirvad+Pipes+PVC+Pipe+%281%2F2+inch%29
MAT01086,Plumbing,Pipes,PVC Pipe (1/2 inch),Jain Pipes,1/2 inch,piece / meter,Rs.84 - Rs.156,"Jain Pipes PVC Pipe, diameter 1/2 inch, used for water supply and drainage systems.",https://placehold.co/400x300/4A90D9/FFFFFF?text=Jain+Pipes+PVC+Pipe+%281%2F2+inch%29
MAT01087,Plumbing,Pipes,PVC Pipe (1/2 inch),Kisan Pipes,1/2 inch,piece / meter,Rs.84 - Rs.156,"Kisan Pipes PVC Pipe, diameter 1/2 inch, used for water supply and drainage systems.",https://placehold.co/400x300/4A90D9/FFFFFF?text=Kisan+Pipes+PVC+Pipe+%281%2F2+inch%29
MAT01088,Plumbing,Pipes,PVC Pipe (1/2 inch),Tata Pipes,1/2 inch,piece / meter,Rs.84 - Rs.156,"Tata Pipes PVC Pipe, diameter 1/2 inch, used for water supply and drainage systems.",https://placehold.co/400x300/4A90D9/FFFFFF?text=Tata+Pipes+PVC+Pipe+%281%2F2+inch%29
MAT01089,Plumbing,Pipes,PVC Pipe (3/4 inch),Astral Pipes,3/4 inch,piece / meter,Rs.84 - Rs.156,"Astral Pipes PVC Pipe, diameter 3/4 inch, used for water supply and drainage systems.",https://placehold.co/400x300/4A90D9/FFFFFF?text=Astral+Pipes+PVC+Pipe+%283%2F4+inch%29
MAT01090,Plumbing,Pipes,PVC Pipe (3/4 inch),Supreme Pipes,3/4 inch,piece / meter,Rs.84 - Rs.156,"Supreme Pipes PVC Pipe, diameter 3/4 inch, used for water supply and drainage systems.",https://placehold.co/400x300/4A90D9/FFFFFF?text=Supreme+Pipes+PVC+Pipe+%283%2F4+inch%29
MAT01091,Plumbing,Pipes,PVC Pipe (3/4 inch),Finolex Pipes,3/4 inch,piece / meter,Rs.84 - Rs.156,"Finolex Pipes PVC Pipe, diameter 3/4 inch, used for water supply and drainage systems.",https://placehold.co/400x300/4A90D9/FFFFFF?text=Finolex+Pipes+PVC+Pipe+%283%2F4+inch%29
MAT01092,Plumbing,Pipes,PVC Pipe (3/4 inch),Prince Pipes,3/4 inch,piece / meter,Rs.84 - Rs.156,"Prince Pipes PVC Pipe, diameter 3/4 inch, used for water supply and drainage systems.",https://placehold.co/400x300/4A90D9/FFFFFF?text=Prince+Pipes+PVC+Pipe+%283%2F4+inch%29
MAT01093,Plumbing,Pipes,PVC Pipe (3/4 inch),Ashirvad Pipes,3/4 inch,piece / meter,Rs.84 - Rs.156,"Ashirvad Pipes PVC Pipe, diameter 3/4 inch, used for water supply and drainage systems.",https://placehold.co/400x300/4A90D9/FFFFFF?text=Ashirvad+Pipes+PVC+Pipe+%283%2F4+inch%29
MAT01094,Plumbing,Pipes,PVC Pipe (3/4 inch),Jain Pipes,3/4 inch,piece / meter,Rs.84 - Rs.156,"Jain Pipes PVC Pipe, diameter 3/4 inch, used for water supply and drainage systems.",https://placehold.co/400x300/4A90D9/FFFFFF?text=Jain+Pipes+PVC+Pipe+%283%2F4+inch%29
MAT01095,Plumbing,Pipes,PVC Pipe (3/4 inch),Kisan Pipes,3/4 inch,piece / meter,Rs.84 - Rs.156,"Kisan Pipes PVC Pipe, diameter 3/4 inch, used for water supply and drainage systems.",https://placehold.co/400x300/4A90D9/FFFFFF?text=Kisan+Pipes+PVC+Pipe+%283%2F4+inch%29
MAT01096,Plumbing,Pipes,PVC Pipe (3/4 inch),Tata Pipes,3/4 inch,piece / meter,Rs.84 - Rs.156,"Tata Pipes PVC Pipe, diameter 3/4 inch, used for water supply and drainage systems.",https://placehold.co/400x300/4A90D9/FFFFFF?text=Tata+Pipes+PVC+Pipe+%283%2F4+inch%29
MAT01097,Plumbing,Pipes,PVC Pipe (1 inch),Astral Pipes,1 inch,piece / meter,Rs.84 - Rs.156,"Astral Pipes PVC Pipe, diameter 1 inch, used for water supply and drainage systems.",https://placehold.co/400x300/4A90D9/FFFFFF?text=Astral+Pipes+PVC+Pipe+%281+inch%29
MAT01098,Plumbing,Pipes,PVC Pipe (1 inch),Supreme Pipes,1 inch,piece / meter,Rs.84 - Rs.156,"Supreme Pipes PVC Pipe, diameter 1 inch, used for water supply and drainage systems.",https://placehold.co/400x300/4A90D9/FFFFFF?text=Supreme+Pipes+PVC+Pipe+%281+inch%29
MAT01099,Plumbing,Pipes,PVC Pipe (1 inch),Finolex Pipes,1 inch,piece / meter,Rs.84 - Rs.156,"Finolex Pipes PVC Pipe, diameter 1 inch, used for water supply and drainage systems.",https://placehold.co/400x300/4A90D9/FFFFFF?text=Finolex+Pipes+PVC+Pipe+%281+inch%29
MAT01100,Plumbing,Pipes,PVC Pipe (1 inch),Prince Pipes,1 inch,piece / meter,Rs.84 - Rs.156,"Prince Pipes PVC Pipe, diameter 1 inch, used for water supply and drainage systems.",https://placehold.co/400x300/4A90D9/FFFFFF?text=Prince+Pipes+PVC+Pipe+%281+inch%29
MAT01101,Plumbing,Pipes,PVC Pipe (1 inch),Ashirvad Pipes,1 inch,piece / meter,Rs.84 - Rs.156,"Ashirvad Pipes PVC Pipe, diameter 1 inch, used for water supply and drainage systems.",https://placehold.co/400x300/4A90D9/FFFFFF?text=Ashirvad+Pipes+PVC+Pipe+%281+inch%29
MAT01102,Plumbing,Pipes,PVC Pipe (1 inch),Jain Pipes,1 inch,piece / meter,Rs.84 - Rs.156,"Jain Pipes PVC Pipe, diameter 1 inch, used for water supply and drainage systems.",https://placehold.co/400x300/4A90D9/FFFFFF?text=Jain+Pipes+PVC+Pipe+%281+inch%29
MAT01103,Plumbing,Pipes,PVC Pipe (1 inch),Kisan Pipes,1 inch,piece / meter,Rs.84 - Rs.156,"Kisan Pipes PVC Pipe, diameter 1 inch, used for water supply and drainage systems.",https://placehold.co/400x300/4A90D9/FFFFFF?text=Kisan+Pipes+PVC+Pipe+%281+inch%29
MAT01104,Plumbing,Pipes,PVC Pipe (1 inch),Tata Pipes,1 inch,piece / meter,Rs.84 - Rs.156,"Tata Pipes PVC Pipe, diameter 1 inch, used for water supply and drainage systems.",https://placehold.co/400x300/4A90D9/FFFFFF?text=Tata+Pipes+PVC+Pipe+%281+inch%29
MAT01105,Plumbing,Pipes,PVC Pipe (1.25 inch),Astral Pipes,1.25 inch,piece / meter,Rs.84 - Rs.156,"Astral Pipes PVC Pipe, diameter 1.25 inch, used for water supply and drainage systems.",https://placehold.co/400x300/4A90D9/FFFFFF?text=Astral+Pipes+PVC+Pipe+%281.25+inch%29
MAT01106,Plumbing,Pipes,PVC Pipe (1.25 inch),Supreme Pipes,1.25 inch,piece / meter,Rs.84 - Rs.156,"Supreme Pipes PVC Pipe, diameter 1.25 inch, used for water supply and drainage systems.",https://placehold.co/400x300/4A90D9/FFFFFF?text=Supreme+Pipes+PVC+Pipe+%281.25+inch%29
MAT01107,Plumbing,Pipes,PVC Pipe (1.25 inch),Finolex Pipes,1.25 inch,piece / meter,Rs.84 - Rs.156,"Finolex Pipes PVC Pipe, diameter 1.25 inch, used for water supply and drainage systems.",https://placehold.co/400x300/4A90D9/FFFFFF?text=Finolex+Pipes+PVC+Pipe+%281.25+inch%29
MAT01108,Plumbing,Pipes,PVC Pipe (1.25 inch),Prince Pipes,1.25 inch,piece / meter,Rs.84 - Rs.156,"Prince Pipes PVC Pipe, diameter 1.25 inch, used for water supply and drainage systems.",https://placehold.co/400x300/4A90D9/FFFFFF?text=Prince+Pipes+PVC+Pipe+%281.25+inch%29
MAT01109,Plumbing,Pipes,PVC Pipe (1.25 inch),Ashirvad Pipes,1.25 inch,piece / meter,Rs.84 - Rs.156,"Ashirvad Pipes PVC Pipe, diameter 1.25 inch, used for water supply and drainage systems.",https://placehold.co/400x300/4A90D9/FFFFFF?text=Ashirvad+Pipes+PVC+Pipe+%281.25+inch%29
MAT01110,Plumbing,Pipes,PVC Pipe (1.25 inch),Jain Pipes,1.25 inch,piece / meter,Rs.84 - Rs.156,"Jain Pipes PVC Pipe, diameter 1.25 inch, used for water supply and drainage systems.",https://placehold.co/400x300/4A90D9/FFFFFF?text=Jain+Pipes+PVC+Pipe+%281.25+inch%29
MAT01111,Plumbing,Pipes,PVC Pipe (1.25 inch),Kisan Pipes,1.25 inch,piece / meter,Rs.84 - Rs.156,"Kisan Pipes PVC Pipe, diameter 1.25 inch, used for water supply and drainage systems.",https://placehold.co/400x300/4A90D9/FFFFFF?text=Kisan+Pipes+PVC+Pipe+%281.25+inch%29
MAT01112,Plumbing,Pipes,PVC Pipe (1.25 inch),Tata Pipes,1.25 inch,piece / meter,Rs.84 - Rs.156,"Tata Pipes PVC Pipe, diameter 1.25 inch, used for water supply and drainage systems.",https://placehold.co/400x300/4A90D9/FFFFFF?text=Tata+Pipes+PVC+Pipe+%281.25+inch%29
MAT01113,Plumbing,Pipes,PVC Pipe (1.5 inch),Astral Pipes,1.5 inch,piece / meter,Rs.84 - Rs.156,"Astral Pipes PVC Pipe, diameter 1.5 inch, used for water supply and drainage systems.",https://placehold.co/400x300/4A90D9/FFFFFF?text=Astral+Pipes+PVC+Pipe+%281.5+inch%29
MAT01114,Plumbing,Pipes,PVC Pipe (1.5 inch),Supreme Pipes,1.5 inch,piece / meter,Rs.84 - Rs.156,"Supreme Pipes PVC Pipe, diameter 1.5 inch, used for water supply and drainage systems.",https://placehold.co/400x300/4A90D9/FFFFFF?text=Supreme+Pipes+PVC+Pipe+%281.5+inch%29
MAT01115,Plumbing,Pipes,PVC Pipe (1.5 inch),Finolex Pipes,1.5 inch,piece / meter,Rs.84 - Rs.156,"Finolex Pipes PVC Pipe, diameter 1.5 inch, used for water supply and drainage systems.",https://placehold.co/400x300/4A90D9/FFFFFF?text=Finolex+Pipes+PVC+Pipe+%281.5+inch%29
MAT01116,Plumbing,Pipes,PVC Pipe (1.5 inch),Prince Pipes,1.5 inch,piece / meter,Rs.84 - Rs.156,"Prince Pipes PVC Pipe, diameter 1.5 inch, used for water supply and drainage systems.",https://placehold.co/400x300/4A90D9/FFFFFF?text=Prince+Pipes+PVC+Pipe+%281.5+inch%29
MAT01117,Plumbing,Pipes,PVC Pipe (1.5 inch),Ashirvad Pipes,1.5 inch,piece / meter,Rs.84 - Rs.156,"Ashirvad Pipes PVC Pipe, diameter 1.5 inch, used for water supply and drainage systems.",https://placehold.co/400x300/4A90D9/FFFFFF?text=Ashirvad+Pipes+PVC+Pipe+%281.5+inch%29
MAT01118,Plumbing,Pipes,PVC Pipe (1.5 inch),Jain Pipes,1.5 inch,piece / meter,Rs.84 - Rs.156,"Jain Pipes PVC Pipe, diameter 1.5 inch, used for water supply and drainage systems.",https://placehold.co/400x300/4A90D9/FFFFFF?text=Jain+Pipes+PVC+Pipe+%281.5+inch%29
MAT01119,Plumbing,Pipes,PVC Pipe (1.5 inch),Kisan Pipes,1.5 inch,piece / meter,Rs.84 - Rs.156,"Kisan Pipes PVC Pipe, diameter 1.5 inch, used for water supply and drainage systems.",https://placehold.co/400x300/4A90D9/FFFFFF?text=Kisan+Pipes+PVC+Pipe+%281.5+inch%29
MAT01120,Plumbing,Pipes,PVC Pipe (1.5 inch),Tata Pipes,1.5 inch,piece / meter,Rs.84 - Rs.156,"Tata Pipes PVC Pipe, diameter 1.5 inch, used for water supply and drainage systems.",https://placehold.co/400x300/4A90D9/FFFFFF?text=Tata+Pipes+PVC+Pipe+%281.5+inch%29
MAT01121,Plumbing,Pipes,PVC Pipe (2 inch),Astral Pipes,2 inch,piece / meter,Rs.84 - Rs.156,"Astral Pipes PVC Pipe, diameter 2 inch, used for water supply and drainage systems.",https://placehold.co/400x300/4A90D9/FFFFFF?text=Astral+Pipes+PVC+Pipe+%282+inch%29
MAT01122,Plumbing,Pipes,PVC Pipe (2 inch),Supreme Pipes,2 inch,piece / meter,Rs.84 - Rs.156,"Supreme Pipes PVC Pipe, diameter 2 inch, used for water supply and drainage systems.",https://placehold.co/400x300/4A90D9/FFFFFF?text=Supreme+Pipes+PVC+Pipe+%282+inch%29
MAT01123,Plumbing,Pipes,PVC Pipe (2 inch),Finolex Pipes,2 inch,piece / meter,Rs.84 - Rs.156,"Finolex Pipes PVC Pipe, diameter 2 inch, used for water supply and drainage systems.",https://placehold.co/400x300/4A90D9/FFFFFF?text=Finolex+Pipes+PVC+Pipe+%282+inch%29
MAT01124,Plumbing,Pipes,PVC Pipe (2 inch),Prince Pipes,2 inch,piece / meter,Rs.84 - Rs.156,"Prince Pipes PVC Pipe, diameter 2 inch, used for water supply and drainage systems.",https://placehold.co/400x300/4A90D9/FFFFFF?text=Prince+Pipes+PVC+Pipe+%282+inch%29
MAT01125,Plumbing,Pipes,PVC Pipe (2 inch),Ashirvad Pipes,2 inch,piece / meter,Rs.84 - Rs.156,"Ashirvad Pipes PVC Pipe, diameter 2 inch, used for water supply and drainage systems.",https://placehold.co/400x300/4A90D9/FFFFFF?text=Ashirvad+Pipes+PVC+Pipe+%282+inch%29
MAT01126,Plumbing,Pipes,PVC Pipe (2 inch),Jain Pipes,2 inch,piece / meter,Rs.84 - Rs.156,"Jain Pipes PVC Pipe, diameter 2 inch, used for water supply and drainage systems.",https://placehold.co/400x300/4A90D9/FFFFFF?text=Jain+Pipes+PVC+Pipe+%282+inch%29
MAT01127,Plumbing,Pipes,PVC Pipe (2 inch),Kisan Pipes,2 inch,piece / meter,Rs.84 - Rs.156,"Kisan Pipes PVC Pipe, diameter 2 inch, used for water supply and drainage systems.",https://placehold.co/400x300/4A90D9/FFFFFF?text=Kisan+Pipes+PVC+Pipe+%282+inch%29
MAT01128,Plumbing,Pipes,PVC Pipe (2 inch),Tata Pipes,2 inch,piece / meter,Rs.84 - Rs.156,"Tata Pipes PVC Pipe, diameter 2 inch, used for water supply and drainage systems.",https://placehold.co/400x300/4A90D9/FFFFFF?text=Tata+Pipes+PVC+Pipe+%282+inch%29
MAT01129,Plumbing,Pipes,PVC Pipe (3 inch),Astral Pipes,3 inch,piece / meter,Rs.84 - Rs.156,"Astral Pipes PVC Pipe, diameter 3 inch, used for water supply and drainage systems.",https://placehold.co/400x300/4A90D9/FFFFFF?text=Astral+Pipes+PVC+Pipe+%283+inch%29
MAT01130,Plumbing,Pipes,PVC Pipe (3 inch),Supreme Pipes,3 inch,piece / meter,Rs.84 - Rs.156,"Supreme Pipes PVC Pipe, diameter 3 inch, used for water supply and drainage systems.",https://placehold.co/400x300/4A90D9/FFFFFF?text=Supreme+Pipes+PVC+Pipe+%283+inch%29
MAT01131,Plumbing,Pipes,PVC Pipe (3 inch),Finolex Pipes,3 inch,piece / meter,Rs.84 - Rs.156,"Finolex Pipes PVC Pipe, diameter 3 inch, used for water supply and drainage systems.",https://placehold.co/400x300/4A90D9/FFFFFF?text=Finolex+Pipes+PVC+Pipe+%283+inch%29
MAT01132,Plumbing,Pipes,PVC Pipe (3 inch),Prince Pipes,3 inch,piece / meter,Rs.84 - Rs.156,"Prince Pipes PVC Pipe, diameter 3 inch, used for water supply and drainage systems.",https://placehold.co/400x300/4A90D9/FFFFFF?text=Prince+Pipes+PVC+Pipe+%283+inch%29
MAT01133,Plumbing,Pipes,PVC Pipe (3 inch),Ashirvad Pipes,3 inch,piece / meter,Rs.84 - Rs.156,"Ashirvad Pipes PVC Pipe, diameter 3 inch, used for water supply and drainage systems.",https://placehold.co/400x300/4A90D9/FFFFFF?text=Ashirvad+Pipes+PVC+Pipe+%283+inch%29
MAT01134,Plumbing,Pipes,PVC Pipe (3 inch),Jain Pipes,3 inch,piece / meter,Rs.84 - Rs.156,"Jain Pipes PVC Pipe, diameter 3 inch, used for water supply and drainage systems.",https://placehold.co/400x300/4A90D9/FFFFFF?text=Jain+Pipes+PVC+Pipe+%283+inch%29
MAT01135,Plumbing,Pipes,PVC Pipe (3 inch),Kisan Pipes,3 inch,piece / meter,Rs.84 - Rs.156,"Kisan Pipes PVC Pipe, diameter 3 inch, used for water supply and drainage systems.",https://placehold.co/400x300/4A90D9/FFFFFF?text=Kisan+Pipes+PVC+Pipe+%283+inch%29
MAT01136,Plumbing,Pipes,PVC Pipe (3 inch),Tata Pipes,3 inch,piece / meter,Rs.84 - Rs.156,"Tata Pipes PVC Pipe, diameter 3 inch, used for water supply and drainage systems.",https://placehold.co/400x300/4A90D9/FFFFFF?text=Tata+Pipes+PVC+Pipe+%283+inch%29
MAT01137,Plumbing,Pipes,PVC Pipe (4 inch),Astral Pipes,4 inch,piece / meter,Rs.84 - Rs.156,"Astral Pipes PVC Pipe, diameter 4 inch, used for water supply and drainage systems.",https://placehold.co/400x300/4A90D9/FFFFFF?text=Astral+Pipes+PVC+Pipe+%284+inch%29
MAT01138,Plumbing,Pipes,PVC Pipe (4 inch),Supreme Pipes,4 inch,piece / meter,Rs.84 - Rs.156,"Supreme Pipes PVC Pipe, diameter 4 inch, used for water supply and drainage systems.",https://placehold.co/400x300/4A90D9/FFFFFF?text=Supreme+Pipes+PVC+Pipe+%284+inch%29
MAT01139,Plumbing,Pipes,PVC Pipe (4 inch),Finolex Pipes,4 inch,piece / meter,Rs.84 - Rs.156,"Finolex Pipes PVC Pipe, diameter 4 inch, used for water supply and drainage systems.",https://placehold.co/400x300/4A90D9/FFFFFF?text=Finolex+Pipes+PVC+Pipe+%284+inch%29
MAT01140,Plumbing,Pipes,PVC Pipe (4 inch),Prince Pipes,4 inch,piece / meter,Rs.84 - Rs.156,"Prince Pipes PVC Pipe, diameter 4 inch, used for water supply and drainage systems.",https://placehold.co/400x300/4A90D9/FFFFFF?text=Prince+Pipes+PVC+Pipe+%284+inch%29
MAT01141,Plumbing,Pipes,PVC Pipe (4 inch),Ashirvad Pipes,4 inch,piece / meter,Rs.84 - Rs.156,"Ashirvad Pipes PVC Pipe, diameter 4 inch, used for water supply and drainage systems.",https://placehold.co/400x300/4A90D9/FFFFFF?text=Ashirvad+Pipes+PVC+Pipe+%284+inch%29
MAT01142,Plumbing,Pipes,PVC Pipe (4 inch),Jain Pipes,4 inch,piece / meter,Rs.84 - Rs.156,"Jain Pipes PVC Pipe, diameter 4 inch, used for water supply and drainage systems.",https://placehold.co/400x300/4A90D9/FFFFFF?text=Jain+Pipes+PVC+Pipe+%284+inch%29
MAT01143,Plumbing,Pipes,PVC Pipe (4 inch),Kisan Pipes,4 inch,piece / meter,Rs.84 - Rs.156,"Kisan Pipes PVC Pipe, diameter 4 inch, used for water supply and drainage systems.",https://placehold.co/400x300/4A90D9/FFFFFF?text=Kisan+Pipes+PVC+Pipe+%284+inch%29
MAT01144,Plumbing,Pipes,PVC Pipe (4 inch),Tata Pipes,4 inch,piece / meter,Rs.84 - Rs.156,"Tata Pipes PVC Pipe, diameter 4 inch, used for water supply and drainage systems.",https://placehold.co/400x300/4A90D9/FFFFFF?text=Tata+Pipes+PVC+Pipe+%284+inch%29
MAT01145,Plumbing,Pipes,CPVC Pipe (1/2 inch),Astral Pipes,1/2 inch,piece / meter,Rs.84 - Rs.156,"Astral Pipes CPVC Pipe, diameter 1/2 inch, used for water supply and drainage systems.",https://placehold.co/400x300/4A90D9/FFFFFF?text=Astral+Pipes+CPVC+Pipe+%281%2F2+inch%29
MAT01146,Plumbing,Pipes,CPVC Pipe (1/2 inch),Supreme Pipes,1/2 inch,piece / meter,Rs.84 - Rs.156,"Supreme Pipes CPVC Pipe, diameter 1/2 inch, used for water supply and drainage systems.",https://placehold.co/400x300/4A90D9/FFFFFF?text=Supreme+Pipes+CPVC+Pipe+%281%2F2+inch%29
MAT01147,Plumbing,Pipes,CPVC Pipe (1/2 inch),Finolex Pipes,1/2 inch,piece / meter,Rs.84 - Rs.156,"Finolex Pipes CPVC Pipe, diameter 1/2 inch, used for water supply and drainage systems.",https://placehold.co/400x300/4A90D9/FFFFFF?text=Finolex+Pipes+CPVC+Pipe+%281%2F2+inch%29
MAT01148,Plumbing,Pipes,CPVC Pipe (1/2 inch),Prince Pipes,1/2 inch,piece / meter,Rs.84 - Rs.156,"Prince Pipes CPVC Pipe, diameter 1/2 inch, used for water supply and drainage systems.",https://placehold.co/400x300/4A90D9/FFFFFF?text=Prince+Pipes+CPVC+Pipe+%281%2F2+inch%29
MAT01149,Plumbing,Pipes,CPVC Pipe (1/2 inch),Ashirvad Pipes,1/2 inch,piece / meter,Rs.84 - Rs.156,"Ashirvad Pipes CPVC Pipe, diameter 1/2 inch, used for water supply and drainage systems.",https://placehold.co/400x300/4A90D9/FFFFFF?text=Ashirvad+Pipes+CPVC+Pipe+%281%2F2+inch%29
MAT01150,Plumbing,Pipes,CPVC Pipe (1/2 inch),Jain Pipes,1/2 inch,piece / meter,Rs.84 - Rs.156,"Jain Pipes CPVC Pipe, diameter 1/2 inch, used for water supply and drainage systems.",https://placehold.co/400x300/4A90D9/FFFFFF?text=Jain+Pipes+CPVC+Pipe+%281%2F2+inch%29
MAT01151,Plumbing,Pipes,CPVC Pipe (1/2 inch),Kisan Pipes,1/2 inch,piece / meter,Rs.84 - Rs.156,"Kisan Pipes CPVC Pipe, diameter 1/2 inch, used for water supply and drainage systems.",https://placehold.co/400x300/4A90D9/FFFFFF?text=Kisan+Pipes+CPVC+Pipe+%281%2F2+inch%29
MAT01152,Plumbing,Pipes,CPVC Pipe (1/2 inch),Tata Pipes,1/2 inch,piece / meter,Rs.84 - Rs.156,"Tata Pipes CPVC Pipe, diameter 1/2 inch, used for water supply and drainage systems.",https://placehold.co/400x300/4A90D9/FFFFFF?text=Tata+Pipes+CPVC+Pipe+%281%2F2+inch%29
MAT01153,Plumbing,Pipes,CPVC Pipe (3/4 inch),Astral Pipes,3/4 inch,piece / meter,Rs.84 - Rs.156,"Astral Pipes CPVC Pipe, diameter 3/4 inch, used for water supply and drainage systems.",https://placehold.co/400x300/4A90D9/FFFFFF?text=Astral+Pipes+CPVC+Pipe+%283%2F4+inch%29
MAT01154,Plumbing,Pipes,CPVC Pipe (3/4 inch),Supreme Pipes,3/4 inch,piece / meter,Rs.84 - Rs.156,"Supreme Pipes CPVC Pipe, diameter 3/4 inch, used for water supply and drainage systems.",https://placehold.co/400x300/4A90D9/FFFFFF?text=Supreme+Pipes+CPVC+Pipe+%283%2F4+inch%29
MAT01155,Plumbing,Pipes,CPVC Pipe (3/4 inch),Finolex Pipes,3/4 inch,piece / meter,Rs.84 - Rs.156,"Finolex Pipes CPVC Pipe, diameter 3/4 inch, used for water supply and drainage systems.",https://placehold.co/400x300/4A90D9/FFFFFF?text=Finolex+Pipes+CPVC+Pipe+%283%2F4+inch%29
MAT01156,Plumbing,Pipes,CPVC Pipe (3/4 inch),Prince Pipes,3/4 inch,piece / meter,Rs.84 - Rs.156,"Prince Pipes CPVC Pipe, diameter 3/4 inch, used for water supply and drainage systems.",https://placehold.co/400x300/4A90D9/FFFFFF?text=Prince+Pipes+CPVC+Pipe+%283%2F4+inch%29
MAT01157,Plumbing,Pipes,CPVC Pipe (3/4 inch),Ashirvad Pipes,3/4 inch,piece / meter,Rs.84 - Rs.156,"Ashirvad Pipes CPVC Pipe, diameter 3/4 inch, used for water supply and drainage systems.",https://placehold.co/400x300/4A90D9/FFFFFF?text=Ashirvad+Pipes+CPVC+Pipe+%283%2F4+inch%29
MAT01158,Plumbing,Pipes,CPVC Pipe (3/4 inch),Jain Pipes,3/4 inch,piece / meter,Rs.84 - Rs.156,"Jain Pipes CPVC Pipe, diameter 3/4 inch, used for water supply and drainage systems.",https://placehold.co/400x300/4A90D9/FFFFFF?text=Jain+Pipes+CPVC+Pipe+%283%2F4+inch%29
MAT01159,Plumbing,Pipes,CPVC Pipe (3/4 inch),Kisan Pipes,3/4 inch,piece / meter,Rs.84 - Rs.156,"Kisan Pipes CPVC Pipe, diameter 3/4 inch, used for water supply and drainage systems.",https://placehold.co/400x300/4A90D9/FFFFFF?text=Kisan+Pipes+CPVC+Pipe+%283%2F4+inch%29
MAT01160,Plumbing,Pipes,CPVC Pipe (3/4 inch),Tata Pipes,3/4 inch,piece / meter,Rs.84 - Rs.156,"Tata Pipes CPVC Pipe, diameter 3/4 inch, used for water supply and drainage systems.",https://placehold.co/400x300/4A90D9/FFFFFF?text=Tata+Pipes+CPVC+Pipe+%283%2F4+inch%29
MAT01161,Plumbing,Pipes,CPVC Pipe (1 inch),Astral Pipes,1 inch,piece / meter,Rs.84 - Rs.156,"Astral Pipes CPVC Pipe, diameter 1 inch, used for water supply and drainage systems.",https://placehold.co/400x300/4A90D9/FFFFFF?text=Astral+Pipes+CPVC+Pipe+%281+inch%29
MAT01162,Plumbing,Pipes,CPVC Pipe (1 inch),Supreme Pipes,1 inch,piece / meter,Rs.84 - Rs.156,"Supreme Pipes CPVC Pipe, diameter 1 inch, used for water supply and drainage systems.",https://placehold.co/400x300/4A90D9/FFFFFF?text=Supreme+Pipes+CPVC+Pipe+%281+inch%29
MAT01163,Plumbing,Pipes,CPVC Pipe (1 inch),Finolex Pipes,1 inch,piece / meter,Rs.84 - Rs.156,"Finolex Pipes CPVC Pipe, diameter 1 inch, used for water supply and drainage systems.",https://placehold.co/400x300/4A90D9/FFFFFF?text=Finolex+Pipes+CPVC+Pipe+%281+inch%29
MAT01164,Plumbing,Pipes,CPVC Pipe (1 inch),Prince Pipes,1 inch,piece / meter,Rs.84 - Rs.156,"Prince Pipes CPVC Pipe, diameter 1 inch, used for water supply and drainage systems.",https://placehold.co/400x300/4A90D9/FFFFFF?text=Prince+Pipes+CPVC+Pipe+%281+inch%29
MAT01165,Plumbing,Pipes,CPVC Pipe (1 inch),Ashirvad Pipes,1 inch,piece / meter,Rs.84 - Rs.156,"Ashirvad Pipes CPVC Pipe, diameter 1 inch, used for water supply and drainage systems.",https://placehold.co/400x300/4A90D9/FFFFFF?text=Ashirvad+Pipes+CPVC+Pipe+%281+inch%29
MAT01166,Plumbing,Pipes,CPVC Pipe (1 inch),Jain Pipes,1 inch,piece / meter,Rs.84 - Rs.156,"Jain Pipes CPVC Pipe, diameter 1 inch, used for water supply and drainage systems.",https://placehold.co/400x300/4A90D9/FFFFFF?text=Jain+Pipes+CPVC+Pipe+%281+inch%29
MAT01167,Plumbing,Pipes,CPVC Pipe (1 inch),Kisan Pipes,1 inch,piece / meter,Rs.84 - Rs.156,"Kisan Pipes CPVC Pipe, diameter 1 inch, used for water supply and drainage systems.",https://placehold.co/400x300/4A90D9/FFFFFF?text=Kisan+Pipes+CPVC+Pipe+%281+inch%29
MAT01168,Plumbing,Pipes,CPVC Pipe (1 inch),Tata Pipes,1 inch,piece / meter,Rs.84 - Rs.156,"Tata Pipes CPVC Pipe, diameter 1 inch, used for water supply and drainage systems.",https://placehold.co/400x300/4A90D9/FFFFFF?text=Tata+Pipes+CPVC+Pipe+%281+inch%29
MAT01169,Plumbing,Pipes,CPVC Pipe (1.25 inch),Astral Pipes,1.25 inch,piece / meter,Rs.84 - Rs.156,"Astral Pipes CPVC Pipe, diameter 1.25 inch, used for water supply and drainage systems.",https://placehold.co/400x300/4A90D9/FFFFFF?text=Astral+Pipes+CPVC+Pipe+%281.25+inch%29
MAT01170,Plumbing,Pipes,CPVC Pipe (1.25 inch),Supreme Pipes,1.25 inch,piece / meter,Rs.84 - Rs.156,"Supreme Pipes CPVC Pipe, diameter 1.25 inch, used for water supply and drainage systems.",https://placehold.co/400x300/4A90D9/FFFFFF?text=Supreme+Pipes+CPVC+Pipe+%281.25+inch%29
MAT01171,Plumbing,Pipe Fittings,Elbow Fitting (1/2 inch),Astral,1/2 inch,piece,Rs.24 - Rs.45,"Astral Elbow Fitting, size 1/2 inch, used to connect and route plumbing pipe runs.",https://placehold.co/400x300/4A90D9/FFFFFF?text=Astral+Elbow+Fitting+%281%2F2+inch%29
MAT01172,Plumbing,Pipe Fittings,Elbow Fitting (1/2 inch),Supreme,1/2 inch,piece,Rs.24 - Rs.45,"Supreme Elbow Fitting, size 1/2 inch, used to connect and route plumbing pipe runs.",https://placehold.co/400x300/4A90D9/FFFFFF?text=Supreme+Elbow+Fitting+%281%2F2+inch%29
MAT01173,Plumbing,Pipe Fittings,Elbow Fitting (1/2 inch),Finolex,1/2 inch,piece,Rs.24 - Rs.45,"Finolex Elbow Fitting, size 1/2 inch, used to connect and route plumbing pipe runs.",https://placehold.co/400x300/4A90D9/FFFFFF?text=Finolex+Elbow+Fitting+%281%2F2+inch%29
MAT01174,Plumbing,Pipe Fittings,Elbow Fitting (1/2 inch),Prince,1/2 inch,piece,Rs.24 - Rs.45,"Prince Elbow Fitting, size 1/2 inch, used to connect and route plumbing pipe runs.",https://placehold.co/400x300/4A90D9/FFFFFF?text=Prince+Elbow+Fitting+%281%2F2+inch%29
MAT01175,Plumbing,Pipe Fittings,Elbow Fitting (1/2 inch),Ashirvad,1/2 inch,piece,Rs.24 - Rs.45,"Ashirvad Elbow Fitting, size 1/2 inch, used to connect and route plumbing pipe runs.",https://placehold.co/400x300/4A90D9/FFFFFF?text=Ashirvad+Elbow+Fitting+%281%2F2+inch%29
MAT01176,Plumbing,Pipe Fittings,Elbow Fitting (1/2 inch),Jain Irrigation,1/2 inch,piece,Rs.24 - Rs.45,"Jain Irrigation Elbow Fitting, size 1/2 inch, used to connect and route plumbing pipe runs.",https://placehold.co/400x300/4A90D9/FFFFFF?text=Jain+Irrigation+Elbow+Fitting+%281%2F2+inch%29
MAT01177,Plumbing,Pipe Fittings,Elbow Fitting (3/4 inch),Astral,3/4 inch,piece,Rs.24 - Rs.45,"Astral Elbow Fitting, size 3/4 inch, used to connect and route plumbing pipe runs.",https://placehold.co/400x300/4A90D9/FFFFFF?text=Astral+Elbow+Fitting+%283%2F4+inch%29
MAT01178,Plumbing,Pipe Fittings,Elbow Fitting (3/4 inch),Supreme,3/4 inch,piece,Rs.24 - Rs.45,"Supreme Elbow Fitting, size 3/4 inch, used to connect and route plumbing pipe runs.",https://placehold.co/400x300/4A90D9/FFFFFF?text=Supreme+Elbow+Fitting+%283%2F4+inch%29
MAT01179,Plumbing,Pipe Fittings,Elbow Fitting (3/4 inch),Finolex,3/4 inch,piece,Rs.24 - Rs.45,"Finolex Elbow Fitting, size 3/4 inch, used to connect and route plumbing pipe runs.",https://placehold.co/400x300/4A90D9/FFFFFF?text=Finolex+Elbow+Fitting+%283%2F4+inch%29
MAT01180,Plumbing,Pipe Fittings,Elbow Fitting (3/4 inch),Prince,3/4 inch,piece,Rs.24 - Rs.45,"Prince Elbow Fitting, size 3/4 inch, used to connect and route plumbing pipe runs.",https://placehold.co/400x300/4A90D9/FFFFFF?text=Prince+Elbow+Fitting+%283%2F4+inch%29
MAT01181,Plumbing,Pipe Fittings,Elbow Fitting (3/4 inch),Ashirvad,3/4 inch,piece,Rs.24 - Rs.45,"Ashirvad Elbow Fitting, size 3/4 inch, used to connect and route plumbing pipe runs.",https://placehold.co/400x300/4A90D9/FFFFFF?text=Ashirvad+Elbow+Fitting+%283%2F4+inch%29
MAT01182,Plumbing,Pipe Fittings,Elbow Fitting (3/4 inch),Jain Irrigation,3/4 inch,piece,Rs.24 - Rs.45,"Jain Irrigation Elbow Fitting, size 3/4 inch, used to connect and route plumbing pipe runs.",https://placehold.co/400x300/4A90D9/FFFFFF?text=Jain+Irrigation+Elbow+Fitting+%283%2F4+inch%29
MAT01183,Plumbing,Pipe Fittings,Elbow Fitting (1 inch),Astral,1 inch,piece,Rs.24 - Rs.45,"Astral Elbow Fitting, size 1 inch, used to connect and route plumbing pipe runs.",https://placehold.co/400x300/4A90D9/FFFFFF?text=Astral+Elbow+Fitting+%281+inch%29
MAT01184,Plumbing,Pipe Fittings,Elbow Fitting (1 inch),Supreme,1 inch,piece,Rs.24 - Rs.45,"Supreme Elbow Fitting, size 1 inch, used to connect and route plumbing pipe runs.",https://placehold.co/400x300/4A90D9/FFFFFF?text=Supreme+Elbow+Fitting+%281+inch%29
MAT01185,Plumbing,Pipe Fittings,Elbow Fitting (1 inch),Finolex,1 inch,piece,Rs.24 - Rs.45,"Finolex Elbow Fitting, size 1 inch, used to connect and route plumbing pipe runs.",https://placehold.co/400x300/4A90D9/FFFFFF?text=Finolex+Elbow+Fitting+%281+inch%29
MAT01186,Plumbing,Pipe Fittings,Elbow Fitting (1 inch),Prince,1 inch,piece,Rs.24 - Rs.45,"Prince Elbow Fitting, size 1 inch, used to connect and route plumbing pipe runs.",https://placehold.co/400x300/4A90D9/FFFFFF?text=Prince+Elbow+Fitting+%281+inch%29
MAT01187,Plumbing,Pipe Fittings,Elbow Fitting (1 inch),Ashirvad,1 inch,piece,Rs.24 - Rs.45,"Ashirvad Elbow Fitting, size 1 inch, used to connect and route plumbing pipe runs.",https://placehold.co/400x300/4A90D9/FFFFFF?text=Ashirvad+Elbow+Fitting+%281+inch%29
MAT01188,Plumbing,Pipe Fittings,Elbow Fitting (1 inch),Jain Irrigation,1 inch,piece,Rs.24 - Rs.45,"Jain Irrigation Elbow Fitting, size 1 inch, used to connect and route plumbing pipe runs.",https://placehold.co/400x300/4A90D9/FFFFFF?text=Jain+Irrigation+Elbow+Fitting+%281+inch%29
MAT01189,Plumbing,Pipe Fittings,Elbow Fitting (1.25 inch),Astral,1.25 inch,piece,Rs.24 - Rs.45,"Astral Elbow Fitting, size 1.25 inch, used to connect and route plumbing pipe runs.",https://placehold.co/400x300/4A90D9/FFFFFF?text=Astral+Elbow+Fitting+%281.25+inch%29
MAT01190,Plumbing,Pipe Fittings,Elbow Fitting (1.25 inch),Supreme,1.25 inch,piece,Rs.24 - Rs.45,"Supreme Elbow Fitting, size 1.25 inch, used to connect and route plumbing pipe runs.",https://placehold.co/400x300/4A90D9/FFFFFF?text=Supreme+Elbow+Fitting+%281.25+inch%29
MAT01191,Plumbing,Pipe Fittings,Elbow Fitting (1.25 inch),Finolex,1.25 inch,piece,Rs.24 - Rs.45,"Finolex Elbow Fitting, size 1.25 inch, used to connect and route plumbing pipe runs.",https://placehold.co/400x300/4A90D9/FFFFFF?text=Finolex+Elbow+Fitting+%281.25+inch%29
MAT01192,Plumbing,Pipe Fittings,Elbow Fitting (1.25 inch),Prince,1.25 inch,piece,Rs.24 - Rs.45,"Prince Elbow Fitting, size 1.25 inch, used to connect and route plumbing pipe runs.",https://placehold.co/400x300/4A90D9/FFFFFF?text=Prince+Elbow+Fitting+%281.25+inch%29
MAT01193,Plumbing,Pipe Fittings,Elbow Fitting (1.25 inch),Ashirvad,1.25 inch,piece,Rs.24 - Rs.45,"Ashirvad Elbow Fitting, size 1.25 inch, used to connect and route plumbing pipe runs.",https://placehold.co/400x300/4A90D9/FFFFFF?text=Ashirvad+Elbow+Fitting+%281.25+inch%29
MAT01194,Plumbing,Pipe Fittings,Elbow Fitting (1.25 inch),Jain Irrigation,1.25 inch,piece,Rs.24 - Rs.45,"Jain Irrigation Elbow Fitting, size 1.25 inch, used to connect and route plumbing pipe runs.",https://placehold.co/400x300/4A90D9/FFFFFF?text=Jain+Irrigation+Elbow+Fitting+%281.25+inch%29
MAT01195,Plumbing,Pipe Fittings,Elbow Fitting (1.5 inch),Astral,1.5 inch,piece,Rs.24 - Rs.45,"Astral Elbow Fitting, size 1.5 inch, used to connect and route plumbing pipe runs.",https://placehold.co/400x300/4A90D9/FFFFFF?text=Astral+Elbow+Fitting+%281.5+inch%29
MAT01196,Plumbing,Pipe Fittings,Elbow Fitting (1.5 inch),Supreme,1.5 inch,piece,Rs.24 - Rs.45,"Supreme Elbow Fitting, size 1.5 inch, used to connect and route plumbing pipe runs.",https://placehold.co/400x300/4A90D9/FFFFFF?text=Supreme+Elbow+Fitting+%281.5+inch%29
MAT01197,Plumbing,Pipe Fittings,Elbow Fitting (1.5 inch),Finolex,1.5 inch,piece,Rs.24 - Rs.45,"Finolex Elbow Fitting, size 1.5 inch, used to connect and route plumbing pipe runs.",https://placehold.co/400x300/4A90D9/FFFFFF?text=Finolex+Elbow+Fitting+%281.5+inch%29
MAT01198,Plumbing,Pipe Fittings,Elbow Fitting (1.5 inch),Prince,1.5 inch,piece,Rs.24 - Rs.45,"Prince Elbow Fitting, size 1.5 inch, used to connect and route plumbing pipe runs.",https://placehold.co/400x300/4A90D9/FFFFFF?text=Prince+Elbow+Fitting+%281.5+inch%29
MAT01199,Plumbing,Pipe Fittings,Elbow Fitting (1.5 inch),Ashirvad,1.5 inch,piece,Rs.24 - Rs.45,"Ashirvad Elbow Fitting, size 1.5 inch, used to connect and route plumbing pipe runs.",https://placehold.co/400x300/4A90D9/FFFFFF?text=Ashirvad+Elbow+Fitting+%281.5+inch%29
MAT01200,Plumbing,Pipe Fittings,Elbow Fitting (1.5 inch),Jain Irrigation,1.5 inch,piece,Rs.24 - Rs.45,"Jain Irrigation Elbow Fitting, size 1.5 inch, used to connect and route plumbing pipe runs.",https://placehold.co/400x300/4A90D9/FFFFFF?text=Jain+Irrigation+Elbow+Fitting+%281.5+inch%29
MAT01201,Plumbing,Pipe Fittings,Elbow Fitting (2 inch),Astral,2 inch,piece,Rs.24 - Rs.45,"Astral Elbow Fitting, size 2 inch, used to connect and route plumbing pipe runs.",https://placehold.co/400x300/4A90D9/FFFFFF?text=Astral+Elbow+Fitting+%282+inch%29
MAT01202,Plumbing,Pipe Fittings,Elbow Fitting (2 inch),Supreme,2 inch,piece,Rs.24 - Rs.45,"Supreme Elbow Fitting, size 2 inch, used to connect and route plumbing pipe runs.",https://placehold.co/400x300/4A90D9/FFFFFF?text=Supreme+Elbow+Fitting+%282+inch%29
MAT01203,Plumbing,Pipe Fittings,Elbow Fitting (2 inch),Finolex,2 inch,piece,Rs.24 - Rs.45,"Finolex Elbow Fitting, size 2 inch, used to connect and route plumbing pipe runs.",https://placehold.co/400x300/4A90D9/FFFFFF?text=Finolex+Elbow+Fitting+%282+inch%29
MAT01204,Plumbing,Pipe Fittings,Elbow Fitting (2 inch),Prince,2 inch,piece,Rs.24 - Rs.45,"Prince Elbow Fitting, size 2 inch, used to connect and route plumbing pipe runs.",https://placehold.co/400x300/4A90D9/FFFFFF?text=Prince+Elbow+Fitting+%282+inch%29
MAT01205,Plumbing,Pipe Fittings,Elbow Fitting (2 inch),Ashirvad,2 inch,piece,Rs.24 - Rs.45,"Ashirvad Elbow Fitting, size 2 inch, used to connect and route plumbing pipe runs.",https://placehold.co/400x300/4A90D9/FFFFFF?text=Ashirvad+Elbow+Fitting+%282+inch%29
MAT01206,Plumbing,Pipe Fittings,Elbow Fitting (2 inch),Jain Irrigation,2 inch,piece,Rs.24 - Rs.45,"Jain Irrigation Elbow Fitting, size 2 inch, used to connect and route plumbing pipe runs.",https://placehold.co/400x300/4A90D9/FFFFFF?text=Jain+Irrigation+Elbow+Fitting+%282+inch%29
MAT01207,Plumbing,Pipe Fittings,Tee Fitting (1/2 inch),Astral,1/2 inch,piece,Rs.24 - Rs.45,"Astral Tee Fitting, size 1/2 inch, used to connect and route plumbing pipe runs.",https://placehold.co/400x300/4A90D9/FFFFFF?text=Astral+Tee+Fitting+%281%2F2+inch%29
MAT01208,Plumbing,Pipe Fittings,Tee Fitting (1/2 inch),Supreme,1/2 inch,piece,Rs.24 - Rs.45,"Supreme Tee Fitting, size 1/2 inch, used to connect and route plumbing pipe runs.",https://placehold.co/400x300/4A90D9/FFFFFF?text=Supreme+Tee+Fitting+%281%2F2+inch%29
MAT01209,Plumbing,Pipe Fittings,Tee Fitting (1/2 inch),Finolex,1/2 inch,piece,Rs.24 - Rs.45,"Finolex Tee Fitting, size 1/2 inch, used to connect and route plumbing pipe runs.",https://placehold.co/400x300/4A90D9/FFFFFF?text=Finolex+Tee+Fitting+%281%2F2+inch%29
MAT01210,Plumbing,Pipe Fittings,Tee Fitting (1/2 inch),Prince,1/2 inch,piece,Rs.24 - Rs.45,"Prince Tee Fitting, size 1/2 inch, used to connect and route plumbing pipe runs.",https://placehold.co/400x300/4A90D9/FFFFFF?text=Prince+Tee+Fitting+%281%2F2+inch%29
MAT01211,Plumbing,Pipe Fittings,Tee Fitting (1/2 inch),Ashirvad,1/2 inch,piece,Rs.24 - Rs.45,"Ashirvad Tee Fitting, size 1/2 inch, used to connect and route plumbing pipe runs.",https://placehold.co/400x300/4A90D9/FFFFFF?text=Ashirvad+Tee+Fitting+%281%2F2+inch%29
MAT01212,Plumbing,Pipe Fittings,Tee Fitting (1/2 inch),Jain Irrigation,1/2 inch,piece,Rs.24 - Rs.45,"Jain Irrigation Tee Fitting, size 1/2 inch, used to connect and route plumbing pipe runs.",https://placehold.co/400x300/4A90D9/FFFFFF?text=Jain+Irrigation+Tee+Fitting+%281%2F2+inch%29
MAT01213,Plumbing,Pipe Fittings,Tee Fitting (3/4 inch),Astral,3/4 inch,piece,Rs.24 - Rs.45,"Astral Tee Fitting, size 3/4 inch, used to connect and route plumbing pipe runs.",https://placehold.co/400x300/4A90D9/FFFFFF?text=Astral+Tee+Fitting+%283%2F4+inch%29
MAT01214,Plumbing,Pipe Fittings,Tee Fitting (3/4 inch),Supreme,3/4 inch,piece,Rs.24 - Rs.45,"Supreme Tee Fitting, size 3/4 inch, used to connect and route plumbing pipe runs.",https://placehold.co/400x300/4A90D9/FFFFFF?text=Supreme+Tee+Fitting+%283%2F4+inch%29
MAT01215,Plumbing,Pipe Fittings,Tee Fitting (3/4 inch),Finolex,3/4 inch,piece,Rs.24 - Rs.45,"Finolex Tee Fitting, size 3/4 inch, used to connect and route plumbing pipe runs.",https://placehold.co/400x300/4A90D9/FFFFFF?text=Finolex+Tee+Fitting+%283%2F4+inch%29
MAT01216,Plumbing,Pipe Fittings,Tee Fitting (3/4 inch),Prince,3/4 inch,piece,Rs.24 - Rs.45,"Prince Tee Fitting, size 3/4 inch, used to connect and route plumbing pipe runs.",https://placehold.co/400x300/4A90D9/FFFFFF?text=Prince+Tee+Fitting+%283%2F4+inch%29
MAT01217,Plumbing,Pipe Fittings,Tee Fitting (3/4 inch),Ashirvad,3/4 inch,piece,Rs.24 - Rs.45,"Ashirvad Tee Fitting, size 3/4 inch, used to connect and route plumbing pipe runs.",https://placehold.co/400x300/4A90D9/FFFFFF?text=Ashirvad+Tee+Fitting+%283%2F4+inch%29
MAT01218,Plumbing,Pipe Fittings,Tee Fitting (3/4 inch),Jain Irrigation,3/4 inch,piece,Rs.24 - Rs.45,"Jain Irrigation Tee Fitting, size 3/4 inch, used to connect and route plumbing pipe runs.",https://placehold.co/400x300/4A90D9/FFFFFF?text=Jain+Irrigation+Tee+Fitting+%283%2F4+inch%29
MAT01219,Plumbing,Pipe Fittings,Tee Fitting (1 inch),Astral,1 inch,piece,Rs.24 - Rs.45,"Astral Tee Fitting, size 1 inch, used to connect and route plumbing pipe runs.",https://placehold.co/400x300/4A90D9/FFFFFF?text=Astral+Tee+Fitting+%281+inch%29
MAT01220,Plumbing,Pipe Fittings,Tee Fitting (1 inch),Supreme,1 inch,piece,Rs.24 - Rs.45,"Supreme Tee Fitting, size 1 inch, used to connect and route plumbing pipe runs.",https://placehold.co/400x300/4A90D9/FFFFFF?text=Supreme+Tee+Fitting+%281+inch%29
MAT01221,Plumbing,Pipe Fittings,Tee Fitting (1 inch),Finolex,1 inch,piece,Rs.24 - Rs.45,"Finolex Tee Fitting, size 1 inch, used to connect and route plumbing pipe runs.",https://placehold.co/400x300/4A90D9/FFFFFF?text=Finolex+Tee+Fitting+%281+inch%29
MAT01222,Plumbing,Pipe Fittings,Tee Fitting (1 inch),Prince,1 inch,piece,Rs.24 - Rs.45,"Prince Tee Fitting, size 1 inch, used to connect and route plumbing pipe runs.",https://placehold.co/400x300/4A90D9/FFFFFF?text=Prince+Tee+Fitting+%281+inch%29
MAT01223,Plumbing,Pipe Fittings,Tee Fitting (1 inch),Ashirvad,1 inch,piece,Rs.24 - Rs.45,"Ashirvad Tee Fitting, size 1 inch, used to connect and route plumbing pipe runs.",https://placehold.co/400x300/4A90D9/FFFFFF?text=Ashirvad+Tee+Fitting+%281+inch%29
MAT01224,Plumbing,Pipe Fittings,Tee Fitting (1 inch),Jain Irrigation,1 inch,piece,Rs.24 - Rs.45,"Jain Irrigation Tee Fitting, size 1 inch, used to connect and route plumbing pipe runs.",https://placehold.co/400x300/4A90D9/FFFFFF?text=Jain+Irrigation+Tee+Fitting+%281+inch%29
MAT01225,Plumbing,Pipe Fittings,Tee Fitting (1.25 inch),Astral,1.25 inch,piece,Rs.24 - Rs.45,"Astral Tee Fitting, size 1.25 inch, used to connect and route plumbing pipe runs.",https://placehold.co/400x300/4A90D9/FFFFFF?text=Astral+Tee+Fitting+%281.25+inch%29
MAT01226,Plumbing,Pipe Fittings,Tee Fitting (1.25 inch),Supreme,1.25 inch,piece,Rs.24 - Rs.45,"Supreme Tee Fitting, size 1.25 inch, used to connect and route plumbing pipe runs.",https://placehold.co/400x300/4A90D9/FFFFFF?text=Supreme+Tee+Fitting+%281.25+inch%29
MAT01227,Plumbing,Pipe Fittings,Tee Fitting (1.25 inch),Finolex,1.25 inch,piece,Rs.24 - Rs.45,"Finolex Tee Fitting, size 1.25 inch, used to connect and route plumbing pipe runs.",https://placehold.co/400x300/4A90D9/FFFFFF?text=Finolex+Tee+Fitting+%281.25+inch%29
MAT01228,Plumbing,Pipe Fittings,Tee Fitting (1.25 inch),Prince,1.25 inch,piece,Rs.24 - Rs.45,"Prince Tee Fitting, size 1.25 inch, used to connect and route plumbing pipe runs.",https://placehold.co/400x300/4A90D9/FFFFFF?text=Prince+Tee+Fitting+%281.25+inch%29
MAT01229,Plumbing,Pipe Fittings,Tee Fitting (1.25 inch),Ashirvad,1.25 inch,piece,Rs.24 - Rs.45,"Ashirvad Tee Fitting, size 1.25 inch, used to connect and route plumbing pipe runs.",https://placehold.co/400x300/4A90D9/FFFFFF?text=Ashirvad+Tee+Fitting+%281.25+inch%29
MAT01230,Plumbing,Pipe Fittings,Tee Fitting (1.25 inch),Jain Irrigation,1.25 inch,piece,Rs.24 - Rs.45,"Jain Irrigation Tee Fitting, size 1.25 inch, used to connect and route plumbing pipe runs.",https://placehold.co/400x300/4A90D9/FFFFFF?text=Jain+Irrigation+Tee+Fitting+%281.25+inch%29
MAT01231,Plumbing,Pipe Fittings,Tee Fitting (1.5 inch),Astral,1.5 inch,piece,Rs.24 - Rs.45,"Astral Tee Fitting, size 1.5 inch, used to connect and route plumbing pipe runs.",https://placehold.co/400x300/4A90D9/FFFFFF?text=Astral+Tee+Fitting+%281.5+inch%29
MAT01232,Plumbing,Pipe Fittings,Tee Fitting (1.5 inch),Supreme,1.5 inch,piece,Rs.24 - Rs.45,"Supreme Tee Fitting, size 1.5 inch, used to connect and route plumbing pipe runs.",https://placehold.co/400x300/4A90D9/FFFFFF?text=Supreme+Tee+Fitting+%281.5+inch%29
MAT01233,Plumbing,Pipe Fittings,Tee Fitting (1.5 inch),Finolex,1.5 inch,piece,Rs.24 - Rs.45,"Finolex Tee Fitting, size 1.5 inch, used to connect and route plumbing pipe runs.",https://placehold.co/400x300/4A90D9/FFFFFF?text=Finolex+Tee+Fitting+%281.5+inch%29
MAT01234,Plumbing,Pipe Fittings,Tee Fitting (1.5 inch),Prince,1.5 inch,piece,Rs.24 - Rs.45,"Prince Tee Fitting, size 1.5 inch, used to connect and route plumbing pipe runs.",https://placehold.co/400x300/4A90D9/FFFFFF?text=Prince+Tee+Fitting+%281.5+inch%29
MAT01235,Plumbing,Pipe Fittings,Tee Fitting (1.5 inch),Ashirvad,1.5 inch,piece,Rs.24 - Rs.45,"Ashirvad Tee Fitting, size 1.5 inch, used to connect and route plumbing pipe runs.",https://placehold.co/400x300/4A90D9/FFFFFF?text=Ashirvad+Tee+Fitting+%281.5+inch%29
MAT01236,Plumbing,Pipe Fittings,Tee Fitting (1.5 inch),Jain Irrigation,1.5 inch,piece,Rs.24 - Rs.45,"Jain Irrigation Tee Fitting, size 1.5 inch, used to connect and route plumbing pipe runs.",https://placehold.co/400x300/4A90D9/FFFFFF?text=Jain+Irrigation+Tee+Fitting+%281.5+inch%29
MAT01237,Plumbing,Pipe Fittings,Tee Fitting (2 inch),Astral,2 inch,piece,Rs.24 - Rs.45,"Astral Tee Fitting, size 2 inch, used to connect and route plumbing pipe runs.",https://placehold.co/400x300/4A90D9/FFFFFF?text=Astral+Tee+Fitting+%282+inch%29
MAT01238,Plumbing,Pipe Fittings,Tee Fitting (2 inch),Supreme,2 inch,piece,Rs.24 - Rs.45,"Supreme Tee Fitting, size 2 inch, used to connect and route plumbing pipe runs.",https://placehold.co/400x300/4A90D9/FFFFFF?text=Supreme+Tee+Fitting+%282+inch%29
MAT01239,Plumbing,Pipe Fittings,Tee Fitting (2 inch),Finolex,2 inch,piece,Rs.24 - Rs.45,"Finolex Tee Fitting, size 2 inch, used to connect and route plumbing pipe runs.",https://placehold.co/400x300/4A90D9/FFFFFF?text=Finolex+Tee+Fitting+%282+inch%29
MAT01240,Plumbing,Pipe Fittings,Tee Fitting (2 inch),Prince,2 inch,piece,Rs.24 - Rs.45,"Prince Tee Fitting, size 2 inch, used to connect and route plumbing pipe runs.",https://placehold.co/400x300/4A90D9/FFFFFF?text=Prince+Tee+Fitting+%282+inch%29
MAT01241,Plumbing,Pipe Fittings,Tee Fitting (2 inch),Ashirvad,2 inch,piece,Rs.24 - Rs.45,"Ashirvad Tee Fitting, size 2 inch, used to connect and route plumbing pipe runs.",https://placehold.co/400x300/4A90D9/FFFFFF?text=Ashirvad+Tee+Fitting+%282+inch%29
MAT01242,Plumbing,Pipe Fittings,Tee Fitting (2 inch),Jain Irrigation,2 inch,piece,Rs.24 - Rs.45,"Jain Irrigation Tee Fitting, size 2 inch, used to connect and route plumbing pipe runs.",https://placehold.co/400x300/4A90D9/FFFFFF?text=Jain+Irrigation+Tee+Fitting+%282+inch%29
MAT01243,Plumbing,Pipe Fittings,Coupler (1/2 inch),Astral,1/2 inch,piece,Rs.24 - Rs.45,"Astral Coupler, size 1/2 inch, used to connect and route plumbing pipe runs.",https://placehold.co/400x300/4A90D9/FFFFFF?text=Astral+Coupler+%281%2F2+inch%29
MAT01244,Plumbing,Pipe Fittings,Coupler (1/2 inch),Supreme,1/2 inch,piece,Rs.24 - Rs.45,"Supreme Coupler, size 1/2 inch, used to connect and route plumbing pipe runs.",https://placehold.co/400x300/4A90D9/FFFFFF?text=Supreme+Coupler+%281%2F2+inch%29
MAT01245,Plumbing,Pipe Fittings,Coupler (1/2 inch),Finolex,1/2 inch,piece,Rs.24 - Rs.45,"Finolex Coupler, size 1/2 inch, used to connect and route plumbing pipe runs.",https://placehold.co/400x300/4A90D9/FFFFFF?text=Finolex+Coupler+%281%2F2+inch%29
MAT01246,Plumbing,Pipe Fittings,Coupler (1/2 inch),Prince,1/2 inch,piece,Rs.24 - Rs.45,"Prince Coupler, size 1/2 inch, used to connect and route plumbing pipe runs.",https://placehold.co/400x300/4A90D9/FFFFFF?text=Prince+Coupler+%281%2F2+inch%29
MAT01247,Plumbing,Pipe Fittings,Coupler (1/2 inch),Ashirvad,1/2 inch,piece,Rs.24 - Rs.45,"Ashirvad Coupler, size 1/2 inch, used to connect and route plumbing pipe runs.",https://placehold.co/400x300/4A90D9/FFFFFF?text=Ashirvad+Coupler+%281%2F2+inch%29
MAT01248,Plumbing,Pipe Fittings,Coupler (1/2 inch),Jain Irrigation,1/2 inch,piece,Rs.24 - Rs.45,"Jain Irrigation Coupler, size 1/2 inch, used to connect and route plumbing pipe runs.",https://placehold.co/400x300/4A90D9/FFFFFF?text=Jain+Irrigation+Coupler+%281%2F2+inch%29
MAT01249,Plumbing,Pipe Fittings,Coupler (3/4 inch),Astral,3/4 inch,piece,Rs.24 - Rs.45,"Astral Coupler, size 3/4 inch, used to connect and route plumbing pipe runs.",https://placehold.co/400x300/4A90D9/FFFFFF?text=Astral+Coupler+%283%2F4+inch%29
MAT01250,Plumbing,Pipe Fittings,Coupler (3/4 inch),Supreme,3/4 inch,piece,Rs.24 - Rs.45,"Supreme Coupler, size 3/4 inch, used to connect and route plumbing pipe runs.",https://placehold.co/400x300/4A90D9/FFFFFF?text=Supreme+Coupler+%283%2F4+inch%29
MAT01251,Plumbing,Pipe Fittings,Coupler (3/4 inch),Finolex,3/4 inch,piece,Rs.24 - Rs.45,"Finolex Coupler, size 3/4 inch, used to connect and route plumbing pipe runs.",https://placehold.co/400x300/4A90D9/FFFFFF?text=Finolex+Coupler+%283%2F4+inch%29
MAT01252,Plumbing,Pipe Fittings,Coupler (3/4 inch),Prince,3/4 inch,piece,Rs.24 - Rs.45,"Prince Coupler, size 3/4 inch, used to connect and route plumbing pipe runs.",https://placehold.co/400x300/4A90D9/FFFFFF?text=Prince+Coupler+%283%2F4+inch%29
MAT01253,Plumbing,Pipe Fittings,Coupler (3/4 inch),Ashirvad,3/4 inch,piece,Rs.24 - Rs.45,"Ashirvad Coupler, size 3/4 inch, used to connect and route plumbing pipe runs.",https://placehold.co/400x300/4A90D9/FFFFFF?text=Ashirvad+Coupler+%283%2F4+inch%29
MAT01254,Plumbing,Pipe Fittings,Coupler (3/4 inch),Jain Irrigation,3/4 inch,piece,Rs.24 - Rs.45,"Jain Irrigation Coupler, size 3/4 inch, used to connect and route plumbing pipe runs.",https://placehold.co/400x300/4A90D9/FFFFFF?text=Jain+Irrigation+Coupler+%283%2F4+inch%29
MAT01255,Plumbing,Pipe Fittings,Coupler (1 inch),Astral,1 inch,piece,Rs.24 - Rs.45,"Astral Coupler, size 1 inch, used to connect and route plumbing pipe runs.",https://placehold.co/400x300/4A90D9/FFFFFF?text=Astral+Coupler+%281+inch%29
MAT01256,Plumbing,Pipe Fittings,Coupler (1 inch),Supreme,1 inch,piece,Rs.24 - Rs.45,"Supreme Coupler, size 1 inch, used to connect and route plumbing pipe runs.",https://placehold.co/400x300/4A90D9/FFFFFF?text=Supreme+Coupler+%281+inch%29
MAT01257,Plumbing,Pipe Fittings,Coupler (1 inch),Finolex,1 inch,piece,Rs.24 - Rs.45,"Finolex Coupler, size 1 inch, used to connect and route plumbing pipe runs.",https://placehold.co/400x300/4A90D9/FFFFFF?text=Finolex+Coupler+%281+inch%29
MAT01258,Plumbing,Pipe Fittings,Coupler (1 inch),Prince,1 inch,piece,Rs.24 - Rs.45,"Prince Coupler, size 1 inch, used to connect and route plumbing pipe runs.",https://placehold.co/400x300/4A90D9/FFFFFF?text=Prince+Coupler+%281+inch%29
MAT01259,Plumbing,Pipe Fittings,Coupler (1 inch),Ashirvad,1 inch,piece,Rs.24 - Rs.45,"Ashirvad Coupler, size 1 inch, used to connect and route plumbing pipe runs.",https://placehold.co/400x300/4A90D9/FFFFFF?text=Ashirvad+Coupler+%281+inch%29
MAT01260,Plumbing,Pipe Fittings,Coupler (1 inch),Jain Irrigation,1 inch,piece,Rs.24 - Rs.45,"Jain Irrigation Coupler, size 1 inch, used to connect and route plumbing pipe runs.",https://placehold.co/400x300/4A90D9/FFFFFF?text=Jain+Irrigation+Coupler+%281+inch%29
MAT01261,Plumbing,Valves & Controls,Ball Valve (1/2 inch),Zoloto,1/2 inch,piece,Rs.154 - Rs.286,"Zoloto Ball Valve, size 1/2 inch, used to regulate water flow in plumbing lines.",https://placehold.co/400x300/4A90D9/FFFFFF?text=Zoloto+Ball+Valve+%281%2F2+inch%29
MAT01262,Plumbing,Valves & Controls,Ball Valve (1/2 inch),Leader Valves,1/2 inch,piece,Rs.154 - Rs.286,"Leader Valves Ball Valve, size 1/2 inch, used to regulate water flow in plumbing lines.",https://placehold.co/400x300/4A90D9/FFFFFF?text=Leader+Valves+Ball+Valve+%281%2F2+inch%29
MAT01263,Plumbing,Valves & Controls,Ball Valve (1/2 inch),Sant Valves,1/2 inch,piece,Rs.154 - Rs.286,"Sant Valves Ball Valve, size 1/2 inch, used to regulate water flow in plumbing lines.",https://placehold.co/400x300/4A90D9/FFFFFF?text=Sant+Valves+Ball+Valve+%281%2F2+inch%29
MAT01264,Plumbing,Valves & Controls,Ball Valve (1/2 inch),Kirloskar,1/2 inch,piece,Rs.154 - Rs.286,"Kirloskar Ball Valve, size 1/2 inch, used to regulate water flow in plumbing lines.",https://placehold.co/400x300/4A90D9/FFFFFF?text=Kirloskar+Ball+Valve+%281%2F2+inch%29
MAT01265,Plumbing,Valves & Controls,Ball Valve (1/2 inch),CIM Valves,1/2 inch,piece,Rs.154 - Rs.286,"CIM Valves Ball Valve, size 1/2 inch, used to regulate water flow in plumbing lines.",https://placehold.co/400x300/4A90D9/FFFFFF?text=CIM+Valves+Ball+Valve+%281%2F2+inch%29
MAT01266,Plumbing,Valves & Controls,Ball Valve (1/2 inch),Audco,1/2 inch,piece,Rs.154 - Rs.286,"Audco Ball Valve, size 1/2 inch, used to regulate water flow in plumbing lines.",https://placehold.co/400x300/4A90D9/FFFFFF?text=Audco+Ball+Valve+%281%2F2+inch%29
MAT01267,Plumbing,Valves & Controls,Ball Valve (3/4 inch),Zoloto,3/4 inch,piece,Rs.154 - Rs.286,"Zoloto Ball Valve, size 3/4 inch, used to regulate water flow in plumbing lines.",https://placehold.co/400x300/4A90D9/FFFFFF?text=Zoloto+Ball+Valve+%283%2F4+inch%29
MAT01268,Plumbing,Valves & Controls,Ball Valve (3/4 inch),Leader Valves,3/4 inch,piece,Rs.154 - Rs.286,"Leader Valves Ball Valve, size 3/4 inch, used to regulate water flow in plumbing lines.",https://placehold.co/400x300/4A90D9/FFFFFF?text=Leader+Valves+Ball+Valve+%283%2F4+inch%29
MAT01269,Plumbing,Valves & Controls,Ball Valve (3/4 inch),Sant Valves,3/4 inch,piece,Rs.154 - Rs.286,"Sant Valves Ball Valve, size 3/4 inch, used to regulate water flow in plumbing lines.",https://placehold.co/400x300/4A90D9/FFFFFF?text=Sant+Valves+Ball+Valve+%283%2F4+inch%29
MAT01270,Plumbing,Valves & Controls,Ball Valve (3/4 inch),Kirloskar,3/4 inch,piece,Rs.154 - Rs.286,"Kirloskar Ball Valve, size 3/4 inch, used to regulate water flow in plumbing lines.",https://placehold.co/400x300/4A90D9/FFFFFF?text=Kirloskar+Ball+Valve+%283%2F4+inch%29
MAT01271,Plumbing,Valves & Controls,Ball Valve (3/4 inch),CIM Valves,3/4 inch,piece,Rs.154 - Rs.286,"CIM Valves Ball Valve, size 3/4 inch, used to regulate water flow in plumbing lines.",https://placehold.co/400x300/4A90D9/FFFFFF?text=CIM+Valves+Ball+Valve+%283%2F4+inch%29
MAT01272,Plumbing,Valves & Controls,Ball Valve (3/4 inch),Audco,3/4 inch,piece,Rs.154 - Rs.286,"Audco Ball Valve, size 3/4 inch, used to regulate water flow in plumbing lines.",https://placehold.co/400x300/4A90D9/FFFFFF?text=Audco+Ball+Valve+%283%2F4+inch%29
MAT01273,Plumbing,Valves & Controls,Ball Valve (1 inch),Zoloto,1 inch,piece,Rs.154 - Rs.286,"Zoloto Ball Valve, size 1 inch, used to regulate water flow in plumbing lines.",https://placehold.co/400x300/4A90D9/FFFFFF?text=Zoloto+Ball+Valve+%281+inch%29
MAT01274,Plumbing,Valves & Controls,Ball Valve (1 inch),Leader Valves,1 inch,piece,Rs.154 - Rs.286,"Leader Valves Ball Valve, size 1 inch, used to regulate water flow in plumbing lines.",https://placehold.co/400x300/4A90D9/FFFFFF?text=Leader+Valves+Ball+Valve+%281+inch%29
MAT01275,Plumbing,Valves & Controls,Ball Valve (1 inch),Sant Valves,1 inch,piece,Rs.154 - Rs.286,"Sant Valves Ball Valve, size 1 inch, used to regulate water flow in plumbing lines.",https://placehold.co/400x300/4A90D9/FFFFFF?text=Sant+Valves+Ball+Valve+%281+inch%29
MAT01276,Plumbing,Valves & Controls,Ball Valve (1 inch),Kirloskar,1 inch,piece,Rs.154 - Rs.286,"Kirloskar Ball Valve, size 1 inch, used to regulate water flow in plumbing lines.",https://placehold.co/400x300/4A90D9/FFFFFF?text=Kirloskar+Ball+Valve+%281+inch%29
MAT01277,Plumbing,Valves & Controls,Ball Valve (1 inch),CIM Valves,1 inch,piece,Rs.154 - Rs.286,"CIM Valves Ball Valve, size 1 inch, used to regulate water flow in plumbing lines.",https://placehold.co/400x300/4A90D9/FFFFFF?text=CIM+Valves+Ball+Valve+%281+inch%29
MAT01278,Plumbing,Valves & Controls,Ball Valve (1 inch),Audco,1 inch,piece,Rs.154 - Rs.286,"Audco Ball Valve, size 1 inch, used to regulate water flow in plumbing lines.",https://placehold.co/400x300/4A90D9/FFFFFF?text=Audco+Ball+Valve+%281+inch%29
MAT01279,Plumbing,Valves & Controls,Ball Valve (1.5 inch),Zoloto,1.5 inch,piece,Rs.154 - Rs.286,"Zoloto Ball Valve, size 1.5 inch, used to regulate water flow in plumbing lines.",https://placehold.co/400x300/4A90D9/FFFFFF?text=Zoloto+Ball+Valve+%281.5+inch%29
MAT01280,Plumbing,Valves & Controls,Ball Valve (1.5 inch),Leader Valves,1.5 inch,piece,Rs.154 - Rs.286,"Leader Valves Ball Valve, size 1.5 inch, used to regulate water flow in plumbing lines.",https://placehold.co/400x300/4A90D9/FFFFFF?text=Leader+Valves+Ball+Valve+%281.5+inch%29
MAT01281,Plumbing,Valves & Controls,Ball Valve (1.5 inch),Sant Valves,1.5 inch,piece,Rs.154 - Rs.286,"Sant Valves Ball Valve, size 1.5 inch, used to regulate water flow in plumbing lines.",https://placehold.co/400x300/4A90D9/FFFFFF?text=Sant+Valves+Ball+Valve+%281.5+inch%29
MAT01282,Plumbing,Valves & Controls,Ball Valve (1.5 inch),Kirloskar,1.5 inch,piece,Rs.154 - Rs.286,"Kirloskar Ball Valve, size 1.5 inch, used to regulate water flow in plumbing lines.",https://placehold.co/400x300/4A90D9/FFFFFF?text=Kirloskar+Ball+Valve+%281.5+inch%29
MAT01283,Plumbing,Valves & Controls,Ball Valve (1.5 inch),CIM Valves,1.5 inch,piece,Rs.154 - Rs.286,"CIM Valves Ball Valve, size 1.5 inch, used to regulate water flow in plumbing lines.",https://placehold.co/400x300/4A90D9/FFFFFF?text=CIM+Valves+Ball+Valve+%281.5+inch%29
MAT01284,Plumbing,Valves & Controls,Ball Valve (1.5 inch),Audco,1.5 inch,piece,Rs.154 - Rs.286,"Audco Ball Valve, size 1.5 inch, used to regulate water flow in plumbing lines.",https://placehold.co/400x300/4A90D9/FFFFFF?text=Audco+Ball+Valve+%281.5+inch%29
MAT01285,Plumbing,Valves & Controls,Ball Valve (2 inch),Zoloto,2 inch,piece,Rs.154 - Rs.286,"Zoloto Ball Valve, size 2 inch, used to regulate water flow in plumbing lines.",https://placehold.co/400x300/4A90D9/FFFFFF?text=Zoloto+Ball+Valve+%282+inch%29
MAT01286,Plumbing,Valves & Controls,Ball Valve (2 inch),Leader Valves,2 inch,piece,Rs.154 - Rs.286,"Leader Valves Ball Valve, size 2 inch, used to regulate water flow in plumbing lines.",https://placehold.co/400x300/4A90D9/FFFFFF?text=Leader+Valves+Ball+Valve+%282+inch%29
MAT01287,Plumbing,Valves & Controls,Ball Valve (2 inch),Sant Valves,2 inch,piece,Rs.154 - Rs.286,"Sant Valves Ball Valve, size 2 inch, used to regulate water flow in plumbing lines.",https://placehold.co/400x300/4A90D9/FFFFFF?text=Sant+Valves+Ball+Valve+%282+inch%29
MAT01288,Plumbing,Valves & Controls,Ball Valve (2 inch),Kirloskar,2 inch,piece,Rs.154 - Rs.286,"Kirloskar Ball Valve, size 2 inch, used to regulate water flow in plumbing lines.",https://placehold.co/400x300/4A90D9/FFFFFF?text=Kirloskar+Ball+Valve+%282+inch%29
MAT01289,Plumbing,Valves & Controls,Ball Valve (2 inch),CIM Valves,2 inch,piece,Rs.154 - Rs.286,"CIM Valves Ball Valve, size 2 inch, used to regulate water flow in plumbing lines.",https://placehold.co/400x300/4A90D9/FFFFFF?text=CIM+Valves+Ball+Valve+%282+inch%29
MAT01290,Plumbing,Valves & Controls,Ball Valve (2 inch),Audco,2 inch,piece,Rs.154 - Rs.286,"Audco Ball Valve, size 2 inch, used to regulate water flow in plumbing lines.",https://placehold.co/400x300/4A90D9/FFFFFF?text=Audco+Ball+Valve+%282+inch%29
MAT01291,Plumbing,Valves & Controls,Ball Valve (3 inch),Zoloto,3 inch,piece,Rs.154 - Rs.286,"Zoloto Ball Valve, size 3 inch, used to regulate water flow in plumbing lines.",https://placehold.co/400x300/4A90D9/FFFFFF?text=Zoloto+Ball+Valve+%283+inch%29
MAT01292,Plumbing,Valves & Controls,Ball Valve (3 inch),Leader Valves,3 inch,piece,Rs.154 - Rs.286,"Leader Valves Ball Valve, size 3 inch, used to regulate water flow in plumbing lines.",https://placehold.co/400x300/4A90D9/FFFFFF?text=Leader+Valves+Ball+Valve+%283+inch%29
MAT01293,Plumbing,Valves & Controls,Ball Valve (3 inch),Sant Valves,3 inch,piece,Rs.154 - Rs.286,"Sant Valves Ball Valve, size 3 inch, used to regulate water flow in plumbing lines.",https://placehold.co/400x300/4A90D9/FFFFFF?text=Sant+Valves+Ball+Valve+%283+inch%29
MAT01294,Plumbing,Valves & Controls,Ball Valve (3 inch),Kirloskar,3 inch,piece,Rs.154 - Rs.286,"Kirloskar Ball Valve, size 3 inch, used to regulate water flow in plumbing lines.",https://placehold.co/400x300/4A90D9/FFFFFF?text=Kirloskar+Ball+Valve+%283+inch%29
MAT01295,Plumbing,Valves & Controls,Ball Valve (3 inch),CIM Valves,3 inch,piece,Rs.154 - Rs.286,"CIM Valves Ball Valve, size 3 inch, used to regulate water flow in plumbing lines.",https://placehold.co/400x300/4A90D9/FFFFFF?text=CIM+Valves+Ball+Valve+%283+inch%29
MAT01296,Plumbing,Valves & Controls,Ball Valve (3 inch),Audco,3 inch,piece,Rs.154 - Rs.286,"Audco Ball Valve, size 3 inch, used to regulate water flow in plumbing lines.",https://placehold.co/400x300/4A90D9/FFFFFF?text=Audco+Ball+Valve+%283+inch%29
MAT01297,Plumbing,Valves & Controls,Gate Valve (1/2 inch),Zoloto,1/2 inch,piece,Rs.154 - Rs.286,"Zoloto Gate Valve, size 1/2 inch, used to regulate water flow in plumbing lines.",https://placehold.co/400x300/4A90D9/FFFFFF?text=Zoloto+Gate+Valve+%281%2F2+inch%29
MAT01298,Plumbing,Valves & Controls,Gate Valve (1/2 inch),Leader Valves,1/2 inch,piece,Rs.154 - Rs.286,"Leader Valves Gate Valve, size 1/2 inch, used to regulate water flow in plumbing lines.",https://placehold.co/400x300/4A90D9/FFFFFF?text=Leader+Valves+Gate+Valve+%281%2F2+inch%29
MAT01299,Plumbing,Valves & Controls,Gate Valve (1/2 inch),Sant Valves,1/2 inch,piece,Rs.154 - Rs.286,"Sant Valves Gate Valve, size 1/2 inch, used to regulate water flow in plumbing lines.",https://placehold.co/400x300/4A90D9/FFFFFF?text=Sant+Valves+Gate+Valve+%281%2F2+inch%29
MAT01300,Plumbing,Valves & Controls,Gate Valve (1/2 inch),Kirloskar,1/2 inch,piece,Rs.154 - Rs.286,"Kirloskar Gate Valve, size 1/2 inch, used to regulate water flow in plumbing lines.",https://placehold.co/400x300/4A90D9/FFFFFF?text=Kirloskar+Gate+Valve+%281%2F2+inch%29
MAT01301,Plumbing,Valves & Controls,Gate Valve (1/2 inch),CIM Valves,1/2 inch,piece,Rs.154 - Rs.286,"CIM Valves Gate Valve, size 1/2 inch, used to regulate water flow in plumbing lines.",https://placehold.co/400x300/4A90D9/FFFFFF?text=CIM+Valves+Gate+Valve+%281%2F2+inch%29
MAT01302,Plumbing,Valves & Controls,Gate Valve (1/2 inch),Audco,1/2 inch,piece,Rs.154 - Rs.286,"Audco Gate Valve, size 1/2 inch, used to regulate water flow in plumbing lines.",https://placehold.co/400x300/4A90D9/FFFFFF?text=Audco+Gate+Valve+%281%2F2+inch%29
MAT01303,Plumbing,Valves & Controls,Gate Valve (3/4 inch),Zoloto,3/4 inch,piece,Rs.154 - Rs.286,"Zoloto Gate Valve, size 3/4 inch, used to regulate water flow in plumbing lines.",https://placehold.co/400x300/4A90D9/FFFFFF?text=Zoloto+Gate+Valve+%283%2F4+inch%29
MAT01304,Plumbing,Valves & Controls,Gate Valve (3/4 inch),Leader Valves,3/4 inch,piece,Rs.154 - Rs.286,"Leader Valves Gate Valve, size 3/4 inch, used to regulate water flow in plumbing lines.",https://placehold.co/400x300/4A90D9/FFFFFF?text=Leader+Valves+Gate+Valve+%283%2F4+inch%29
MAT01305,Plumbing,Valves & Controls,Gate Valve (3/4 inch),Sant Valves,3/4 inch,piece,Rs.154 - Rs.286,"Sant Valves Gate Valve, size 3/4 inch, used to regulate water flow in plumbing lines.",https://placehold.co/400x300/4A90D9/FFFFFF?text=Sant+Valves+Gate+Valve+%283%2F4+inch%29
MAT01306,Plumbing,Valves & Controls,Gate Valve (3/4 inch),Kirloskar,3/4 inch,piece,Rs.154 - Rs.286,"Kirloskar Gate Valve, size 3/4 inch, used to regulate water flow in plumbing lines.",https://placehold.co/400x300/4A90D9/FFFFFF?text=Kirloskar+Gate+Valve+%283%2F4+inch%29
MAT01307,Plumbing,Valves & Controls,Gate Valve (3/4 inch),CIM Valves,3/4 inch,piece,Rs.154 - Rs.286,"CIM Valves Gate Valve, size 3/4 inch, used to regulate water flow in plumbing lines.",https://placehold.co/400x300/4A90D9/FFFFFF?text=CIM+Valves+Gate+Valve+%283%2F4+inch%29
MAT01308,Plumbing,Valves & Controls,Gate Valve (3/4 inch),Audco,3/4 inch,piece,Rs.154 - Rs.286,"Audco Gate Valve, size 3/4 inch, used to regulate water flow in plumbing lines.",https://placehold.co/400x300/4A90D9/FFFFFF?text=Audco+Gate+Valve+%283%2F4+inch%29
MAT01309,Plumbing,Valves & Controls,Gate Valve (1 inch),Zoloto,1 inch,piece,Rs.154 - Rs.286,"Zoloto Gate Valve, size 1 inch, used to regulate water flow in plumbing lines.",https://placehold.co/400x300/4A90D9/FFFFFF?text=Zoloto+Gate+Valve+%281+inch%29
MAT01310,Plumbing,Valves & Controls,Gate Valve (1 inch),Leader Valves,1 inch,piece,Rs.154 - Rs.286,"Leader Valves Gate Valve, size 1 inch, used to regulate water flow in plumbing lines.",https://placehold.co/400x300/4A90D9/FFFFFF?text=Leader+Valves+Gate+Valve+%281+inch%29
MAT01311,Plumbing,Valves & Controls,Gate Valve (1 inch),Sant Valves,1 inch,piece,Rs.154 - Rs.286,"Sant Valves Gate Valve, size 1 inch, used to regulate water flow in plumbing lines.",https://placehold.co/400x300/4A90D9/FFFFFF?text=Sant+Valves+Gate+Valve+%281+inch%29
MAT01312,Plumbing,Valves & Controls,Gate Valve (1 inch),Kirloskar,1 inch,piece,Rs.154 - Rs.286,"Kirloskar Gate Valve, size 1 inch, used to regulate water flow in plumbing lines.",https://placehold.co/400x300/4A90D9/FFFFFF?text=Kirloskar+Gate+Valve+%281+inch%29
MAT01313,Plumbing,Valves & Controls,Gate Valve (1 inch),CIM Valves,1 inch,piece,Rs.154 - Rs.286,"CIM Valves Gate Valve, size 1 inch, used to regulate water flow in plumbing lines.",https://placehold.co/400x300/4A90D9/FFFFFF?text=CIM+Valves+Gate+Valve+%281+inch%29
MAT01314,Plumbing,Valves & Controls,Gate Valve (1 inch),Audco,1 inch,piece,Rs.154 - Rs.286,"Audco Gate Valve, size 1 inch, used to regulate water flow in plumbing lines.",https://placehold.co/400x300/4A90D9/FFFFFF?text=Audco+Gate+Valve+%281+inch%29
MAT01315,Plumbing,Valves & Controls,Gate Valve (1.5 inch),Zoloto,1.5 inch,piece,Rs.154 - Rs.286,"Zoloto Gate Valve, size 1.5 inch, used to regulate water flow in plumbing lines.",https://placehold.co/400x300/4A90D9/FFFFFF?text=Zoloto+Gate+Valve+%281.5+inch%29
MAT01316,Plumbing,Valves & Controls,Gate Valve (1.5 inch),Leader Valves,1.5 inch,piece,Rs.154 - Rs.286,"Leader Valves Gate Valve, size 1.5 inch, used to regulate water flow in plumbing lines.",https://placehold.co/400x300/4A90D9/FFFFFF?text=Leader+Valves+Gate+Valve+%281.5+inch%29
MAT01317,Plumbing,Valves & Controls,Gate Valve (1.5 inch),Sant Valves,1.5 inch,piece,Rs.154 - Rs.286,"Sant Valves Gate Valve, size 1.5 inch, used to regulate water flow in plumbing lines.",https://placehold.co/400x300/4A90D9/FFFFFF?text=Sant+Valves+Gate+Valve+%281.5+inch%29
MAT01318,Plumbing,Valves & Controls,Gate Valve (1.5 inch),Kirloskar,1.5 inch,piece,Rs.154 - Rs.286,"Kirloskar Gate Valve, size 1.5 inch, used to regulate water flow in plumbing lines.",https://placehold.co/400x300/4A90D9/FFFFFF?text=Kirloskar+Gate+Valve+%281.5+inch%29
MAT01319,Plumbing,Valves & Controls,Gate Valve (1.5 inch),CIM Valves,1.5 inch,piece,Rs.154 - Rs.286,"CIM Valves Gate Valve, size 1.5 inch, used to regulate water flow in plumbing lines.",https://placehold.co/400x300/4A90D9/FFFFFF?text=CIM+Valves+Gate+Valve+%281.5+inch%29
MAT01320,Plumbing,Valves & Controls,Gate Valve (1.5 inch),Audco,1.5 inch,piece,Rs.154 - Rs.286,"Audco Gate Valve, size 1.5 inch, used to regulate water flow in plumbing lines.",https://placehold.co/400x300/4A90D9/FFFFFF?text=Audco+Gate+Valve+%281.5+inch%29
MAT01321,Plumbing,Valves & Controls,Gate Valve (2 inch),Zoloto,2 inch,piece,Rs.154 - Rs.286,"Zoloto Gate Valve, size 2 inch, used to regulate water flow in plumbing lines.",https://placehold.co/400x300/4A90D9/FFFFFF?text=Zoloto+Gate+Valve+%282+inch%29
MAT01322,Plumbing,Valves & Controls,Gate Valve (2 inch),Leader Valves,2 inch,piece,Rs.154 - Rs.286,"Leader Valves Gate Valve, size 2 inch, used to regulate water flow in plumbing lines.",https://placehold.co/400x300/4A90D9/FFFFFF?text=Leader+Valves+Gate+Valve+%282+inch%29
MAT01323,Plumbing,Valves & Controls,Gate Valve (2 inch),Sant Valves,2 inch,piece,Rs.154 - Rs.286,"Sant Valves Gate Valve, size 2 inch, used to regulate water flow in plumbing lines.",https://placehold.co/400x300/4A90D9/FFFFFF?text=Sant+Valves+Gate+Valve+%282+inch%29
MAT01324,Plumbing,Valves & Controls,Gate Valve (2 inch),Kirloskar,2 inch,piece,Rs.154 - Rs.286,"Kirloskar Gate Valve, size 2 inch, used to regulate water flow in plumbing lines.",https://placehold.co/400x300/4A90D9/FFFFFF?text=Kirloskar+Gate+Valve+%282+inch%29
MAT01325,Plumbing,Valves & Controls,Gate Valve (2 inch),CIM Valves,2 inch,piece,Rs.154 - Rs.286,"CIM Valves Gate Valve, size 2 inch, used to regulate water flow in plumbing lines.",https://placehold.co/400x300/4A90D9/FFFFFF?text=CIM+Valves+Gate+Valve+%282+inch%29
MAT01326,Plumbing,Valves & Controls,Gate Valve (2 inch),Audco,2 inch,piece,Rs.154 - Rs.286,"Audco Gate Valve, size 2 inch, used to regulate water flow in plumbing lines.",https://placehold.co/400x300/4A90D9/FFFFFF?text=Audco+Gate+Valve+%282+inch%29
MAT01327,Plumbing,Valves & Controls,Gate Valve (3 inch),Zoloto,3 inch,piece,Rs.154 - Rs.286,"Zoloto Gate Valve, size 3 inch, used to regulate water flow in plumbing lines.",https://placehold.co/400x300/4A90D9/FFFFFF?text=Zoloto+Gate+Valve+%283+inch%29
MAT01328,Plumbing,Valves & Controls,Gate Valve (3 inch),Leader Valves,3 inch,piece,Rs.154 - Rs.286,"Leader Valves Gate Valve, size 3 inch, used to regulate water flow in plumbing lines.",https://placehold.co/400x300/4A90D9/FFFFFF?text=Leader+Valves+Gate+Valve+%283+inch%29
MAT01329,Plumbing,Valves & Controls,Gate Valve (3 inch),Sant Valves,3 inch,piece,Rs.154 - Rs.286,"Sant Valves Gate Valve, size 3 inch, used to regulate water flow in plumbing lines.",https://placehold.co/400x300/4A90D9/FFFFFF?text=Sant+Valves+Gate+Valve+%283+inch%29
MAT01330,Plumbing,Valves & Controls,Gate Valve (3 inch),Kirloskar,3 inch,piece,Rs.154 - Rs.286,"Kirloskar Gate Valve, size 3 inch, used to regulate water flow in plumbing lines.",https://placehold.co/400x300/4A90D9/FFFFFF?text=Kirloskar+Gate+Valve+%283+inch%29
MAT01331,Plumbing,Valves & Controls,Gate Valve (3 inch),CIM Valves,3 inch,piece,Rs.154 - Rs.286,"CIM Valves Gate Valve, size 3 inch, used to regulate water flow in plumbing lines.",https://placehold.co/400x300/4A90D9/FFFFFF?text=CIM+Valves+Gate+Valve+%283+inch%29
MAT01332,Plumbing,Valves & Controls,Gate Valve (3 inch),Audco,3 inch,piece,Rs.154 - Rs.286,"Audco Gate Valve, size 3 inch, used to regulate water flow in plumbing lines.",https://placehold.co/400x300/4A90D9/FFFFFF?text=Audco+Gate+Valve+%283+inch%29
MAT01333,Plumbing,Valves & Controls,Check Valve (Non-Return) (1/2 inch),Zoloto,1/2 inch,piece,Rs.154 - Rs.286,"Zoloto Check Valve (Non-Return), size 1/2 inch, used to regulate water flow in plumbing lines.",https://placehold.co/400x300/4A90D9/FFFFFF?text=Zoloto+Check+Valve+%28Non-Return%29+%281%2F2+inch%29
MAT01334,Plumbing,Valves & Controls,Check Valve (Non-Return) (1/2 inch),Leader Valves,1/2 inch,piece,Rs.154 - Rs.286,"Leader Valves Check Valve (Non-Return), size 1/2 inch, used to regulate water flow in plumbing lines.",https://placehold.co/400x300/4A90D9/FFFFFF?text=Leader+Valves+Check+Valve+%28Non-Return%29+%281%2F2+i
MAT01335,Plumbing,Valves & Controls,Check Valve (Non-Return) (1/2 inch),Sant Valves,1/2 inch,piece,Rs.154 - Rs.286,"Sant Valves Check Valve (Non-Return), size 1/2 inch, used to regulate water flow in plumbing lines.",https://placehold.co/400x300/4A90D9/FFFFFF?text=Sant+Valves+Check+Valve+%28Non-Return%29+%281%2F2+inc
MAT01336,Plumbing,Valves & Controls,Check Valve (Non-Return) (1/2 inch),Kirloskar,1/2 inch,piece,Rs.154 - Rs.286,"Kirloskar Check Valve (Non-Return), size 1/2 inch, used to regulate water flow in plumbing lines.",https://placehold.co/400x300/4A90D9/FFFFFF?text=Kirloskar+Check+Valve+%28Non-Return%29+%281%2F2+inch%29
MAT01337,Plumbing,Valves & Controls,Check Valve (Non-Return) (1/2 inch),CIM Valves,1/2 inch,piece,Rs.154 - Rs.286,"CIM Valves Check Valve (Non-Return), size 1/2 inch, used to regulate water flow in plumbing lines.",https://placehold.co/400x300/4A90D9/FFFFFF?text=CIM+Valves+Check+Valve+%28Non-Return%29+%281%2F2+inch
MAT01338,Plumbing,Valves & Controls,Check Valve (Non-Return) (1/2 inch),Audco,1/2 inch,piece,Rs.154 - Rs.286,"Audco Check Valve (Non-Return), size 1/2 inch, used to regulate water flow in plumbing lines.",https://placehold.co/400x300/4A90D9/FFFFFF?text=Audco+Check+Valve+%28Non-Return%29+%281%2F2+inch%29
MAT01339,Plumbing,Valves & Controls,Check Valve (Non-Return) (3/4 inch),Zoloto,3/4 inch,piece,Rs.154 - Rs.286,"Zoloto Check Valve (Non-Return), size 3/4 inch, used to regulate water flow in plumbing lines.",https://placehold.co/400x300/4A90D9/FFFFFF?text=Zoloto+Check+Valve+%28Non-Return%29+%283%2F4+inch%29
MAT01340,Plumbing,Valves & Controls,Check Valve (Non-Return) (3/4 inch),Leader Valves,3/4 inch,piece,Rs.154 - Rs.286,"Leader Valves Check Valve (Non-Return), size 3/4 inch, used to regulate water flow in plumbing lines.",https://placehold.co/400x300/4A90D9/FFFFFF?text=Leader+Valves+Check+Valve+%28Non-Return%29+%283%2F4+i
MAT01341,Plumbing,Valves & Controls,Check Valve (Non-Return) (3/4 inch),Sant Valves,3/4 inch,piece,Rs.154 - Rs.286,"Sant Valves Check Valve (Non-Return), size 3/4 inch, used to regulate water flow in plumbing lines.",https://placehold.co/400x300/4A90D9/FFFFFF?text=Sant+Valves+Check+Valve+%28Non-Return%29+%283%2F4+inc
MAT01342,Plumbing,Valves & Controls,Check Valve (Non-Return) (3/4 inch),Kirloskar,3/4 inch,piece,Rs.154 - Rs.286,"Kirloskar Check Valve (Non-Return), size 3/4 inch, used to regulate water flow in plumbing lines.",https://placehold.co/400x300/4A90D9/FFFFFF?text=Kirloskar+Check+Valve+%28Non-Return%29+%283%2F4+inch%29
MAT01343,Plumbing,Valves & Controls,Check Valve (Non-Return) (3/4 inch),CIM Valves,3/4 inch,piece,Rs.154 - Rs.286,"CIM Valves Check Valve (Non-Return), size 3/4 inch, used to regulate water flow in plumbing lines.",https://placehold.co/400x300/4A90D9/FFFFFF?text=CIM+Valves+Check+Valve+%28Non-Return%29+%283%2F4+inch
MAT01344,Plumbing,Valves & Controls,Check Valve (Non-Return) (3/4 inch),Audco,3/4 inch,piece,Rs.154 - Rs.286,"Audco Check Valve (Non-Return), size 3/4 inch, used to regulate water flow in plumbing lines.",https://placehold.co/400x300/4A90D9/FFFFFF?text=Audco+Check+Valve+%28Non-Return%29+%283%2F4+inch%29
MAT01345,Plumbing,Valves & Controls,Check Valve (Non-Return) (1 inch),Zoloto,1 inch,piece,Rs.154 - Rs.286,"Zoloto Check Valve (Non-Return), size 1 inch, used to regulate water flow in plumbing lines.",https://placehold.co/400x300/4A90D9/FFFFFF?text=Zoloto+Check+Valve+%28Non-Return%29+%281+inch%29
MAT01346,Plumbing,Valves & Controls,Check Valve (Non-Return) (1 inch),Leader Valves,1 inch,piece,Rs.154 - Rs.286,"Leader Valves Check Valve (Non-Return), size 1 inch, used to regulate water flow in plumbing lines.",https://placehold.co/400x300/4A90D9/FFFFFF?text=Leader+Valves+Check+Valve+%28Non-Return%29+%281+inc
MAT01347,Plumbing,Valves & Controls,Check Valve (Non-Return) (1 inch),Sant Valves,1 inch,piece,Rs.154 - Rs.286,"Sant Valves Check Valve (Non-Return), size 1 inch, used to regulate water flow in plumbing lines.",https://placehold.co/400x300/4A90D9/FFFFFF?text=Sant+Valves+Check+Valve+%28Non-Return%29+%281+inch%29
MAT01348,Plumbing,Valves & Controls,Check Valve (Non-Return) (1 inch),Kirloskar,1 inch,piece,Rs.154 - Rs.286,"Kirloskar Check Valve (Non-Return), size 1 inch, used to regulate water flow in plumbing lines.",https://placehold.co/400x300/4A90D9/FFFFFF?text=Kirloskar+Check+Valve+%28Non-Return%29+%281+inch%29
MAT01349,Plumbing,Valves & Controls,Check Valve (Non-Return) (1 inch),CIM Valves,1 inch,piece,Rs.154 - Rs.286,"CIM Valves Check Valve (Non-Return), size 1 inch, used to regulate water flow in plumbing lines.",https://placehold.co/400x300/4A90D9/FFFFFF?text=CIM+Valves+Check+Valve+%28Non-Return%29+%281+inch%29
MAT01350,Plumbing,Valves & Controls,Check Valve (Non-Return) (1 inch),Audco,1 inch,piece,Rs.154 - Rs.286,"Audco Check Valve (Non-Return), size 1 inch, used to regulate water flow in plumbing lines.",https://placehold.co/400x300/4A90D9/FFFFFF?text=Audco+Check+Valve+%28Non-Return%29+%281+inch%29
MAT01351,Plumbing,Sanitaryware,Wall Hung Toilet (WC),Cera,White,piece,Rs.3150 - Rs.5850,"Cera Wall Hung Toilet (WC), White finish, ceramic/vitreous china sanitaryware for bathrooms and kitchens.",https://placehold.co/400x300/4A90D9/FFFFFF?text=Cera+Wall+Hung+Toilet+%28WC%29
MAT01352,Plumbing,Sanitaryware,Wall Hung Toilet (WC),Hindware,White,piece,Rs.3150 - Rs.5850,"Hindware Wall Hung Toilet (WC), White finish, ceramic/vitreous china sanitaryware for bathrooms and kitchens.",https://placehold.co/400x300/4A90D9/FFFFFF?text=Hindware+Wall+Hung+Toilet+%28WC%29
MAT01353,Plumbing,Sanitaryware,Wall Hung Toilet (WC),Parryware,White,piece,Rs.3150 - Rs.5850,"Parryware Wall Hung Toilet (WC), White finish, ceramic/vitreous china sanitaryware for bathrooms and kitchens.",https://placehold.co/400x300/4A90D9/FFFFFF?text=Parryware+Wall+Hung+Toilet+%28WC%29
MAT01354,Plumbing,Sanitaryware,Wall Hung Toilet (WC),Jaquar,White,piece,Rs.3150 - Rs.5850,"Jaquar Wall Hung Toilet (WC), White finish, ceramic/vitreous china sanitaryware for bathrooms and kitchens.",https://placehold.co/400x300/4A90D9/FFFFFF?text=Jaquar+Wall+Hung+Toilet+%28WC%29
MAT01355,Plumbing,Sanitaryware,Wall Hung Toilet (WC),Kohler,White,piece,Rs.3150 - Rs.5850,"Kohler Wall Hung Toilet (WC), White finish, ceramic/vitreous china sanitaryware for bathrooms and kitchens.",https://placehold.co/400x300/4A90D9/FFFFFF?text=Kohler+Wall+Hung+Toilet+%28WC%29
MAT01356,Plumbing,Sanitaryware,Wall Hung Toilet (WC),Roca,White,piece,Rs.3150 - Rs.5850,"Roca Wall Hung Toilet (WC), White finish, ceramic/vitreous china sanitaryware for bathrooms and kitchens.",https://placehold.co/400x300/4A90D9/FFFFFF?text=Roca+Wall+Hung+Toilet+%28WC%29
MAT01357,Plumbing,Sanitaryware,Wall Hung Toilet (WC),Johnson Bathrooms,White,piece,Rs.3150 - Rs.5850,"Johnson Bathrooms Wall Hung Toilet (WC), White finish, ceramic/vitreous china sanitaryware for bathrooms and kitchens.",https://placehold.co/400x300/4A90D9/FFFFFF?text=Johnson+Bathrooms+Wall+Hung+Toilet+%28WC%29
MAT01358,Plumbing,Sanitaryware,Wall Hung Toilet (WC),Somany,White,piece,Rs.3150 - Rs.5850,"Somany Wall Hung Toilet (WC), White finish, ceramic/vitreous china sanitaryware for bathrooms and kitchens.",https://placehold.co/400x300/4A90D9/FFFFFF?text=Somany+Wall+Hung+Toilet+%28WC%29
MAT01359,Plumbing,Sanitaryware,Wall Hung Toilet (WC),Cera,Ivory,piece,Rs.3150 - Rs.5850,"Cera Wall Hung Toilet (WC), Ivory finish, ceramic/vitreous china sanitaryware for bathrooms and kitchens.",https://placehold.co/400x300/4A90D9/FFFFFF?text=Cera+Wall+Hung+Toilet+%28WC%29
MAT01360,Plumbing,Sanitaryware,Wall Hung Toilet (WC),Hindware,Ivory,piece,Rs.3150 - Rs.5850,"Hindware Wall Hung Toilet (WC), Ivory finish, ceramic/vitreous china sanitaryware for bathrooms and kitchens.",https://placehold.co/400x300/4A90D9/FFFFFF?text=Hindware+Wall+Hung+Toilet+%28WC%29
MAT01361,Plumbing,Sanitaryware,Wall Hung Toilet (WC),Parryware,Ivory,piece,Rs.3150 - Rs.5850,"Parryware Wall Hung Toilet (WC), Ivory finish, ceramic/vitreous china sanitaryware for bathrooms and kitchens.",https://placehold.co/400x300/4A90D9/FFFFFF?text=Parryware+Wall+Hung+Toilet+%28WC%29
MAT01362,Plumbing,Sanitaryware,Wall Hung Toilet (WC),Jaquar,Ivory,piece,Rs.3150 - Rs.5850,"Jaquar Wall Hung Toilet (WC), Ivory finish, ceramic/vitreous china sanitaryware for bathrooms and kitchens.",https://placehold.co/400x300/4A90D9/FFFFFF?text=Jaquar+Wall+Hung+Toilet+%28WC%29
MAT01363,Plumbing,Sanitaryware,Wall Hung Toilet (WC),Kohler,Ivory,piece,Rs.3150 - Rs.5850,"Kohler Wall Hung Toilet (WC), Ivory finish, ceramic/vitreous china sanitaryware for bathrooms and kitchens.",https://placehold.co/400x300/4A90D9/FFFFFF?text=Kohler+Wall+Hung+Toilet+%28WC%29
MAT01364,Plumbing,Sanitaryware,Wall Hung Toilet (WC),Roca,Ivory,piece,Rs.3150 - Rs.5850,"Roca Wall Hung Toilet (WC), Ivory finish, ceramic/vitreous china sanitaryware for bathrooms and kitchens.",https://placehold.co/400x300/4A90D9/FFFFFF?text=Roca+Wall+Hung+Toilet+%28WC%29
MAT01365,Plumbing,Sanitaryware,Wall Hung Toilet (WC),Johnson Bathrooms,Ivory,piece,Rs.3150 - Rs.5850,"Johnson Bathrooms Wall Hung Toilet (WC), Ivory finish, ceramic/vitreous china sanitaryware for bathrooms and kitchens.",https://placehold.co/400x300/4A90D9/FFFFFF?text=Johnson+Bathrooms+Wall+Hung+Toilet+%28WC%29
MAT01366,Plumbing,Sanitaryware,Wall Hung Toilet (WC),Somany,Ivory,piece,Rs.3150 - Rs.5850,"Somany Wall Hung Toilet (WC), Ivory finish, ceramic/vitreous china sanitaryware for bathrooms and kitchens.",https://placehold.co/400x300/4A90D9/FFFFFF?text=Somany+Wall+Hung+Toilet+%28WC%29
MAT01367,Plumbing,Sanitaryware,Wall Hung Toilet (WC),Cera,Off-White,piece,Rs.3150 - Rs.5850,"Cera Wall Hung Toilet (WC), Off-White finish, ceramic/vitreous china sanitaryware for bathrooms and kitchens.",https://placehold.co/400x300/4A90D9/FFFFFF?text=Cera+Wall+Hung+Toilet+%28WC%29
MAT01368,Plumbing,Sanitaryware,Wall Hung Toilet (WC),Hindware,Off-White,piece,Rs.3150 - Rs.5850,"Hindware Wall Hung Toilet (WC), Off-White finish, ceramic/vitreous china sanitaryware for bathrooms and kitchens.",https://placehold.co/400x300/4A90D9/FFFFFF?text=Hindware+Wall+Hung+Toilet+%28WC%29
MAT01369,Plumbing,Sanitaryware,Wall Hung Toilet (WC),Parryware,Off-White,piece,Rs.3150 - Rs.5850,"Parryware Wall Hung Toilet (WC), Off-White finish, ceramic/vitreous china sanitaryware for bathrooms and kitchens.",https://placehold.co/400x300/4A90D9/FFFFFF?text=Parryware+Wall+Hung+Toilet+%28WC%29
MAT01370,Plumbing,Sanitaryware,Wall Hung Toilet (WC),Jaquar,Off-White,piece,Rs.3150 - Rs.5850,"Jaquar Wall Hung Toilet (WC), Off-White finish, ceramic/vitreous china sanitaryware for bathrooms and kitchens.",https://placehold.co/400x300/4A90D9/FFFFFF?text=Jaquar+Wall+Hung+Toilet+%28WC%29
MAT01371,Plumbing,Sanitaryware,Wall Hung Toilet (WC),Kohler,Off-White,piece,Rs.3150 - Rs.5850,"Kohler Wall Hung Toilet (WC), Off-White finish, ceramic/vitreous china sanitaryware for bathrooms and kitchens.",https://placehold.co/400x300/4A90D9/FFFFFF?text=Kohler+Wall+Hung+Toilet+%28WC%29
MAT01372,Plumbing,Sanitaryware,Wall Hung Toilet (WC),Roca,Off-White,piece,Rs.3150 - Rs.5850,"Roca Wall Hung Toilet (WC), Off-White finish, ceramic/vitreous china sanitaryware for bathrooms and kitchens.",https://placehold.co/400x300/4A90D9/FFFFFF?text=Roca+Wall+Hung+Toilet+%28WC%29
MAT01373,Plumbing,Sanitaryware,Wall Hung Toilet (WC),Johnson Bathrooms,Off-White,piece,Rs.3150 - Rs.5850,"Johnson Bathrooms Wall Hung Toilet (WC), Off-White finish, ceramic/vitreous china sanitaryware for bathrooms and kitchens.",https://placehold.co/400x300/4A90D9/FFFFFF?text=Johnson+Bathrooms+Wall+Hung+Toilet+%28WC%29
MAT01374,Plumbing,Sanitaryware,Wall Hung Toilet (WC),Somany,Off-White,piece,Rs.3150 - Rs.5850,"Somany Wall Hung Toilet (WC), Off-White finish, ceramic/vitreous china sanitaryware for bathrooms and kitchens.",https://placehold.co/400x300/4A90D9/FFFFFF?text=Somany+Wall+Hung+Toilet+%28WC%29
MAT01375,Plumbing,Sanitaryware,Wall Hung Toilet (WC),Cera,Grey Matte,piece,Rs.3150 - Rs.5850,"Cera Wall Hung Toilet (WC), Grey Matte finish, ceramic/vitreous china sanitaryware for bathrooms and kitchens.",https://placehold.co/400x300/4A90D9/FFFFFF?text=Cera+Wall+Hung+Toilet+%28WC%29
MAT01376,Plumbing,Sanitaryware,Wall Hung Toilet (WC),Hindware,Grey Matte,piece,Rs.3150 - Rs.5850,"Hindware Wall Hung Toilet (WC), Grey Matte finish, ceramic/vitreous china sanitaryware for bathrooms and kitchens.",https://placehold.co/400x300/4A90D9/FFFFFF?text=Hindware+Wall+Hung+Toilet+%28WC%29
MAT01377,Plumbing,Sanitaryware,Wall Hung Toilet (WC),Parryware,Grey Matte,piece,Rs.3150 - Rs.5850,"Parryware Wall Hung Toilet (WC), Grey Matte finish, ceramic/vitreous china sanitaryware for bathrooms and kitchens.",https://placehold.co/400x300/4A90D9/FFFFFF?text=Parryware+Wall+Hung+Toilet+%28WC%29
MAT01378,Plumbing,Sanitaryware,Wall Hung Toilet (WC),Jaquar,Grey Matte,piece,Rs.3150 - Rs.5850,"Jaquar Wall Hung Toilet (WC), Grey Matte finish, ceramic/vitreous china sanitaryware for bathrooms and kitchens.",https://placehold.co/400x300/4A90D9/FFFFFF?text=Jaquar+Wall+Hung+Toilet+%28WC%29
MAT01379,Plumbing,Sanitaryware,Wall Hung Toilet (WC),Kohler,Grey Matte,piece,Rs.3150 - Rs.5850,"Kohler Wall Hung Toilet (WC), Grey Matte finish, ceramic/vitreous china sanitaryware for bathrooms and kitchens.",https://placehold.co/400x300/4A90D9/FFFFFF?text=Kohler+Wall+Hung+Toilet+%28WC%29
MAT01380,Plumbing,Sanitaryware,Wall Hung Toilet (WC),Roca,Grey Matte,piece,Rs.3150 - Rs.5850,"Roca Wall Hung Toilet (WC), Grey Matte finish, ceramic/vitreous china sanitaryware for bathrooms and kitchens.",https://placehold.co/400x300/4A90D9/FFFFFF?text=Roca+Wall+Hung+Toilet+%28WC%29
MAT01381,Plumbing,Sanitaryware,Wall Hung Toilet (WC),Johnson Bathrooms,Grey Matte,piece,Rs.3150 - Rs.5850,"Johnson Bathrooms Wall Hung Toilet (WC), Grey Matte finish, ceramic/vitreous china sanitaryware for bathrooms and kitchens.",https://placehold.co/400x300/4A90D9/FFFFFF?text=Johnson+Bathrooms+Wall+Hung+Toilet+%28WC%29
MAT01382,Plumbing,Sanitaryware,Wall Hung Toilet (WC),Somany,Grey Matte,piece,Rs.3150 - Rs.5850,"Somany Wall Hung Toilet (WC), Grey Matte finish, ceramic/vitreous china sanitaryware for bathrooms and kitchens.",https://placehold.co/400x300/4A90D9/FFFFFF?text=Somany+Wall+Hung+Toilet+%28WC%29
MAT01383,Plumbing,Sanitaryware,Wall Hung Toilet (WC),Cera,Black Matte,piece,Rs.3150 - Rs.5850,"Cera Wall Hung Toilet (WC), Black Matte finish, ceramic/vitreous china sanitaryware for bathrooms and kitchens.",https://placehold.co/400x300/4A90D9/FFFFFF?text=Cera+Wall+Hung+Toilet+%28WC%29
MAT01384,Plumbing,Sanitaryware,Wall Hung Toilet (WC),Hindware,Black Matte,piece,Rs.3150 - Rs.5850,"Hindware Wall Hung Toilet (WC), Black Matte finish, ceramic/vitreous china sanitaryware for bathrooms and kitchens.",https://placehold.co/400x300/4A90D9/FFFFFF?text=Hindware+Wall+Hung+Toilet+%28WC%29
MAT01385,Plumbing,Sanitaryware,Wall Hung Toilet (WC),Parryware,Black Matte,piece,Rs.3150 - Rs.5850,"Parryware Wall Hung Toilet (WC), Black Matte finish, ceramic/vitreous china sanitaryware for bathrooms and kitchens.",https://placehold.co/400x300/4A90D9/FFFFFF?text=Parryware+Wall+Hung+Toilet+%28WC%29
MAT01386,Plumbing,Sanitaryware,Wall Hung Toilet (WC),Jaquar,Black Matte,piece,Rs.3150 - Rs.5850,"Jaquar Wall Hung Toilet (WC), Black Matte finish, ceramic/vitreous china sanitaryware for bathrooms and kitchens.",https://placehold.co/400x300/4A90D9/FFFFFF?text=Jaquar+Wall+Hung+Toilet+%28WC%29
MAT01387,Plumbing,Sanitaryware,Wall Hung Toilet (WC),Kohler,Black Matte,piece,Rs.3150 - Rs.5850,"Kohler Wall Hung Toilet (WC), Black Matte finish, ceramic/vitreous china sanitaryware for bathrooms and kitchens.",https://placehold.co/400x300/4A90D9/FFFFFF?text=Kohler+Wall+Hung+Toilet+%28WC%29
MAT01388,Plumbing,Sanitaryware,Wall Hung Toilet (WC),Roca,Black Matte,piece,Rs.3150 - Rs.5850,"Roca Wall Hung Toilet (WC), Black Matte finish, ceramic/vitreous china sanitaryware for bathrooms and kitchens.",https://placehold.co/400x300/4A90D9/FFFFFF?text=Roca+Wall+Hung+Toilet+%28WC%29
MAT01389,Plumbing,Sanitaryware,Wall Hung Toilet (WC),Johnson Bathrooms,Black Matte,piece,Rs.3150 - Rs.5850,"Johnson Bathrooms Wall Hung Toilet (WC), Black Matte finish, ceramic/vitreous china sanitaryware for bathrooms and kitchens.",https://placehold.co/400x300/4A90D9/FFFFFF?text=Johnson+Bathrooms+Wall+Hung+Toilet+%28WC%29
MAT01390,Plumbing,Sanitaryware,Wall Hung Toilet (WC),Somany,Black Matte,piece,Rs.3150 - Rs.5850,"Somany Wall Hung Toilet (WC), Black Matte finish, ceramic/vitreous china sanitaryware for bathrooms and kitchens.",https://placehold.co/400x300/4A90D9/FFFFFF?text=Somany+Wall+Hung+Toilet+%28WC%29
MAT01391,Plumbing,Sanitaryware,Floor Mounted Toilet,Cera,White,piece,Rs.3150 - Rs.5850,"Cera Floor Mounted Toilet, White finish, ceramic/vitreous china sanitaryware for bathrooms and kitchens.",https://placehold.co/400x300/4A90D9/FFFFFF?text=Cera+Floor+Mounted+Toilet
MAT01392,Plumbing,Sanitaryware,Floor Mounted Toilet,Hindware,White,piece,Rs.3150 - Rs.5850,"Hindware Floor Mounted Toilet, White finish, ceramic/vitreous china sanitaryware for bathrooms and kitchens.",https://placehold.co/400x300/4A90D9/FFFFFF?text=Hindware+Floor+Mounted+Toilet
MAT01393,Plumbing,Sanitaryware,Floor Mounted Toilet,Parryware,White,piece,Rs.3150 - Rs.5850,"Parryware Floor Mounted Toilet, White finish, ceramic/vitreous china sanitaryware for bathrooms and kitchens.",https://placehold.co/400x300/4A90D9/FFFFFF?text=Parryware+Floor+Mounted+Toilet
MAT01394,Plumbing,Sanitaryware,Floor Mounted Toilet,Jaquar,White,piece,Rs.3150 - Rs.5850,"Jaquar Floor Mounted Toilet, White finish, ceramic/vitreous china sanitaryware for bathrooms and kitchens.",https://placehold.co/400x300/4A90D9/FFFFFF?text=Jaquar+Floor+Mounted+Toilet
MAT01395,Plumbing,Sanitaryware,Floor Mounted Toilet,Kohler,White,piece,Rs.3150 - Rs.5850,"Kohler Floor Mounted Toilet, White finish, ceramic/vitreous china sanitaryware for bathrooms and kitchens.",https://placehold.co/400x300/4A90D9/FFFFFF?text=Kohler+Floor+Mounted+Toilet
MAT01396,Plumbing,Sanitaryware,Floor Mounted Toilet,Roca,White,piece,Rs.3150 - Rs.5850,"Roca Floor Mounted Toilet, White finish, ceramic/vitreous china sanitaryware for bathrooms and kitchens.",https://placehold.co/400x300/4A90D9/FFFFFF?text=Roca+Floor+Mounted+Toilet
MAT01397,Plumbing,Sanitaryware,Floor Mounted Toilet,Johnson Bathrooms,White,piece,Rs.3150 - Rs.5850,"Johnson Bathrooms Floor Mounted Toilet, White finish, ceramic/vitreous china sanitaryware for bathrooms and kitchens.",https://placehold.co/400x300/4A90D9/FFFFFF?text=Johnson+Bathrooms+Floor+Mounted+Toilet
MAT01398,Plumbing,Sanitaryware,Floor Mounted Toilet,Somany,White,piece,Rs.3150 - Rs.5850,"Somany Floor Mounted Toilet, White finish, ceramic/vitreous china sanitaryware for bathrooms and kitchens.",https://placehold.co/400x300/4A90D9/FFFFFF?text=Somany+Floor+Mounted+Toilet
MAT01399,Plumbing,Sanitaryware,Floor Mounted Toilet,Cera,Ivory,piece,Rs.3150 - Rs.5850,"Cera Floor Mounted Toilet, Ivory finish, ceramic/vitreous china sanitaryware for bathrooms and kitchens.",https://placehold.co/400x300/4A90D9/FFFFFF?text=Cera+Floor+Mounted+Toilet
MAT01400,Plumbing,Sanitaryware,Floor Mounted Toilet,Hindware,Ivory,piece,Rs.3150 - Rs.5850,"Hindware Floor Mounted Toilet, Ivory finish, ceramic/vitreous china sanitaryware for bathrooms and kitchens.",https://placehold.co/400x300/4A90D9/FFFFFF?text=Hindware+Floor+Mounted+Toilet
MAT01401,Plumbing,Sanitaryware,Floor Mounted Toilet,Parryware,Ivory,piece,Rs.3150 - Rs.5850,"Parryware Floor Mounted Toilet, Ivory finish, ceramic/vitreous china sanitaryware for bathrooms and kitchens.",https://placehold.co/400x300/4A90D9/FFFFFF?text=Parryware+Floor+Mounted+Toilet
MAT01402,Plumbing,Sanitaryware,Floor Mounted Toilet,Jaquar,Ivory,piece,Rs.3150 - Rs.5850,"Jaquar Floor Mounted Toilet, Ivory finish, ceramic/vitreous china sanitaryware for bathrooms and kitchens.",https://placehold.co/400x300/4A90D9/FFFFFF?text=Jaquar+Floor+Mounted+Toilet
MAT01403,Plumbing,Sanitaryware,Floor Mounted Toilet,Kohler,Ivory,piece,Rs.3150 - Rs.5850,"Kohler Floor Mounted Toilet, Ivory finish, ceramic/vitreous china sanitaryware for bathrooms and kitchens.",https://placehold.co/400x300/4A90D9/FFFFFF?text=Kohler+Floor+Mounted+Toilet
MAT01404,Plumbing,Sanitaryware,Floor Mounted Toilet,Roca,Ivory,piece,Rs.3150 - Rs.5850,"Roca Floor Mounted Toilet, Ivory finish, ceramic/vitreous china sanitaryware for bathrooms and kitchens.",https://placehold.co/400x300/4A90D9/FFFFFF?text=Roca+Floor+Mounted+Toilet
MAT01405,Plumbing,Sanitaryware,Floor Mounted Toilet,Johnson Bathrooms,Ivory,piece,Rs.3150 - Rs.5850,"Johnson Bathrooms Floor Mounted Toilet, Ivory finish, ceramic/vitreous china sanitaryware for bathrooms and kitchens.",https://placehold.co/400x300/4A90D9/FFFFFF?text=Johnson+Bathrooms+Floor+Mounted+Toilet
MAT01406,Plumbing,Sanitaryware,Floor Mounted Toilet,Somany,Ivory,piece,Rs.3150 - Rs.5850,"Somany Floor Mounted Toilet, Ivory finish, ceramic/vitreous china sanitaryware for bathrooms and kitchens.",https://placehold.co/400x300/4A90D9/FFFFFF?text=Somany+Floor+Mounted+Toilet
MAT01407,Plumbing,Sanitaryware,Floor Mounted Toilet,Cera,Off-White,piece,Rs.3150 - Rs.5850,"Cera Floor Mounted Toilet, Off-White finish, ceramic/vitreous china sanitaryware for bathrooms and kitchens.",https://placehold.co/400x300/4A90D9/FFFFFF?text=Cera+Floor+Mounted+Toilet
MAT01408,Plumbing,Sanitaryware,Floor Mounted Toilet,Hindware,Off-White,piece,Rs.3150 - Rs.5850,"Hindware Floor Mounted Toilet, Off-White finish, ceramic/vitreous china sanitaryware for bathrooms and kitchens.",https://placehold.co/400x300/4A90D9/FFFFFF?text=Hindware+Floor+Mounted+Toilet
MAT01409,Plumbing,Sanitaryware,Floor Mounted Toilet,Parryware,Off-White,piece,Rs.3150 - Rs.5850,"Parryware Floor Mounted Toilet, Off-White finish, ceramic/vitreous china sanitaryware for bathrooms and kitchens.",https://placehold.co/400x300/4A90D9/FFFFFF?text=Parryware+Floor+Mounted+Toilet
MAT01410,Plumbing,Sanitaryware,Floor Mounted Toilet,Jaquar,Off-White,piece,Rs.3150 - Rs.5850,"Jaquar Floor Mounted Toilet, Off-White finish, ceramic/vitreous china sanitaryware for bathrooms and kitchens.",https://placehold.co/400x300/4A90D9/FFFFFF?text=Jaquar+Floor+Mounted+Toilet
MAT01411,Plumbing,Sanitaryware,Floor Mounted Toilet,Kohler,Off-White,piece,Rs.3150 - Rs.5850,"Kohler Floor Mounted Toilet, Off-White finish, ceramic/vitreous china sanitaryware for bathrooms and kitchens.",https://placehold.co/400x300/4A90D9/FFFFFF?text=Kohler+Floor+Mounted+Toilet
MAT01412,Plumbing,Sanitaryware,Floor Mounted Toilet,Roca,Off-White,piece,Rs.3150 - Rs.5850,"Roca Floor Mounted Toilet, Off-White finish, ceramic/vitreous china sanitaryware for bathrooms and kitchens.",https://placehold.co/400x300/4A90D9/FFFFFF?text=Roca+Floor+Mounted+Toilet
MAT01413,Plumbing,Sanitaryware,Floor Mounted Toilet,Johnson Bathrooms,Off-White,piece,Rs.3150 - Rs.5850,"Johnson Bathrooms Floor Mounted Toilet, Off-White finish, ceramic/vitreous china sanitaryware for bathrooms and kitchens.",https://placehold.co/400x300/4A90D9/FFFFFF?text=Johnson+Bathrooms+Floor+Mounted+Toilet
MAT01414,Plumbing,Sanitaryware,Floor Mounted Toilet,Somany,Off-White,piece,Rs.3150 - Rs.5850,"Somany Floor Mounted Toilet, Off-White finish, ceramic/vitreous china sanitaryware for bathrooms and kitchens.",https://placehold.co/400x300/4A90D9/FFFFFF?text=Somany+Floor+Mounted+Toilet
MAT01415,Plumbing,Sanitaryware,Floor Mounted Toilet,Cera,Grey Matte,piece,Rs.3150 - Rs.5850,"Cera Floor Mounted Toilet, Grey Matte finish, ceramic/vitreous china sanitaryware for bathrooms and kitchens.",https://placehold.co/400x300/4A90D9/FFFFFF?text=Cera+Floor+Mounted+Toilet
MAT01416,Plumbing,Sanitaryware,Floor Mounted Toilet,Hindware,Grey Matte,piece,Rs.3150 - Rs.5850,"Hindware Floor Mounted Toilet, Grey Matte finish, ceramic/vitreous china sanitaryware for bathrooms and kitchens.",https://placehold.co/400x300/4A90D9/FFFFFF?text=Hindware+Floor+Mounted+Toilet
MAT01417,Plumbing,Sanitaryware,Floor Mounted Toilet,Parryware,Grey Matte,piece,Rs.3150 - Rs.5850,"Parryware Floor Mounted Toilet, Grey Matte finish, ceramic/vitreous china sanitaryware for bathrooms and kitchens.",https://placehold.co/400x300/4A90D9/FFFFFF?text=Parryware+Floor+Mounted+Toilet
MAT01418,Plumbing,Sanitaryware,Floor Mounted Toilet,Jaquar,Grey Matte,piece,Rs.3150 - Rs.5850,"Jaquar Floor Mounted Toilet, Grey Matte finish, ceramic/vitreous china sanitaryware for bathrooms and kitchens.",https://placehold.co/400x300/4A90D9/FFFFFF?text=Jaquar+Floor+Mounted+Toilet
MAT01419,Plumbing,Sanitaryware,Floor Mounted Toilet,Kohler,Grey Matte,piece,Rs.3150 - Rs.5850,"Kohler Floor Mounted Toilet, Grey Matte finish, ceramic/vitreous china sanitaryware for bathrooms and kitchens.",https://placehold.co/400x300/4A90D9/FFFFFF?text=Kohler+Floor+Mounted+Toilet
MAT01420,Plumbing,Sanitaryware,Floor Mounted Toilet,Roca,Grey Matte,piece,Rs.3150 - Rs.5850,"Roca Floor Mounted Toilet, Grey Matte finish, ceramic/vitreous china sanitaryware for bathrooms and kitchens.",https://placehold.co/400x300/4A90D9/FFFFFF?text=Roca+Floor+Mounted+Toilet
MAT01421,Plumbing,Sanitaryware,Floor Mounted Toilet,Johnson Bathrooms,Grey Matte,piece,Rs.3150 - Rs.5850,"Johnson Bathrooms Floor Mounted Toilet, Grey Matte finish, ceramic/vitreous china sanitaryware for bathrooms and kitchens.",https://placehold.co/400x300/4A90D9/FFFFFF?text=Johnson+Bathrooms+Floor+Mounted+Toilet
MAT01422,Plumbing,Sanitaryware,Floor Mounted Toilet,Somany,Grey Matte,piece,Rs.3150 - Rs.5850,"Somany Floor Mounted Toilet, Grey Matte finish, ceramic/vitreous china sanitaryware for bathrooms and kitchens.",https://placehold.co/400x300/4A90D9/FFFFFF?text=Somany+Floor+Mounted+Toilet
MAT01423,Plumbing,Sanitaryware,Floor Mounted Toilet,Cera,Black Matte,piece,Rs.3150 - Rs.5850,"Cera Floor Mounted Toilet, Black Matte finish, ceramic/vitreous china sanitaryware for bathrooms and kitchens.",https://placehold.co/400x300/4A90D9/FFFFFF?text=Cera+Floor+Mounted+Toilet
MAT01424,Plumbing,Sanitaryware,Floor Mounted Toilet,Hindware,Black Matte,piece,Rs.3150 - Rs.5850,"Hindware Floor Mounted Toilet, Black Matte finish, ceramic/vitreous china sanitaryware for bathrooms and kitchens.",https://placehold.co/400x300/4A90D9/FFFFFF?text=Hindware+Floor+Mounted+Toilet
MAT01425,Plumbing,Sanitaryware,Floor Mounted Toilet,Parryware,Black Matte,piece,Rs.3150 - Rs.5850,"Parryware Floor Mounted Toilet, Black Matte finish, ceramic/vitreous china sanitaryware for bathrooms and kitchens.",https://placehold.co/400x300/4A90D9/FFFFFF?text=Parryware+Floor+Mounted+Toilet
MAT01426,Plumbing,Sanitaryware,Floor Mounted Toilet,Jaquar,Black Matte,piece,Rs.3150 - Rs.5850,"Jaquar Floor Mounted Toilet, Black Matte finish, ceramic/vitreous china sanitaryware for bathrooms and kitchens.",https://placehold.co/400x300/4A90D9/FFFFFF?text=Jaquar+Floor+Mounted+Toilet
MAT01427,Plumbing,Sanitaryware,Floor Mounted Toilet,Kohler,Black Matte,piece,Rs.3150 - Rs.5850,"Kohler Floor Mounted Toilet, Black Matte finish, ceramic/vitreous china sanitaryware for bathrooms and kitchens.",https://placehold.co/400x300/4A90D9/FFFFFF?text=Kohler+Floor+Mounted+Toilet
MAT01428,Plumbing,Sanitaryware,Floor Mounted Toilet,Roca,Black Matte,piece,Rs.3150 - Rs.5850,"Roca Floor Mounted Toilet, Black Matte finish, ceramic/vitreous china sanitaryware for bathrooms and kitchens.",https://placehold.co/400x300/4A90D9/FFFFFF?text=Roca+Floor+Mounted+Toilet
MAT01429,Plumbing,Sanitaryware,Floor Mounted Toilet,Johnson Bathrooms,Black Matte,piece,Rs.3150 - Rs.5850,"Johnson Bathrooms Floor Mounted Toilet, Black Matte finish, ceramic/vitreous china sanitaryware for bathrooms and kitchens.",https://placehold.co/400x300/4A90D9/FFFFFF?text=Johnson+Bathrooms+Floor+Mounted+Toilet
MAT01430,Plumbing,Sanitaryware,Floor Mounted Toilet,Somany,Black Matte,piece,Rs.3150 - Rs.5850,"Somany Floor Mounted Toilet, Black Matte finish, ceramic/vitreous china sanitaryware for bathrooms and kitchens.",https://placehold.co/400x300/4A90D9/FFFFFF?text=Somany+Floor+Mounted+Toilet
MAT01431,Plumbing,Sanitaryware,One Piece Toilet,Cera,White,piece,Rs.3150 - Rs.5850,"Cera One Piece Toilet, White finish, ceramic/vitreous china sanitaryware for bathrooms and kitchens.",https://placehold.co/400x300/4A90D9/FFFFFF?text=Cera+One+Piece+Toilet
MAT01432,Plumbing,Sanitaryware,One Piece Toilet,Hindware,White,piece,Rs.3150 - Rs.5850,"Hindware One Piece Toilet, White finish, ceramic/vitreous china sanitaryware for bathrooms and kitchens.",https://placehold.co/400x300/4A90D9/FFFFFF?text=Hindware+One+Piece+Toilet
MAT01433,Plumbing,Sanitaryware,One Piece Toilet,Parryware,White,piece,Rs.3150 - Rs.5850,"Parryware One Piece Toilet, White finish, ceramic/vitreous china sanitaryware for bathrooms and kitchens.",https://placehold.co/400x300/4A90D9/FFFFFF?text=Parryware+One+Piece+Toilet
MAT01434,Plumbing,Sanitaryware,One Piece Toilet,Jaquar,White,piece,Rs.3150 - Rs.5850,"Jaquar One Piece Toilet, White finish, ceramic/vitreous china sanitaryware for bathrooms and kitchens.",https://placehold.co/400x300/4A90D9/FFFFFF?text=Jaquar+One+Piece+Toilet
MAT01435,Plumbing,Sanitaryware,One Piece Toilet,Kohler,White,piece,Rs.3150 - Rs.5850,"Kohler One Piece Toilet, White finish, ceramic/vitreous china sanitaryware for bathrooms and kitchens.",https://placehold.co/400x300/4A90D9/FFFFFF?text=Kohler+One+Piece+Toilet
MAT01436,Plumbing,Sanitaryware,One Piece Toilet,Roca,White,piece,Rs.3150 - Rs.5850,"Roca One Piece Toilet, White finish, ceramic/vitreous china sanitaryware for bathrooms and kitchens.",https://placehold.co/400x300/4A90D9/FFFFFF?text=Roca+One+Piece+Toilet
MAT01437,Plumbing,Sanitaryware,One Piece Toilet,Johnson Bathrooms,White,piece,Rs.3150 - Rs.5850,"Johnson Bathrooms One Piece Toilet, White finish, ceramic/vitreous china sanitaryware for bathrooms and kitchens.",https://placehold.co/400x300/4A90D9/FFFFFF?text=Johnson+Bathrooms+One+Piece+Toilet
MAT01438,Plumbing,Sanitaryware,One Piece Toilet,Somany,White,piece,Rs.3150 - Rs.5850,"Somany One Piece Toilet, White finish, ceramic/vitreous china sanitaryware for bathrooms and kitchens.",https://placehold.co/400x300/4A90D9/FFFFFF?text=Somany+One+Piece+Toilet
MAT01439,Plumbing,Sanitaryware,One Piece Toilet,Cera,Ivory,piece,Rs.3150 - Rs.5850,"Cera One Piece Toilet, Ivory finish, ceramic/vitreous china sanitaryware for bathrooms and kitchens.",https://placehold.co/400x300/4A90D9/FFFFFF?text=Cera+One+Piece+Toilet
MAT01440,Plumbing,Sanitaryware,One Piece Toilet,Hindware,Ivory,piece,Rs.3150 - Rs.5850,"Hindware One Piece Toilet, Ivory finish, ceramic/vitreous china sanitaryware for bathrooms and kitchens.",https://placehold.co/400x300/4A90D9/FFFFFF?text=Hindware+One+Piece+Toilet
MAT01441,Plumbing,"Taps, Faucets & Fittings",Pillar Cock,Jaquar,Chrome Finish,piece,Rs.1120 - Rs.2080,"Jaquar Pillar Cock, Chrome Finish, brass/stainless steel construction for water outlets.",https://placehold.co/400x300/4A90D9/FFFFFF?text=Jaquar+Pillar+Cock
MAT01442,Plumbing,"Taps, Faucets & Fittings",Pillar Cock,Cera,Chrome Finish,piece,Rs.1120 - Rs.2080,"Cera Pillar Cock, Chrome Finish, brass/stainless steel construction for water outlets.",https://placehold.co/400x300/4A90D9/FFFFFF?text=Cera+Pillar+Cock
MAT01443,Plumbing,"Taps, Faucets & Fittings",Pillar Cock,Hindware,Chrome Finish,piece,Rs.1120 - Rs.2080,"Hindware Pillar Cock, Chrome Finish, brass/stainless steel construction for water outlets.",https://placehold.co/400x300/4A90D9/FFFFFF?text=Hindware+Pillar+Cock
MAT01444,Plumbing,"Taps, Faucets & Fittings",Pillar Cock,Kohler,Chrome Finish,piece,Rs.1120 - Rs.2080,"Kohler Pillar Cock, Chrome Finish, brass/stainless steel construction for water outlets.",https://placehold.co/400x300/4A90D9/FFFFFF?text=Kohler+Pillar+Cock
MAT01445,Plumbing,"Taps, Faucets & Fittings",Pillar Cock,Grohe,Chrome Finish,piece,Rs.1120 - Rs.2080,"Grohe Pillar Cock, Chrome Finish, brass/stainless steel construction for water outlets.",https://placehold.co/400x300/4A90D9/FFFFFF?text=Grohe+Pillar+Cock
MAT01446,Plumbing,"Taps, Faucets & Fittings",Pillar Cock,Roca,Chrome Finish,piece,Rs.1120 - Rs.2080,"Roca Pillar Cock, Chrome Finish, brass/stainless steel construction for water outlets.",https://placehold.co/400x300/4A90D9/FFFFFF?text=Roca+Pillar+Cock
MAT01447,Plumbing,"Taps, Faucets & Fittings",Pillar Cock,Parryware,Chrome Finish,piece,Rs.1120 - Rs.2080,"Parryware Pillar Cock, Chrome Finish, brass/stainless steel construction for water outlets.",https://placehold.co/400x300/4A90D9/FFFFFF?text=Parryware+Pillar+Cock
MAT01448,Plumbing,"Taps, Faucets & Fittings",Pillar Cock,Marc Faucets,Chrome Finish,piece,Rs.1120 - Rs.2080,"Marc Faucets Pillar Cock, Chrome Finish, brass/stainless steel construction for water outlets.",https://placehold.co/400x300/4A90D9/FFFFFF?text=Marc+Faucets+Pillar+Cock
MAT01449,Plumbing,"Taps, Faucets & Fittings",Pillar Cock,Jaquar,Matte Black Finish,piece,Rs.1120 - Rs.2080,"Jaquar Pillar Cock, Matte Black Finish, brass/stainless steel construction for water outlets.",https://placehold.co/400x300/4A90D9/FFFFFF?text=Jaquar+Pillar+Cock
MAT01450,Plumbing,"Taps, Faucets & Fittings",Pillar Cock,Cera,Matte Black Finish,piece,Rs.1120 - Rs.2080,"Cera Pillar Cock, Matte Black Finish, brass/stainless steel construction for water outlets.",https://placehold.co/400x300/4A90D9/FFFFFF?text=Cera+Pillar+Cock
MAT01451,Plumbing,"Taps, Faucets & Fittings",Pillar Cock,Hindware,Matte Black Finish,piece,Rs.1120 - Rs.2080,"Hindware Pillar Cock, Matte Black Finish, brass/stainless steel construction for water outlets.",https://placehold.co/400x300/4A90D9/FFFFFF?text=Hindware+Pillar+Cock
MAT01452,Plumbing,"Taps, Faucets & Fittings",Pillar Cock,Kohler,Matte Black Finish,piece,Rs.1120 - Rs.2080,"Kohler Pillar Cock, Matte Black Finish, brass/stainless steel construction for water outlets.",https://placehold.co/400x300/4A90D9/FFFFFF?text=Kohler+Pillar+Cock
MAT01453,Plumbing,"Taps, Faucets & Fittings",Pillar Cock,Grohe,Matte Black Finish,piece,Rs.1120 - Rs.2080,"Grohe Pillar Cock, Matte Black Finish, brass/stainless steel construction for water outlets.",https://placehold.co/400x300/4A90D9/FFFFFF?text=Grohe+Pillar+Cock
MAT01454,Plumbing,"Taps, Faucets & Fittings",Pillar Cock,Roca,Matte Black Finish,piece,Rs.1120 - Rs.2080,"Roca Pillar Cock, Matte Black Finish, brass/stainless steel construction for water outlets.",https://placehold.co/400x300/4A90D9/FFFFFF?text=Roca+Pillar+Cock
MAT01455,Plumbing,"Taps, Faucets & Fittings",Pillar Cock,Parryware,Matte Black Finish,piece,Rs.1120 - Rs.2080,"Parryware Pillar Cock, Matte Black Finish, brass/stainless steel construction for water outlets.",https://placehold.co/400x300/4A90D9/FFFFFF?text=Parryware+Pillar+Cock
MAT01456,Plumbing,"Taps, Faucets & Fittings",Pillar Cock,Marc Faucets,Matte Black Finish,piece,Rs.1120 - Rs.2080,"Marc Faucets Pillar Cock, Matte Black Finish, brass/stainless steel construction for water outlets.",https://placehold.co/400x300/4A90D9/FFFFFF?text=Marc+Faucets+Pillar+Cock
MAT01457,Plumbing,"Taps, Faucets & Fittings",Pillar Cock,Jaquar,Rose Gold Finish,piece,Rs.1120 - Rs.2080,"Jaquar Pillar Cock, Rose Gold Finish, brass/stainless steel construction for water outlets.",https://placehold.co/400x300/4A90D9/FFFFFF?text=Jaquar+Pillar+Cock
MAT01458,Plumbing,"Taps, Faucets & Fittings",Pillar Cock,Cera,Rose Gold Finish,piece,Rs.1120 - Rs.2080,"Cera Pillar Cock, Rose Gold Finish, brass/stainless steel construction for water outlets.",https://placehold.co/400x300/4A90D9/FFFFFF?text=Cera+Pillar+Cock
MAT01459,Plumbing,"Taps, Faucets & Fittings",Pillar Cock,Hindware,Rose Gold Finish,piece,Rs.1120 - Rs.2080,"Hindware Pillar Cock, Rose Gold Finish, brass/stainless steel construction for water outlets.",https://placehold.co/400x300/4A90D9/FFFFFF?text=Hindware+Pillar+Cock
MAT01460,Plumbing,"Taps, Faucets & Fittings",Pillar Cock,Kohler,Rose Gold Finish,piece,Rs.1120 - Rs.2080,"Kohler Pillar Cock, Rose Gold Finish, brass/stainless steel construction for water outlets.",https://placehold.co/400x300/4A90D9/FFFFFF?text=Kohler+Pillar+Cock
MAT01461,Plumbing,"Taps, Faucets & Fittings",Pillar Cock,Grohe,Rose Gold Finish,piece,Rs.1120 - Rs.2080,"Grohe Pillar Cock, Rose Gold Finish, brass/stainless steel construction for water outlets.",https://placehold.co/400x300/4A90D9/FFFFFF?text=Grohe+Pillar+Cock
MAT01462,Plumbing,"Taps, Faucets & Fittings",Pillar Cock,Roca,Rose Gold Finish,piece,Rs.1120 - Rs.2080,"Roca Pillar Cock, Rose Gold Finish, brass/stainless steel construction for water outlets.",https://placehold.co/400x300/4A90D9/FFFFFF?text=Roca+Pillar+Cock
MAT01463,Plumbing,"Taps, Faucets & Fittings",Pillar Cock,Parryware,Rose Gold Finish,piece,Rs.1120 - Rs.2080,"Parryware Pillar Cock, Rose Gold Finish, brass/stainless steel construction for water outlets.",https://placehold.co/400x300/4A90D9/FFFFFF?text=Parryware+Pillar+Cock
MAT01464,Plumbing,"Taps, Faucets & Fittings",Pillar Cock,Marc Faucets,Rose Gold Finish,piece,Rs.1120 - Rs.2080,"Marc Faucets Pillar Cock, Rose Gold Finish, brass/stainless steel construction for water outlets.",https://placehold.co/400x300/4A90D9/FFFFFF?text=Marc+Faucets+Pillar+Cock
MAT01465,Plumbing,"Taps, Faucets & Fittings",Pillar Cock,Jaquar,Antique Bronze Finish,piece,Rs.1120 - Rs.2080,"Jaquar Pillar Cock, Antique Bronze Finish, brass/stainless steel construction for water outlets.",https://placehold.co/400x300/4A90D9/FFFFFF?text=Jaquar+Pillar+Cock
MAT01466,Plumbing,"Taps, Faucets & Fittings",Pillar Cock,Cera,Antique Bronze Finish,piece,Rs.1120 - Rs.2080,"Cera Pillar Cock, Antique Bronze Finish, brass/stainless steel construction for water outlets.",https://placehold.co/400x300/4A90D9/FFFFFF?text=Cera+Pillar+Cock
MAT01467,Plumbing,"Taps, Faucets & Fittings",Pillar Cock,Hindware,Antique Bronze Finish,piece,Rs.1120 - Rs.2080,"Hindware Pillar Cock, Antique Bronze Finish, brass/stainless steel construction for water outlets.",https://placehold.co/400x300/4A90D9/FFFFFF?text=Hindware+Pillar+Cock
MAT01468,Plumbing,"Taps, Faucets & Fittings",Pillar Cock,Kohler,Antique Bronze Finish,piece,Rs.1120 - Rs.2080,"Kohler Pillar Cock, Antique Bronze Finish, brass/stainless steel construction for water outlets.",https://placehold.co/400x300/4A90D9/FFFFFF?text=Kohler+Pillar+Cock
MAT01469,Plumbing,"Taps, Faucets & Fittings",Pillar Cock,Grohe,Antique Bronze Finish,piece,Rs.1120 - Rs.2080,"Grohe Pillar Cock, Antique Bronze Finish, brass/stainless steel construction for water outlets.",https://placehold.co/400x300/4A90D9/FFFFFF?text=Grohe+Pillar+Cock
MAT01470,Plumbing,"Taps, Faucets & Fittings",Pillar Cock,Roca,Antique Bronze Finish,piece,Rs.1120 - Rs.2080,"Roca Pillar Cock, Antique Bronze Finish, brass/stainless steel construction for water outlets.",https://placehold.co/400x300/4A90D9/FFFFFF?text=Roca+Pillar+Cock
MAT01471,Plumbing,"Taps, Faucets & Fittings",Pillar Cock,Parryware,Antique Bronze Finish,piece,Rs.1120 - Rs.2080,"Parryware Pillar Cock, Antique Bronze Finish, brass/stainless steel construction for water outlets.",https://placehold.co/400x300/4A90D9/FFFFFF?text=Parryware+Pillar+Cock
MAT01472,Plumbing,"Taps, Faucets & Fittings",Pillar Cock,Marc Faucets,Antique Bronze Finish,piece,Rs.1120 - Rs.2080,"Marc Faucets Pillar Cock, Antique Bronze Finish, brass/stainless steel construction for water outlets.",https://placehold.co/400x300/4A90D9/FFFFFF?text=Marc+Faucets+Pillar+Cock
MAT01473,Plumbing,"Taps, Faucets & Fittings",Pillar Cock,Jaquar,Brushed Nickel Finish,piece,Rs.1120 - Rs.2080,"Jaquar Pillar Cock, Brushed Nickel Finish, brass/stainless steel construction for water outlets.",https://placehold.co/400x300/4A90D9/FFFFFF?text=Jaquar+Pillar+Cock
MAT01474,Plumbing,"Taps, Faucets & Fittings",Pillar Cock,Cera,Brushed Nickel Finish,piece,Rs.1120 - Rs.2080,"Cera Pillar Cock, Brushed Nickel Finish, brass/stainless steel construction for water outlets.",https://placehold.co/400x300/4A90D9/FFFFFF?text=Cera+Pillar+Cock
MAT01475,Plumbing,"Taps, Faucets & Fittings",Pillar Cock,Hindware,Brushed Nickel Finish,piece,Rs.1120 - Rs.2080,"Hindware Pillar Cock, Brushed Nickel Finish, brass/stainless steel construction for water outlets.",https://placehold.co/400x300/4A90D9/FFFFFF?text=Hindware+Pillar+Cock
MAT01476,Plumbing,"Taps, Faucets & Fittings",Pillar Cock,Kohler,Brushed Nickel Finish,piece,Rs.1120 - Rs.2080,"Kohler Pillar Cock, Brushed Nickel Finish, brass/stainless steel construction for water outlets.",https://placehold.co/400x300/4A90D9/FFFFFF?text=Kohler+Pillar+Cock
MAT01477,Plumbing,"Taps, Faucets & Fittings",Pillar Cock,Grohe,Brushed Nickel Finish,piece,Rs.1120 - Rs.2080,"Grohe Pillar Cock, Brushed Nickel Finish, brass/stainless steel construction for water outlets.",https://placehold.co/400x300/4A90D9/FFFFFF?text=Grohe+Pillar+Cock
MAT01478,Plumbing,"Taps, Faucets & Fittings",Pillar Cock,Roca,Brushed Nickel Finish,piece,Rs.1120 - Rs.2080,"Roca Pillar Cock, Brushed Nickel Finish, brass/stainless steel construction for water outlets.",https://placehold.co/400x300/4A90D9/FFFFFF?text=Roca+Pillar+Cock
MAT01479,Plumbing,"Taps, Faucets & Fittings",Pillar Cock,Parryware,Brushed Nickel Finish,piece,Rs.1120 - Rs.2080,"Parryware Pillar Cock, Brushed Nickel Finish, brass/stainless steel construction for water outlets.",https://placehold.co/400x300/4A90D9/FFFFFF?text=Parryware+Pillar+Cock
MAT01480,Plumbing,"Taps, Faucets & Fittings",Pillar Cock,Marc Faucets,Brushed Nickel Finish,piece,Rs.1120 - Rs.2080,"Marc Faucets Pillar Cock, Brushed Nickel Finish, brass/stainless steel construction for water outlets.",https://placehold.co/400x300/4A90D9/FFFFFF?text=Marc+Faucets+Pillar+Cock
MAT01481,Plumbing,"Taps, Faucets & Fittings",Bib Cock,Jaquar,Chrome Finish,piece,Rs.1120 - Rs.2080,"Jaquar Bib Cock, Chrome Finish, brass/stainless steel construction for water outlets.",https://placehold.co/400x300/4A90D9/FFFFFF?text=Jaquar+Bib+Cock
MAT01482,Plumbing,"Taps, Faucets & Fittings",Bib Cock,Cera,Chrome Finish,piece,Rs.1120 - Rs.2080,"Cera Bib Cock, Chrome Finish, brass/stainless steel construction for water outlets.",https://placehold.co/400x300/4A90D9/FFFFFF?text=Cera+Bib+Cock
MAT01483,Plumbing,"Taps, Faucets & Fittings",Bib Cock,Hindware,Chrome Finish,piece,Rs.1120 - Rs.2080,"Hindware Bib Cock, Chrome Finish, brass/stainless steel construction for water outlets.",https://placehold.co/400x300/4A90D9/FFFFFF?text=Hindware+Bib+Cock
MAT01484,Plumbing,"Taps, Faucets & Fittings",Bib Cock,Kohler,Chrome Finish,piece,Rs.1120 - Rs.2080,"Kohler Bib Cock, Chrome Finish, brass/stainless steel construction for water outlets.",https://placehold.co/400x300/4A90D9/FFFFFF?text=Kohler+Bib+Cock
MAT01485,Plumbing,"Taps, Faucets & Fittings",Bib Cock,Grohe,Chrome Finish,piece,Rs.1120 - Rs.2080,"Grohe Bib Cock, Chrome Finish, brass/stainless steel construction for water outlets.",https://placehold.co/400x300/4A90D9/FFFFFF?text=Grohe+Bib+Cock
MAT01486,Plumbing,"Taps, Faucets & Fittings",Bib Cock,Roca,Chrome Finish,piece,Rs.1120 - Rs.2080,"Roca Bib Cock, Chrome Finish, brass/stainless steel construction for water outlets.",https://placehold.co/400x300/4A90D9/FFFFFF?text=Roca+Bib+Cock
MAT01487,Plumbing,"Taps, Faucets & Fittings",Bib Cock,Parryware,Chrome Finish,piece,Rs.1120 - Rs.2080,"Parryware Bib Cock, Chrome Finish, brass/stainless steel construction for water outlets.",https://placehold.co/400x300/4A90D9/FFFFFF?text=Parryware+Bib+Cock
MAT01488,Plumbing,"Taps, Faucets & Fittings",Bib Cock,Marc Faucets,Chrome Finish,piece,Rs.1120 - Rs.2080,"Marc Faucets Bib Cock, Chrome Finish, brass/stainless steel construction for water outlets.",https://placehold.co/400x300/4A90D9/FFFFFF?text=Marc+Faucets+Bib+Cock
MAT01489,Plumbing,"Taps, Faucets & Fittings",Bib Cock,Jaquar,Matte Black Finish,piece,Rs.1120 - Rs.2080,"Jaquar Bib Cock, Matte Black Finish, brass/stainless steel construction for water outlets.",https://placehold.co/400x300/4A90D9/FFFFFF?text=Jaquar+Bib+Cock
MAT01490,Plumbing,"Taps, Faucets & Fittings",Bib Cock,Cera,Matte Black Finish,piece,Rs.1120 - Rs.2080,"Cera Bib Cock, Matte Black Finish, brass/stainless steel construction for water outlets.",https://placehold.co/400x300/4A90D9/FFFFFF?text=Cera+Bib+Cock
MAT01491,Plumbing,"Taps, Faucets & Fittings",Bib Cock,Hindware,Matte Black Finish,piece,Rs.1120 - Rs.2080,"Hindware Bib Cock, Matte Black Finish, brass/stainless steel construction for water outlets.",https://placehold.co/400x300/4A90D9/FFFFFF?text=Hindware+Bib+Cock
MAT01492,Plumbing,"Taps, Faucets & Fittings",Bib Cock,Kohler,Matte Black Finish,piece,Rs.1120 - Rs.2080,"Kohler Bib Cock, Matte Black Finish, brass/stainless steel construction for water outlets.",https://placehold.co/400x300/4A90D9/FFFFFF?text=Kohler+Bib+Cock
MAT01493,Plumbing,"Taps, Faucets & Fittings",Bib Cock,Grohe,Matte Black Finish,piece,Rs.1120 - Rs.2080,"Grohe Bib Cock, Matte Black Finish, brass/stainless steel construction for water outlets.",https://placehold.co/400x300/4A90D9/FFFFFF?text=Grohe+Bib+Cock
MAT01494,Plumbing,"Taps, Faucets & Fittings",Bib Cock,Roca,Matte Black Finish,piece,Rs.1120 - Rs.2080,"Roca Bib Cock, Matte Black Finish, brass/stainless steel construction for water outlets.",https://placehold.co/400x300/4A90D9/FFFFFF?text=Roca+Bib+Cock
MAT01495,Plumbing,"Taps, Faucets & Fittings",Bib Cock,Parryware,Matte Black Finish,piece,Rs.1120 - Rs.2080,"Parryware Bib Cock, Matte Black Finish, brass/stainless steel construction for water outlets.",https://placehold.co/400x300/4A90D9/FFFFFF?text=Parryware+Bib+Cock
MAT01496,Plumbing,"Taps, Faucets & Fittings",Bib Cock,Marc Faucets,Matte Black Finish,piece,Rs.1120 - Rs.2080,"Marc Faucets Bib Cock, Matte Black Finish, brass/stainless steel construction for water outlets.",https://placehold.co/400x300/4A90D9/FFFFFF?text=Marc+Faucets+Bib+Cock
MAT01497,Plumbing,"Taps, Faucets & Fittings",Bib Cock,Jaquar,Rose Gold Finish,piece,Rs.1120 - Rs.2080,"Jaquar Bib Cock, Rose Gold Finish, brass/stainless steel construction for water outlets.",https://placehold.co/400x300/4A90D9/FFFFFF?text=Jaquar+Bib+Cock
MAT01498,Plumbing,"Taps, Faucets & Fittings",Bib Cock,Cera,Rose Gold Finish,piece,Rs.1120 - Rs.2080,"Cera Bib Cock, Rose Gold Finish, brass/stainless steel construction for water outlets.",https://placehold.co/400x300/4A90D9/FFFFFF?text=Cera+Bib+Cock
MAT01499,Plumbing,"Taps, Faucets & Fittings",Bib Cock,Hindware,Rose Gold Finish,piece,Rs.1120 - Rs.2080,"Hindware Bib Cock, Rose Gold Finish, brass/stainless steel construction for water outlets.",https://placehold.co/400x300/4A90D9/FFFFFF?text=Hindware+Bib+Cock
MAT01500,Plumbing,"Taps, Faucets & Fittings",Bib Cock,Kohler,Rose Gold Finish,piece,Rs.1120 - Rs.2080,"Kohler Bib Cock, Rose Gold Finish, brass/stainless steel construction for water outlets.",https://placehold.co/400x300/4A90D9/FFFFFF?text=Kohler+Bib+Cock
MAT01501,Plumbing,"Taps, Faucets & Fittings",Bib Cock,Grohe,Rose Gold Finish,piece,Rs.1120 - Rs.2080,"Grohe Bib Cock, Rose Gold Finish, brass/stainless steel construction for water outlets.",https://placehold.co/400x300/4A90D9/FFFFFF?text=Grohe+Bib+Cock
MAT01502,Plumbing,"Taps, Faucets & Fittings",Bib Cock,Roca,Rose Gold Finish,piece,Rs.1120 - Rs.2080,"Roca Bib Cock, Rose Gold Finish, brass/stainless steel construction for water outlets.",https://placehold.co/400x300/4A90D9/FFFFFF?text=Roca+Bib+Cock
MAT01503,Plumbing,"Taps, Faucets & Fittings",Bib Cock,Parryware,Rose Gold Finish,piece,Rs.1120 - Rs.2080,"Parryware Bib Cock, Rose Gold Finish, brass/stainless steel construction for water outlets.",https://placehold.co/400x300/4A90D9/FFFFFF?text=Parryware+Bib+Cock
MAT01504,Plumbing,"Taps, Faucets & Fittings",Bib Cock,Marc Faucets,Rose Gold Finish,piece,Rs.1120 - Rs.2080,"Marc Faucets Bib Cock, Rose Gold Finish, brass/stainless steel construction for water outlets.",https://placehold.co/400x300/4A90D9/FFFFFF?text=Marc+Faucets+Bib+Cock
MAT01505,Plumbing,"Taps, Faucets & Fittings",Bib Cock,Jaquar,Antique Bronze Finish,piece,Rs.1120 - Rs.2080,"Jaquar Bib Cock, Antique Bronze Finish, brass/stainless steel construction for water outlets.",https://placehold.co/400x300/4A90D9/FFFFFF?text=Jaquar+Bib+Cock
MAT01506,Plumbing,"Taps, Faucets & Fittings",Bib Cock,Cera,Antique Bronze Finish,piece,Rs.1120 - Rs.2080,"Cera Bib Cock, Antique Bronze Finish, brass/stainless steel construction for water outlets.",https://placehold.co/400x300/4A90D9/FFFFFF?text=Cera+Bib+Cock
MAT01507,Plumbing,"Taps, Faucets & Fittings",Bib Cock,Hindware,Antique Bronze Finish,piece,Rs.1120 - Rs.2080,"Hindware Bib Cock, Antique Bronze Finish, brass/stainless steel construction for water outlets.",https://placehold.co/400x300/4A90D9/FFFFFF?text=Hindware+Bib+Cock
MAT01508,Plumbing,"Taps, Faucets & Fittings",Bib Cock,Kohler,Antique Bronze Finish,piece,Rs.1120 - Rs.2080,"Kohler Bib Cock, Antique Bronze Finish, brass/stainless steel construction for water outlets.",https://placehold.co/400x300/4A90D9/FFFFFF?text=Kohler+Bib+Cock
MAT01509,Plumbing,"Taps, Faucets & Fittings",Bib Cock,Grohe,Antique Bronze Finish,piece,Rs.1120 - Rs.2080,"Grohe Bib Cock, Antique Bronze Finish, brass/stainless steel construction for water outlets.",https://placehold.co/400x300/4A90D9/FFFFFF?text=Grohe+Bib+Cock
MAT01510,Plumbing,"Taps, Faucets & Fittings",Bib Cock,Roca,Antique Bronze Finish,piece,Rs.1120 - Rs.2080,"Roca Bib Cock, Antique Bronze Finish, brass/stainless steel construction for water outlets.",https://placehold.co/400x300/4A90D9/FFFFFF?text=Roca+Bib+Cock
MAT01511,Plumbing,"Taps, Faucets & Fittings",Bib Cock,Parryware,Antique Bronze Finish,piece,Rs.1120 - Rs.2080,"Parryware Bib Cock, Antique Bronze Finish, brass/stainless steel construction for water outlets.",https://placehold.co/400x300/4A90D9/FFFFFF?text=Parryware+Bib+Cock
MAT01512,Plumbing,"Taps, Faucets & Fittings",Bib Cock,Marc Faucets,Antique Bronze Finish,piece,Rs.1120 - Rs.2080,"Marc Faucets Bib Cock, Antique Bronze Finish, brass/stainless steel construction for water outlets.",https://placehold.co/400x300/4A90D9/FFFFFF?text=Marc+Faucets+Bib+Cock
MAT01513,Plumbing,"Taps, Faucets & Fittings",Bib Cock,Jaquar,Brushed Nickel Finish,piece,Rs.1120 - Rs.2080,"Jaquar Bib Cock, Brushed Nickel Finish, brass/stainless steel construction for water outlets.",https://placehold.co/400x300/4A90D9/FFFFFF?text=Jaquar+Bib+Cock
MAT01514,Plumbing,"Taps, Faucets & Fittings",Bib Cock,Cera,Brushed Nickel Finish,piece,Rs.1120 - Rs.2080,"Cera Bib Cock, Brushed Nickel Finish, brass/stainless steel construction for water outlets.",https://placehold.co/400x300/4A90D9/FFFFFF?text=Cera+Bib+Cock
MAT01515,Plumbing,"Taps, Faucets & Fittings",Bib Cock,Hindware,Brushed Nickel Finish,piece,Rs.1120 - Rs.2080,"Hindware Bib Cock, Brushed Nickel Finish, brass/stainless steel construction for water outlets.",https://placehold.co/400x300/4A90D9/FFFFFF?text=Hindware+Bib+Cock
MAT01516,Plumbing,"Taps, Faucets & Fittings",Bib Cock,Kohler,Brushed Nickel Finish,piece,Rs.1120 - Rs.2080,"Kohler Bib Cock, Brushed Nickel Finish, brass/stainless steel construction for water outlets.",https://placehold.co/400x300/4A90D9/FFFFFF?text=Kohler+Bib+Cock
MAT01517,Plumbing,"Taps, Faucets & Fittings",Bib Cock,Grohe,Brushed Nickel Finish,piece,Rs.1120 - Rs.2080,"Grohe Bib Cock, Brushed Nickel Finish, brass/stainless steel construction for water outlets.",https://placehold.co/400x300/4A90D9/FFFFFF?text=Grohe+Bib+Cock
MAT01518,Plumbing,"Taps, Faucets & Fittings",Bib Cock,Roca,Brushed Nickel Finish,piece,Rs.1120 - Rs.2080,"Roca Bib Cock, Brushed Nickel Finish, brass/stainless steel construction for water outlets.",https://placehold.co/400x300/4A90D9/FFFFFF?text=Roca+Bib+Cock
MAT01519,Plumbing,"Taps, Faucets & Fittings",Bib Cock,Parryware,Brushed Nickel Finish,piece,Rs.1120 - Rs.2080,"Parryware Bib Cock, Brushed Nickel Finish, brass/stainless steel construction for water outlets.",https://placehold.co/400x300/4A90D9/FFFFFF?text=Parryware+Bib+Cock
MAT01520,Plumbing,"Taps, Faucets & Fittings",Bib Cock,Marc Faucets,Brushed Nickel Finish,piece,Rs.1120 - Rs.2080,"Marc Faucets Bib Cock, Brushed Nickel Finish, brass/stainless steel construction for water outlets.",https://placehold.co/400x300/4A90D9/FFFFFF?text=Marc+Faucets+Bib+Cock
MAT01521,Plumbing,"Taps, Faucets & Fittings",Wall Mixer,Jaquar,Chrome Finish,piece,Rs.1120 - Rs.2080,"Jaquar Wall Mixer, Chrome Finish, brass/stainless steel construction for water outlets.",https://placehold.co/400x300/4A90D9/FFFFFF?text=Jaquar+Wall+Mixer
MAT01522,Plumbing,"Taps, Faucets & Fittings",Wall Mixer,Cera,Chrome Finish,piece,Rs.1120 - Rs.2080,"Cera Wall Mixer, Chrome Finish, brass/stainless steel construction for water outlets.",https://placehold.co/400x300/4A90D9/FFFFFF?text=Cera+Wall+Mixer
MAT01523,Plumbing,"Taps, Faucets & Fittings",Wall Mixer,Hindware,Chrome Finish,piece,Rs.1120 - Rs.2080,"Hindware Wall Mixer, Chrome Finish, brass/stainless steel construction for water outlets.",https://placehold.co/400x300/4A90D9/FFFFFF?text=Hindware+Wall+Mixer
MAT01524,Plumbing,"Taps, Faucets & Fittings",Wall Mixer,Kohler,Chrome Finish,piece,Rs.1120 - Rs.2080,"Kohler Wall Mixer, Chrome Finish, brass/stainless steel construction for water outlets.",https://placehold.co/400x300/4A90D9/FFFFFF?text=Kohler+Wall+Mixer
MAT01525,Plumbing,"Taps, Faucets & Fittings",Wall Mixer,Grohe,Chrome Finish,piece,Rs.1120 - Rs.2080,"Grohe Wall Mixer, Chrome Finish, brass/stainless steel construction for water outlets.",https://placehold.co/400x300/4A90D9/FFFFFF?text=Grohe+Wall+Mixer
MAT01526,Plumbing,"Taps, Faucets & Fittings",Wall Mixer,Roca,Chrome Finish,piece,Rs.1120 - Rs.2080,"Roca Wall Mixer, Chrome Finish, brass/stainless steel construction for water outlets.",https://placehold.co/400x300/4A90D9/FFFFFF?text=Roca+Wall+Mixer
MAT01527,Plumbing,"Taps, Faucets & Fittings",Wall Mixer,Parryware,Chrome Finish,piece,Rs.1120 - Rs.2080,"Parryware Wall Mixer, Chrome Finish, brass/stainless steel construction for water outlets.",https://placehold.co/400x300/4A90D9/FFFFFF?text=Parryware+Wall+Mixer
MAT01528,Plumbing,"Taps, Faucets & Fittings",Wall Mixer,Marc Faucets,Chrome Finish,piece,Rs.1120 - Rs.2080,"Marc Faucets Wall Mixer, Chrome Finish, brass/stainless steel construction for water outlets.",https://placehold.co/400x300/4A90D9/FFFFFF?text=Marc+Faucets+Wall+Mixer
MAT01529,Plumbing,"Taps, Faucets & Fittings",Wall Mixer,Jaquar,Matte Black Finish,piece,Rs.1120 - Rs.2080,"Jaquar Wall Mixer, Matte Black Finish, brass/stainless steel construction for water outlets.",https://placehold.co/400x300/4A90D9/FFFFFF?text=Jaquar+Wall+Mixer
MAT01530,Plumbing,"Taps, Faucets & Fittings",Wall Mixer,Cera,Matte Black Finish,piece,Rs.1120 - Rs.2080,"Cera Wall Mixer, Matte Black Finish, brass/stainless steel construction for water outlets.",https://placehold.co/400x300/4A90D9/FFFFFF?text=Cera+Wall+Mixer
MAT01531,Plumbing,Water Heaters & Tanks,Electric Storage Water Heater (10L),Racold,10L,piece,Rs.4550 - Rs.8450,"Racold Electric Storage Water Heater, capacity 10L, for domestic hot water supply and water storage.",https://placehold.co/400x300/4A90D9/FFFFFF?text=Racold+Electric+Storage+Water+Heater+%2810L%29
MAT01532,Plumbing,Water Heaters & Tanks,Electric Storage Water Heater (10L),Bajaj,10L,piece,Rs.4550 - Rs.8450,"Bajaj Electric Storage Water Heater, capacity 10L, for domestic hot water supply and water storage.",https://placehold.co/400x300/4A90D9/FFFFFF?text=Bajaj+Electric+Storage+Water+Heater+%2810L%29
MAT01533,Plumbing,Water Heaters & Tanks,Electric Storage Water Heater (10L),V-Guard,10L,piece,Rs.4550 - Rs.8450,"V-Guard Electric Storage Water Heater, capacity 10L, for domestic hot water supply and water storage.",https://placehold.co/400x300/4A90D9/FFFFFF?text=V-Guard+Electric+Storage+Water+Heater+%2810L%29
MAT01534,Plumbing,Water Heaters & Tanks,Electric Storage Water Heater (10L),AO Smith,10L,piece,Rs.4550 - Rs.8450,"AO Smith Electric Storage Water Heater, capacity 10L, for domestic hot water supply and water storage.",https://placehold.co/400x300/4A90D9/FFFFFF?text=AO+Smith+Electric+Storage+Water+Heater+%2810L%29
MAT01535,Plumbing,Water Heaters & Tanks,Electric Storage Water Heater (10L),Havells,10L,piece,Rs.4550 - Rs.8450,"Havells Electric Storage Water Heater, capacity 10L, for domestic hot water supply and water storage.",https://placehold.co/400x300/4A90D9/FFFFFF?text=Havells+Electric+Storage+Water+Heater+%2810L%29
MAT01536,Plumbing,Water Heaters & Tanks,Electric Storage Water Heater (10L),Crompton,10L,piece,Rs.4550 - Rs.8450,"Crompton Electric Storage Water Heater, capacity 10L, for domestic hot water supply and water storage.",https://placehold.co/400x300/4A90D9/FFFFFF?text=Crompton+Electric+Storage+Water+Heater+%2810L%29
MAT01537,Plumbing,Water Heaters & Tanks,Electric Storage Water Heater (10L),Sintex Tanks,10L,piece,Rs.4550 - Rs.8450,"Sintex Tanks Electric Storage Water Heater, capacity 10L, for domestic hot water supply and water storage.",https://placehold.co/400x300/4A90D9/FFFFFF?text=Sintex+Tanks+Electric+Storage+Water+Heater+%281
MAT01538,Plumbing,Water Heaters & Tanks,Electric Storage Water Heater (10L),Kirloskar Pumps,10L,piece,Rs.4550 - Rs.8450,"Kirloskar Pumps Electric Storage Water Heater, capacity 10L, for domestic hot water supply and water storage.",https://placehold.co/400x300/4A90D9/FFFFFF?text=Kirloskar+Pumps+Electric+Storage+Water+Heater
MAT01539,Plumbing,Water Heaters & Tanks,Electric Storage Water Heater (15L),Racold,15L,piece,Rs.4550 - Rs.8450,"Racold Electric Storage Water Heater, capacity 15L, for domestic hot water supply and water storage.",https://placehold.co/400x300/4A90D9/FFFFFF?text=Racold+Electric+Storage+Water+Heater+%2815L%29
MAT01540,Plumbing,Water Heaters & Tanks,Electric Storage Water Heater (15L),Bajaj,15L,piece,Rs.4550 - Rs.8450,"Bajaj Electric Storage Water Heater, capacity 15L, for domestic hot water supply and water storage.",https://placehold.co/400x300/4A90D9/FFFFFF?text=Bajaj+Electric+Storage+Water+Heater+%2815L%29
MAT01541,Plumbing,Water Heaters & Tanks,Electric Storage Water Heater (15L),V-Guard,15L,piece,Rs.4550 - Rs.8450,"V-Guard Electric Storage Water Heater, capacity 15L, for domestic hot water supply and water storage.",https://placehold.co/400x300/4A90D9/FFFFFF?text=V-Guard+Electric+Storage+Water+Heater+%2815L%29
MAT01542,Plumbing,Water Heaters & Tanks,Electric Storage Water Heater (15L),AO Smith,15L,piece,Rs.4550 - Rs.8450,"AO Smith Electric Storage Water Heater, capacity 15L, for domestic hot water supply and water storage.",https://placehold.co/400x300/4A90D9/FFFFFF?text=AO+Smith+Electric+Storage+Water+Heater+%2815L%29
MAT01543,Plumbing,Water Heaters & Tanks,Electric Storage Water Heater (15L),Havells,15L,piece,Rs.4550 - Rs.8450,"Havells Electric Storage Water Heater, capacity 15L, for domestic hot water supply and water storage.",https://placehold.co/400x300/4A90D9/FFFFFF?text=Havells+Electric+Storage+Water+Heater+%2815L%29
MAT01544,Plumbing,Water Heaters & Tanks,Electric Storage Water Heater (15L),Crompton,15L,piece,Rs.4550 - Rs.8450,"Crompton Electric Storage Water Heater, capacity 15L, for domestic hot water supply and water storage.",https://placehold.co/400x300/4A90D9/FFFFFF?text=Crompton+Electric+Storage+Water+Heater+%2815L%29
MAT01545,Plumbing,Water Heaters & Tanks,Electric Storage Water Heater (15L),Sintex Tanks,15L,piece,Rs.4550 - Rs.8450,"Sintex Tanks Electric Storage Water Heater, capacity 15L, for domestic hot water supply and water storage.",https://placehold.co/400x300/4A90D9/FFFFFF?text=Sintex+Tanks+Electric+Storage+Water+Heater+%281
MAT01546,Plumbing,Water Heaters & Tanks,Electric Storage Water Heater (15L),Kirloskar Pumps,15L,piece,Rs.4550 - Rs.8450,"Kirloskar Pumps Electric Storage Water Heater, capacity 15L, for domestic hot water supply and water storage.",https://placehold.co/400x300/4A90D9/FFFFFF?text=Kirloskar+Pumps+Electric+Storage+Water+Heater
MAT01547,Plumbing,Water Heaters & Tanks,Electric Storage Water Heater (25L),Racold,25L,piece,Rs.4550 - Rs.8450,"Racold Electric Storage Water Heater, capacity 25L, for domestic hot water supply and water storage.",https://placehold.co/400x300/4A90D9/FFFFFF?text=Racold+Electric+Storage+Water+Heater+%2825L%29
MAT01548,Plumbing,Water Heaters & Tanks,Electric Storage Water Heater (25L),Bajaj,25L,piece,Rs.4550 - Rs.8450,"Bajaj Electric Storage Water Heater, capacity 25L, for domestic hot water supply and water storage.",https://placehold.co/400x300/4A90D9/FFFFFF?text=Bajaj+Electric+Storage+Water+Heater+%2825L%29
MAT01549,Plumbing,Water Heaters & Tanks,Electric Storage Water Heater (25L),V-Guard,25L,piece,Rs.4550 - Rs.8450,"V-Guard Electric Storage Water Heater, capacity 25L, for domestic hot water supply and water storage.",https://placehold.co/400x300/4A90D9/FFFFFF?text=V-Guard+Electric+Storage+Water+Heater+%2825L%29
MAT01550,Plumbing,Water Heaters & Tanks,Electric Storage Water Heater (25L),AO Smith,25L,piece,Rs.4550 - Rs.8450,"AO Smith Electric Storage Water Heater, capacity 25L, for domestic hot water supply and water storage.",https://placehold.co/400x300/4A90D9/FFFFFF?text=AO+Smith+Electric+Storage+Water+Heater+%2825L%29
MAT01551,Plumbing,Water Heaters & Tanks,Electric Storage Water Heater (25L),Havells,25L,piece,Rs.4550 - Rs.8450,"Havells Electric Storage Water Heater, capacity 25L, for domestic hot water supply and water storage.",https://placehold.co/400x300/4A90D9/FFFFFF?text=Havells+Electric+Storage+Water+Heater+%2825L%29
MAT01552,Plumbing,Water Heaters & Tanks,Electric Storage Water Heater (25L),Crompton,25L,piece,Rs.4550 - Rs.8450,"Crompton Electric Storage Water Heater, capacity 25L, for domestic hot water supply and water storage.",https://placehold.co/400x300/4A90D9/FFFFFF?text=Crompton+Electric+Storage+Water+Heater+%2825L%29
MAT01553,Plumbing,Water Heaters & Tanks,Electric Storage Water Heater (25L),Sintex Tanks,25L,piece,Rs.4550 - Rs.8450,"Sintex Tanks Electric Storage Water Heater, capacity 25L, for domestic hot water supply and water storage.",https://placehold.co/400x300/4A90D9/FFFFFF?text=Sintex+Tanks+Electric+Storage+Water+Heater+%282
MAT01554,Plumbing,Water Heaters & Tanks,Electric Storage Water Heater (25L),Kirloskar Pumps,25L,piece,Rs.4550 - Rs.8450,"Kirloskar Pumps Electric Storage Water Heater, capacity 25L, for domestic hot water supply and water storage.",https://placehold.co/400x300/4A90D9/FFFFFF?text=Kirloskar+Pumps+Electric+Storage+Water+Heater
MAT01555,Plumbing,Water Heaters & Tanks,Electric Storage Water Heater (35L),Racold,35L,piece,Rs.4550 - Rs.8450,"Racold Electric Storage Water Heater, capacity 35L, for domestic hot water supply and water storage.",https://placehold.co/400x300/4A90D9/FFFFFF?text=Racold+Electric+Storage+Water+Heater+%2835L%29
MAT01556,Plumbing,Water Heaters & Tanks,Electric Storage Water Heater (35L),Bajaj,35L,piece,Rs.4550 - Rs.8450,"Bajaj Electric Storage Water Heater, capacity 35L, for domestic hot water supply and water storage.",https://placehold.co/400x300/4A90D9/FFFFFF?text=Bajaj+Electric+Storage+Water+Heater+%2835L%29
MAT01557,Plumbing,Water Heaters & Tanks,Electric Storage Water Heater (35L),V-Guard,35L,piece,Rs.4550 - Rs.8450,"V-Guard Electric Storage Water Heater, capacity 35L, for domestic hot water supply and water storage.",https://placehold.co/400x300/4A90D9/FFFFFF?text=V-Guard+Electric+Storage+Water+Heater+%2835L%29
MAT01558,Plumbing,Water Heaters & Tanks,Electric Storage Water Heater (35L),AO Smith,35L,piece,Rs.4550 - Rs.8450,"AO Smith Electric Storage Water Heater, capacity 35L, for domestic hot water supply and water storage.",https://placehold.co/400x300/4A90D9/FFFFFF?text=AO+Smith+Electric+Storage+Water+Heater+%2835L%29
MAT01559,Plumbing,Water Heaters & Tanks,Electric Storage Water Heater (35L),Havells,35L,piece,Rs.4550 - Rs.8450,"Havells Electric Storage Water Heater, capacity 35L, for domestic hot water supply and water storage.",https://placehold.co/400x300/4A90D9/FFFFFF?text=Havells+Electric+Storage+Water+Heater+%2835L%29
MAT01560,Plumbing,Water Heaters & Tanks,Electric Storage Water Heater (35L),Crompton,35L,piece,Rs.4550 - Rs.8450,"Crompton Electric Storage Water Heater, capacity 35L, for domestic hot water supply and water storage.",https://placehold.co/400x300/4A90D9/FFFFFF?text=Crompton+Electric+Storage+Water+Heater+%2835L%29
MAT01561,Plumbing,Water Heaters & Tanks,Electric Storage Water Heater (35L),Sintex Tanks,35L,piece,Rs.4550 - Rs.8450,"Sintex Tanks Electric Storage Water Heater, capacity 35L, for domestic hot water supply and water storage.",https://placehold.co/400x300/4A90D9/FFFFFF?text=Sintex+Tanks+Electric+Storage+Water+Heater+%283
MAT01562,Plumbing,Water Heaters & Tanks,Electric Storage Water Heater (35L),Kirloskar Pumps,35L,piece,Rs.4550 - Rs.8450,"Kirloskar Pumps Electric Storage Water Heater, capacity 35L, for domestic hot water supply and water storage.",https://placehold.co/400x300/4A90D9/FFFFFF?text=Kirloskar+Pumps+Electric+Storage+Water+Heater
MAT01563,Plumbing,Water Heaters & Tanks,Electric Storage Water Heater (100L),Racold,100L,piece,Rs.4550 - Rs.8450,"Racold Electric Storage Water Heater, capacity 100L, for domestic hot water supply and water storage.",https://placehold.co/400x300/4A90D9/FFFFFF?text=Racold+Electric+Storage+Water+Heater+%28100L%29
MAT01564,Plumbing,Water Heaters & Tanks,Electric Storage Water Heater (100L),Bajaj,100L,piece,Rs.4550 - Rs.8450,"Bajaj Electric Storage Water Heater, capacity 100L, for domestic hot water supply and water storage.",https://placehold.co/400x300/4A90D9/FFFFFF?text=Bajaj+Electric+Storage+Water+Heater+%28100L%29
MAT01565,Plumbing,Water Heaters & Tanks,Electric Storage Water Heater (100L),V-Guard,100L,piece,Rs.4550 - Rs.8450,"V-Guard Electric Storage Water Heater, capacity 100L, for domestic hot water supply and water storage.",https://placehold.co/400x300/4A90D9/FFFFFF?text=V-Guard+Electric+Storage+Water+Heater+%28100L%29
MAT01566,Plumbing,Water Heaters & Tanks,Electric Storage Water Heater (100L),AO Smith,100L,piece,Rs.4550 - Rs.8450,"AO Smith Electric Storage Water Heater, capacity 100L, for domestic hot water supply and water storage.",https://placehold.co/400x300/4A90D9/FFFFFF?text=AO+Smith+Electric+Storage+Water+Heater+%28100L%29
MAT01567,Plumbing,Water Heaters & Tanks,Electric Storage Water Heater (100L),Havells,100L,piece,Rs.4550 - Rs.8450,"Havells Electric Storage Water Heater, capacity 100L, for domestic hot water supply and water storage.",https://placehold.co/400x300/4A90D9/FFFFFF?text=Havells+Electric+Storage+Water+Heater+%28100L%29
MAT01568,Plumbing,Water Heaters & Tanks,Electric Storage Water Heater (100L),Crompton,100L,piece,Rs.4550 - Rs.8450,"Crompton Electric Storage Water Heater, capacity 100L, for domestic hot water supply and water storage.",https://placehold.co/400x300/4A90D9/FFFFFF?text=Crompton+Electric+Storage+Water+Heater+%28100L%29
MAT01569,Plumbing,Water Heaters & Tanks,Electric Storage Water Heater (100L),Sintex Tanks,100L,piece,Rs.4550 - Rs.8450,"Sintex Tanks Electric Storage Water Heater, capacity 100L, for domestic hot water supply and water storage.",https://placehold.co/400x300/4A90D9/FFFFFF?text=Sintex+Tanks+Electric+Storage+Water+Heater+%281
MAT01570,Plumbing,Water Heaters & Tanks,Electric Storage Water Heater (100L),Kirloskar Pumps,100L,piece,Rs.4550 - Rs.8450,"Kirloskar Pumps Electric Storage Water Heater, capacity 100L, for domestic hot water supply and water storage.",https://placehold.co/400x300/4A90D9/FFFFFF?text=Kirloskar+Pumps+Electric+Storage+Water+Heater
MAT01571,Plumbing,Water Heaters & Tanks,Electric Storage Water Heater (500L),Racold,500L,piece,Rs.4550 - Rs.8450,"Racold Electric Storage Water Heater, capacity 500L, for domestic hot water supply and water storage.",https://placehold.co/400x300/4A90D9/FFFFFF?text=Racold+Electric+Storage+Water+Heater+%28500L%29
MAT01572,Plumbing,Water Heaters & Tanks,Electric Storage Water Heater (500L),Bajaj,500L,piece,Rs.4550 - Rs.8450,"Bajaj Electric Storage Water Heater, capacity 500L, for domestic hot water supply and water storage.",https://placehold.co/400x300/4A90D9/FFFFFF?text=Bajaj+Electric+Storage+Water+Heater+%28500L%29
MAT01573,Plumbing,Water Heaters & Tanks,Electric Storage Water Heater (500L),V-Guard,500L,piece,Rs.4550 - Rs.8450,"V-Guard Electric Storage Water Heater, capacity 500L, for domestic hot water supply and water storage.",https://placehold.co/400x300/4A90D9/FFFFFF?text=V-Guard+Electric+Storage+Water+Heater+%28500L%29
MAT01574,Plumbing,Water Heaters & Tanks,Electric Storage Water Heater (500L),AO Smith,500L,piece,Rs.4550 - Rs.8450,"AO Smith Electric Storage Water Heater, capacity 500L, for domestic hot water supply and water storage.",https://placehold.co/400x300/4A90D9/FFFFFF?text=AO+Smith+Electric+Storage+Water+Heater+%28500L%29
MAT01575,Plumbing,Water Heaters & Tanks,Electric Storage Water Heater (500L),Havells,500L,piece,Rs.4550 - Rs.8450,"Havells Electric Storage Water Heater, capacity 500L, for domestic hot water supply and water storage.",https://placehold.co/400x300/4A90D9/FFFFFF?text=Havells+Electric+Storage+Water+Heater+%28500L%29
MAT01576,Plumbing,Water Heaters & Tanks,Electric Storage Water Heater (500L),Crompton,500L,piece,Rs.4550 - Rs.8450,"Crompton Electric Storage Water Heater, capacity 500L, for domestic hot water supply and water storage.",https://placehold.co/400x300/4A90D9/FFFFFF?text=Crompton+Electric+Storage+Water+Heater+%28500L%29
MAT01577,Plumbing,Water Heaters & Tanks,Electric Storage Water Heater (500L),Sintex Tanks,500L,piece,Rs.4550 - Rs.8450,"Sintex Tanks Electric Storage Water Heater, capacity 500L, for domestic hot water supply and water storage.",https://placehold.co/400x300/4A90D9/FFFFFF?text=Sintex+Tanks+Electric+Storage+Water+Heater+%285
MAT01578,Plumbing,Water Heaters & Tanks,Electric Storage Water Heater (500L),Kirloskar Pumps,500L,piece,Rs.4550 - Rs.8450,"Kirloskar Pumps Electric Storage Water Heater, capacity 500L, for domestic hot water supply and water storage.",https://placehold.co/400x300/4A90D9/FFFFFF?text=Kirloskar+Pumps+Electric+Storage+Water+Heater
MAT01579,Plumbing,Water Heaters & Tanks,Electric Storage Water Heater (1000L),Racold,1000L,piece,Rs.4550 - Rs.8450,"Racold Electric Storage Water Heater, capacity 1000L, for domestic hot water supply and water storage.",https://placehold.co/400x300/4A90D9/FFFFFF?text=Racold+Electric+Storage+Water+Heater+%281000L%29
MAT01580,Plumbing,Water Heaters & Tanks,Electric Storage Water Heater (1000L),Bajaj,1000L,piece,Rs.4550 - Rs.8450,"Bajaj Electric Storage Water Heater, capacity 1000L, for domestic hot water supply and water storage.",https://placehold.co/400x300/4A90D9/FFFFFF?text=Bajaj+Electric+Storage+Water+Heater+%281000L%29
MAT01581,Plumbing,Water Heaters & Tanks,Electric Storage Water Heater (1000L),V-Guard,1000L,piece,Rs.4550 - Rs.8450,"V-Guard Electric Storage Water Heater, capacity 1000L, for domestic hot water supply and water storage.",https://placehold.co/400x300/4A90D9/FFFFFF?text=V-Guard+Electric+Storage+Water+Heater+%281000L%29
MAT01582,Plumbing,Water Heaters & Tanks,Electric Storage Water Heater (1000L),AO Smith,1000L,piece,Rs.4550 - Rs.8450,"AO Smith Electric Storage Water Heater, capacity 1000L, for domestic hot water supply and water storage.",https://placehold.co/400x300/4A90D9/FFFFFF?text=AO+Smith+Electric+Storage+Water+Heater+%281000L
MAT01583,Plumbing,Water Heaters & Tanks,Electric Storage Water Heater (1000L),Havells,1000L,piece,Rs.4550 - Rs.8450,"Havells Electric Storage Water Heater, capacity 1000L, for domestic hot water supply and water storage.",https://placehold.co/400x300/4A90D9/FFFFFF?text=Havells+Electric+Storage+Water+Heater+%281000L%29
MAT01584,Plumbing,Water Heaters & Tanks,Electric Storage Water Heater (1000L),Crompton,1000L,piece,Rs.4550 - Rs.8450,"Crompton Electric Storage Water Heater, capacity 1000L, for domestic hot water supply and water storage.",https://placehold.co/400x300/4A90D9/FFFFFF?text=Crompton+Electric+Storage+Water+Heater+%281000L
MAT01585,Plumbing,Water Heaters & Tanks,Electric Storage Water Heater (1000L),Sintex Tanks,1000L,piece,Rs.4550 - Rs.8450,"Sintex Tanks Electric Storage Water Heater, capacity 1000L, for domestic hot water supply and water storage.",https://placehold.co/400x300/4A90D9/FFFFFF?text=Sintex+Tanks+Electric+Storage+Water+Heater+%281
MAT01586,Plumbing,Water Heaters & Tanks,Electric Storage Water Heater (1000L),Kirloskar Pumps,1000L,piece,Rs.4550 - Rs.8450,"Kirloskar Pumps Electric Storage Water Heater, capacity 1000L, for domestic hot water supply and water storage.",https://placehold.co/400x300/4A90D9/FFFFFF?text=Kirloskar+Pumps+Electric+Storage+Water+Heater
MAT01587,Plumbing,Water Heaters & Tanks,Electric Storage Water Heater (2000L),Racold,2000L,piece,Rs.4550 - Rs.8450,"Racold Electric Storage Water Heater, capacity 2000L, for domestic hot water supply and water storage.",https://placehold.co/400x300/4A90D9/FFFFFF?text=Racold+Electric+Storage+Water+Heater+%282000L%29
MAT01588,Plumbing,Water Heaters & Tanks,Electric Storage Water Heater (2000L),Bajaj,2000L,piece,Rs.4550 - Rs.8450,"Bajaj Electric Storage Water Heater, capacity 2000L, for domestic hot water supply and water storage.",https://placehold.co/400x300/4A90D9/FFFFFF?text=Bajaj+Electric+Storage+Water+Heater+%282000L%29
MAT01589,Plumbing,Water Heaters & Tanks,Electric Storage Water Heater (2000L),V-Guard,2000L,piece,Rs.4550 - Rs.8450,"V-Guard Electric Storage Water Heater, capacity 2000L, for domestic hot water supply and water storage.",https://placehold.co/400x300/4A90D9/FFFFFF?text=V-Guard+Electric+Storage+Water+Heater+%282000L%29
MAT01590,Plumbing,Water Heaters & Tanks,Electric Storage Water Heater (2000L),AO Smith,2000L,piece,Rs.4550 - Rs.8450,"AO Smith Electric Storage Water Heater, capacity 2000L, for domestic hot water supply and water storage.",https://placehold.co/400x300/4A90D9/FFFFFF?text=AO+Smith+Electric+Storage+Water+Heater+%282000L
MAT01591,Plumbing,Water Heaters & Tanks,Electric Storage Water Heater (2000L),Havells,2000L,piece,Rs.4550 - Rs.8450,"Havells Electric Storage Water Heater, capacity 2000L, for domestic hot water supply and water storage.",https://placehold.co/400x300/4A90D9/FFFFFF?text=Havells+Electric+Storage+Water+Heater+%282000L%29
MAT01592,Plumbing,Water Heaters & Tanks,Electric Storage Water Heater (2000L),Crompton,2000L,piece,Rs.4550 - Rs.8450,"Crompton Electric Storage Water Heater, capacity 2000L, for domestic hot water supply and water storage.",https://placehold.co/400x300/4A90D9/FFFFFF?text=Crompton+Electric+Storage+Water+Heater+%282000L
MAT01593,Plumbing,Water Heaters & Tanks,Electric Storage Water Heater (2000L),Sintex Tanks,2000L,piece,Rs.4550 - Rs.8450,"Sintex Tanks Electric Storage Water Heater, capacity 2000L, for domestic hot water supply and water storage.",https://placehold.co/400x300/4A90D9/FFFFFF?text=Sintex+Tanks+Electric+Storage+Water+Heater+%282
MAT01594,Plumbing,Water Heaters & Tanks,Electric Storage Water Heater (2000L),Kirloskar Pumps,2000L,piece,Rs.4550 - Rs.8450,"Kirloskar Pumps Electric Storage Water Heater, capacity 2000L, for domestic hot water supply and water storage.",https://placehold.co/400x300/4A90D9/FFFFFF?text=Kirloskar+Pumps+Electric+Storage+Water+Heater
MAT01595,Plumbing,Water Heaters & Tanks,Instant Water Heater (10L),Racold,10L,piece,Rs.4550 - Rs.8450,"Racold Instant Water Heater, capacity 10L, for domestic hot water supply and water storage.",https://placehold.co/400x300/4A90D9/FFFFFF?text=Racold+Instant+Water+Heater+%2810L%29
MAT01596,Plumbing,Water Heaters & Tanks,Instant Water Heater (10L),Bajaj,10L,piece,Rs.4550 - Rs.8450,"Bajaj Instant Water Heater, capacity 10L, for domestic hot water supply and water storage.",https://placehold.co/400x300/4A90D9/FFFFFF?text=Bajaj+Instant+Water+Heater+%2810L%29
MAT01597,Plumbing,Water Heaters & Tanks,Instant Water Heater (10L),V-Guard,10L,piece,Rs.4550 - Rs.8450,"V-Guard Instant Water Heater, capacity 10L, for domestic hot water supply and water storage.",https://placehold.co/400x300/4A90D9/FFFFFF?text=V-Guard+Instant+Water+Heater+%2810L%29
MAT01598,Plumbing,Water Heaters & Tanks,Instant Water Heater (10L),AO Smith,10L,piece,Rs.4550 - Rs.8450,"AO Smith Instant Water Heater, capacity 10L, for domestic hot water supply and water storage.",https://placehold.co/400x300/4A90D9/FFFFFF?text=AO+Smith+Instant+Water+Heater+%2810L%29
MAT01599,Plumbing,Water Heaters & Tanks,Instant Water Heater (10L),Havells,10L,piece,Rs.4550 - Rs.8450,"Havells Instant Water Heater, capacity 10L, for domestic hot water supply and water storage.",https://placehold.co/400x300/4A90D9/FFFFFF?text=Havells+Instant+Water+Heater+%2810L%29
MAT01600,Plumbing,Water Heaters & Tanks,Instant Water Heater (10L),Crompton,10L,piece,Rs.4550 - Rs.8450,"Crompton Instant Water Heater, capacity 10L, for domestic hot water supply and water storage.",https://placehold.co/400x300/4A90D9/FFFFFF?text=Crompton+Instant+Water+Heater+%2810L%29
MAT01601,Plumbing,Water Heaters & Tanks,Instant Water Heater (10L),Sintex Tanks,10L,piece,Rs.4550 - Rs.8450,"Sintex Tanks Instant Water Heater, capacity 10L, for domestic hot water supply and water storage.",https://placehold.co/400x300/4A90D9/FFFFFF?text=Sintex+Tanks+Instant+Water+Heater+%2810L%29
MAT01602,Plumbing,Water Heaters & Tanks,Instant Water Heater (10L),Kirloskar Pumps,10L,piece,Rs.4550 - Rs.8450,"Kirloskar Pumps Instant Water Heater, capacity 10L, for domestic hot water supply and water storage.",https://placehold.co/400x300/4A90D9/FFFFFF?text=Kirloskar+Pumps+Instant+Water+Heater+%2810L%29
MAT01603,Plumbing,Water Heaters & Tanks,Instant Water Heater (15L),Racold,15L,piece,Rs.4550 - Rs.8450,"Racold Instant Water Heater, capacity 15L, for domestic hot water supply and water storage.",https://placehold.co/400x300/4A90D9/FFFFFF?text=Racold+Instant+Water+Heater+%2815L%29
MAT01604,Plumbing,Water Heaters & Tanks,Instant Water Heater (15L),Bajaj,15L,piece,Rs.4550 - Rs.8450,"Bajaj Instant Water Heater, capacity 15L, for domestic hot water supply and water storage.",https://placehold.co/400x300/4A90D9/FFFFFF?text=Bajaj+Instant+Water+Heater+%2815L%29
MAT01605,Plumbing,Water Heaters & Tanks,Instant Water Heater (15L),V-Guard,15L,piece,Rs.4550 - Rs.8450,"V-Guard Instant Water Heater, capacity 15L, for domestic hot water supply and water storage.",https://placehold.co/400x300/4A90D9/FFFFFF?text=V-Guard+Instant+Water+Heater+%2815L%29
MAT01606,Plumbing,Water Heaters & Tanks,Instant Water Heater (15L),AO Smith,15L,piece,Rs.4550 - Rs.8450,"AO Smith Instant Water Heater, capacity 15L, for domestic hot water supply and water storage.",https://placehold.co/400x300/4A90D9/FFFFFF?text=AO+Smith+Instant+Water+Heater+%2815L%29
MAT01607,Plumbing,Water Heaters & Tanks,Instant Water Heater (15L),Havells,15L,piece,Rs.4550 - Rs.8450,"Havells Instant Water Heater, capacity 15L, for domestic hot water supply and water storage.",https://placehold.co/400x300/4A90D9/FFFFFF?text=Havells+Instant+Water+Heater+%2815L%29
MAT01608,Plumbing,Water Heaters & Tanks,Instant Water Heater (15L),Crompton,15L,piece,Rs.4550 - Rs.8450,"Crompton Instant Water Heater, capacity 15L, for domestic hot water supply and water storage.",https://placehold.co/400x300/4A90D9/FFFFFF?text=Crompton+Instant+Water+Heater+%2815L%29
MAT01609,Plumbing,Water Heaters & Tanks,Instant Water Heater (15L),Sintex Tanks,15L,piece,Rs.4550 - Rs.8450,"Sintex Tanks Instant Water Heater, capacity 15L, for domestic hot water supply and water storage.",https://placehold.co/400x300/4A90D9/FFFFFF?text=Sintex+Tanks+Instant+Water+Heater+%2815L%29
MAT01610,Plumbing,Water Heaters & Tanks,Instant Water Heater (15L),Kirloskar Pumps,15L,piece,Rs.4550 - Rs.8450,"Kirloskar Pumps Instant Water Heater, capacity 15L, for domestic hot water supply and water storage.",https://placehold.co/400x300/4A90D9/FFFFFF?text=Kirloskar+Pumps+Instant+Water+Heater+%2815L%29
MAT01611,Plumbing,Water Heaters & Tanks,Instant Water Heater (25L),Racold,25L,piece,Rs.4550 - Rs.8450,"Racold Instant Water Heater, capacity 25L, for domestic hot water supply and water storage.",https://placehold.co/400x300/4A90D9/FFFFFF?text=Racold+Instant+Water+Heater+%2825L%29
MAT01612,Plumbing,Water Heaters & Tanks,Instant Water Heater (25L),Bajaj,25L,piece,Rs.4550 - Rs.8450,"Bajaj Instant Water Heater, capacity 25L, for domestic hot water supply and water storage.",https://placehold.co/400x300/4A90D9/FFFFFF?text=Bajaj+Instant+Water+Heater+%2825L%29
MAT01613,Plumbing,Water Heaters & Tanks,Instant Water Heater (25L),V-Guard,25L,piece,Rs.4550 - Rs.8450,"V-Guard Instant Water Heater, capacity 25L, for domestic hot water supply and water storage.",https://placehold.co/400x300/4A90D9/FFFFFF?text=V-Guard+Instant+Water+Heater+%2825L%29
MAT01614,Plumbing,Water Heaters & Tanks,Instant Water Heater (25L),AO Smith,25L,piece,Rs.4550 - Rs.8450,"AO Smith Instant Water Heater, capacity 25L, for domestic hot water supply and water storage.",https://placehold.co/400x300/4A90D9/FFFFFF?text=AO+Smith+Instant+Water+Heater+%2825L%29
MAT01615,Plumbing,Water Heaters & Tanks,Instant Water Heater (25L),Havells,25L,piece,Rs.4550 - Rs.8450,"Havells Instant Water Heater, capacity 25L, for domestic hot water supply and water storage.",https://placehold.co/400x300/4A90D9/FFFFFF?text=Havells+Instant+Water+Heater+%2825L%29
MAT01616,Plumbing,Water Heaters & Tanks,Instant Water Heater (25L),Crompton,25L,piece,Rs.4550 - Rs.8450,"Crompton Instant Water Heater, capacity 25L, for domestic hot water supply and water storage.",https://placehold.co/400x300/4A90D9/FFFFFF?text=Crompton+Instant+Water+Heater+%2825L%29
MAT01617,Plumbing,Water Heaters & Tanks,Instant Water Heater (25L),Sintex Tanks,25L,piece,Rs.4550 - Rs.8450,"Sintex Tanks Instant Water Heater, capacity 25L, for domestic hot water supply and water storage.",https://placehold.co/400x300/4A90D9/FFFFFF?text=Sintex+Tanks+Instant+Water+Heater+%2825L%29
MAT01618,Plumbing,Water Heaters & Tanks,Instant Water Heater (25L),Kirloskar Pumps,25L,piece,Rs.4550 - Rs.8450,"Kirloskar Pumps Instant Water Heater, capacity 25L, for domestic hot water supply and water storage.",https://placehold.co/400x300/4A90D9/FFFFFF?text=Kirloskar+Pumps+Instant+Water+Heater+%2825L%29
MAT01619,Plumbing,Water Heaters & Tanks,Instant Water Heater (35L),Racold,35L,piece,Rs.4550 - Rs.8450,"Racold Instant Water Heater, capacity 35L, for domestic hot water supply and water storage.",https://placehold.co/400x300/4A90D9/FFFFFF?text=Racold+Instant+Water+Heater+%2835L%29
MAT01620,Plumbing,Water Heaters & Tanks,Instant Water Heater (35L),Bajaj,35L,piece,Rs.4550 - Rs.8450,"Bajaj Instant Water Heater, capacity 35L, for domestic hot water supply and water storage.",https://placehold.co/400x300/4A90D9/FFFFFF?text=Bajaj+Instant+Water+Heater+%2835L%29
MAT01621,Finishing & Interior,Tiles,Ceramic Floor Tile (300x300mm),Kajaria,300x300mm,sq.ft / box,Rs.38 - Rs.71,"Kajaria Ceramic Floor Tile, size 300x300mm, used for flooring and wall cladding.",https://placehold.co/400x300/C97B4A/FFFFFF?text=Kajaria+Ceramic+Floor+Tile+%28300x300mm%29
MAT01622,Finishing & Interior,Tiles,Ceramic Floor Tile (300x300mm),Somany,300x300mm,sq.ft / box,Rs.38 - Rs.71,"Somany Ceramic Floor Tile, size 300x300mm, used for flooring and wall cladding.",https://placehold.co/400x300/C97B4A/FFFFFF?text=Somany+Ceramic+Floor+Tile+%28300x300mm%29
MAT01623,Finishing & Interior,Tiles,Ceramic Floor Tile (300x300mm),Johnson Tiles,300x300mm,sq.ft / box,Rs.38 - Rs.71,"Johnson Tiles Ceramic Floor Tile, size 300x300mm, used for flooring and wall cladding.",https://placehold.co/400x300/C97B4A/FFFFFF?text=Johnson+Tiles+Ceramic+Floor+Tile+%28300x300mm%29
MAT01624,Finishing & Interior,Tiles,Ceramic Floor Tile (300x300mm),Nitco,300x300mm,sq.ft / box,Rs.38 - Rs.71,"Nitco Ceramic Floor Tile, size 300x300mm, used for flooring and wall cladding.",https://placehold.co/400x300/C97B4A/FFFFFF?text=Nitco+Ceramic+Floor+Tile+%28300x300mm%29
MAT01625,Finishing & Interior,Tiles,Ceramic Floor Tile (300x300mm),Orientbell,300x300mm,sq.ft / box,Rs.38 - Rs.71,"Orientbell Ceramic Floor Tile, size 300x300mm, used for flooring and wall cladding.",https://placehold.co/400x300/C97B4A/FFFFFF?text=Orientbell+Ceramic+Floor+Tile+%28300x300mm%29
MAT01626,Finishing & Interior,Tiles,Ceramic Floor Tile (300x300mm),RAK Ceramics,300x300mm,sq.ft / box,Rs.38 - Rs.71,"RAK Ceramics Ceramic Floor Tile, size 300x300mm, used for flooring and wall cladding.",https://placehold.co/400x300/C97B4A/FFFFFF?text=RAK+Ceramics+Ceramic+Floor+Tile+%28300x300mm%29
MAT01627,Finishing & Interior,Tiles,Ceramic Floor Tile (300x300mm),Asian Granito,300x300mm,sq.ft / box,Rs.38 - Rs.71,"Asian Granito Ceramic Floor Tile, size 300x300mm, used for flooring and wall cladding.",https://placehold.co/400x300/C97B4A/FFFFFF?text=Asian+Granito+Ceramic+Floor+Tile+%28300x300mm%29
MAT01628,Finishing & Interior,Tiles,Ceramic Floor Tile (300x300mm),Simpolo,300x300mm,sq.ft / box,Rs.38 - Rs.71,"Simpolo Ceramic Floor Tile, size 300x300mm, used for flooring and wall cladding.",https://placehold.co/400x300/C97B4A/FFFFFF?text=Simpolo+Ceramic+Floor+Tile+%28300x300mm%29
MAT01629,Finishing & Interior,Tiles,Ceramic Floor Tile (400x400mm),Kajaria,400x400mm,sq.ft / box,Rs.38 - Rs.71,"Kajaria Ceramic Floor Tile, size 400x400mm, used for flooring and wall cladding.",https://placehold.co/400x300/C97B4A/FFFFFF?text=Kajaria+Ceramic+Floor+Tile+%28400x400mm%29
MAT01630,Finishing & Interior,Tiles,Ceramic Floor Tile (400x400mm),Somany,400x400mm,sq.ft / box,Rs.38 - Rs.71,"Somany Ceramic Floor Tile, size 400x400mm, used for flooring and wall cladding.",https://placehold.co/400x300/C97B4A/FFFFFF?text=Somany+Ceramic+Floor+Tile+%28400x400mm%29
MAT01631,Finishing & Interior,Tiles,Ceramic Floor Tile (400x400mm),Johnson Tiles,400x400mm,sq.ft / box,Rs.38 - Rs.71,"Johnson Tiles Ceramic Floor Tile, size 400x400mm, used for flooring and wall cladding.",https://placehold.co/400x300/C97B4A/FFFFFF?text=Johnson+Tiles+Ceramic+Floor+Tile+%28400x400mm%29
MAT01632,Finishing & Interior,Tiles,Ceramic Floor Tile (400x400mm),Nitco,400x400mm,sq.ft / box,Rs.38 - Rs.71,"Nitco Ceramic Floor Tile, size 400x400mm, used for flooring and wall cladding.",https://placehold.co/400x300/C97B4A/FFFFFF?text=Nitco+Ceramic+Floor+Tile+%28400x400mm%29
MAT01633,Finishing & Interior,Tiles,Ceramic Floor Tile (400x400mm),Orientbell,400x400mm,sq.ft / box,Rs.38 - Rs.71,"Orientbell Ceramic Floor Tile, size 400x400mm, used for flooring and wall cladding.",https://placehold.co/400x300/C97B4A/FFFFFF?text=Orientbell+Ceramic+Floor+Tile+%28400x400mm%29
MAT01634,Finishing & Interior,Tiles,Ceramic Floor Tile (400x400mm),RAK Ceramics,400x400mm,sq.ft / box,Rs.38 - Rs.71,"RAK Ceramics Ceramic Floor Tile, size 400x400mm, used for flooring and wall cladding.",https://placehold.co/400x300/C97B4A/FFFFFF?text=RAK+Ceramics+Ceramic+Floor+Tile+%28400x400mm%29
MAT01635,Finishing & Interior,Tiles,Ceramic Floor Tile (400x400mm),Asian Granito,400x400mm,sq.ft / box,Rs.38 - Rs.71,"Asian Granito Ceramic Floor Tile, size 400x400mm, used for flooring and wall cladding.",https://placehold.co/400x300/C97B4A/FFFFFF?text=Asian+Granito+Ceramic+Floor+Tile+%28400x400mm%29
MAT01636,Finishing & Interior,Tiles,Ceramic Floor Tile (400x400mm),Simpolo,400x400mm,sq.ft / box,Rs.38 - Rs.71,"Simpolo Ceramic Floor Tile, size 400x400mm, used for flooring and wall cladding.",https://placehold.co/400x300/C97B4A/FFFFFF?text=Simpolo+Ceramic+Floor+Tile+%28400x400mm%29
MAT01637,Finishing & Interior,Tiles,Ceramic Floor Tile (600x600mm),Kajaria,600x600mm,sq.ft / box,Rs.38 - Rs.71,"Kajaria Ceramic Floor Tile, size 600x600mm, used for flooring and wall cladding.",https://placehold.co/400x300/C97B4A/FFFFFF?text=Kajaria+Ceramic+Floor+Tile+%28600x600mm%29
MAT01638,Finishing & Interior,Tiles,Ceramic Floor Tile (600x600mm),Somany,600x600mm,sq.ft / box,Rs.38 - Rs.71,"Somany Ceramic Floor Tile, size 600x600mm, used for flooring and wall cladding.",https://placehold.co/400x300/C97B4A/FFFFFF?text=Somany+Ceramic+Floor+Tile+%28600x600mm%29
MAT01639,Finishing & Interior,Tiles,Ceramic Floor Tile (600x600mm),Johnson Tiles,600x600mm,sq.ft / box,Rs.38 - Rs.71,"Johnson Tiles Ceramic Floor Tile, size 600x600mm, used for flooring and wall cladding.",https://placehold.co/400x300/C97B4A/FFFFFF?text=Johnson+Tiles+Ceramic+Floor+Tile+%28600x600mm%29
MAT01640,Finishing & Interior,Tiles,Ceramic Floor Tile (600x600mm),Nitco,600x600mm,sq.ft / box,Rs.38 - Rs.71,"Nitco Ceramic Floor Tile, size 600x600mm, used for flooring and wall cladding.",https://placehold.co/400x300/C97B4A/FFFFFF?text=Nitco+Ceramic+Floor+Tile+%28600x600mm%29
MAT01641,Finishing & Interior,Tiles,Ceramic Floor Tile (600x600mm),Orientbell,600x600mm,sq.ft / box,Rs.38 - Rs.71,"Orientbell Ceramic Floor Tile, size 600x600mm, used for flooring and wall cladding.",https://placehold.co/400x300/C97B4A/FFFFFF?text=Orientbell+Ceramic+Floor+Tile+%28600x600mm%29
MAT01642,Finishing & Interior,Tiles,Ceramic Floor Tile (600x600mm),RAK Ceramics,600x600mm,sq.ft / box,Rs.38 - Rs.71,"RAK Ceramics Ceramic Floor Tile, size 600x600mm, used for flooring and wall cladding.",https://placehold.co/400x300/C97B4A/FFFFFF?text=RAK+Ceramics+Ceramic+Floor+Tile+%28600x600mm%29
MAT01643,Finishing & Interior,Tiles,Ceramic Floor Tile (600x600mm),Asian Granito,600x600mm,sq.ft / box,Rs.38 - Rs.71,"Asian Granito Ceramic Floor Tile, size 600x600mm, used for flooring and wall cladding.",https://placehold.co/400x300/C97B4A/FFFFFF?text=Asian+Granito+Ceramic+Floor+Tile+%28600x600mm%29
MAT01644,Finishing & Interior,Tiles,Ceramic Floor Tile (600x600mm),Simpolo,600x600mm,sq.ft / box,Rs.38 - Rs.71,"Simpolo Ceramic Floor Tile, size 600x600mm, used for flooring and wall cladding.",https://placehold.co/400x300/C97B4A/FFFFFF?text=Simpolo+Ceramic+Floor+Tile+%28600x600mm%29
MAT01645,Finishing & Interior,Tiles,Ceramic Floor Tile (600x1200mm),Kajaria,600x1200mm,sq.ft / box,Rs.38 - Rs.71,"Kajaria Ceramic Floor Tile, size 600x1200mm, used for flooring and wall cladding.",https://placehold.co/400x300/C97B4A/FFFFFF?text=Kajaria+Ceramic+Floor+Tile+%28600x1200mm%29
MAT01646,Finishing & Interior,Tiles,Ceramic Floor Tile (600x1200mm),Somany,600x1200mm,sq.ft / box,Rs.38 - Rs.71,"Somany Ceramic Floor Tile, size 600x1200mm, used for flooring and wall cladding.",https://placehold.co/400x300/C97B4A/FFFFFF?text=Somany+Ceramic+Floor+Tile+%28600x1200mm%29
MAT01647,Finishing & Interior,Tiles,Ceramic Floor Tile (600x1200mm),Johnson Tiles,600x1200mm,sq.ft / box,Rs.38 - Rs.71,"Johnson Tiles Ceramic Floor Tile, size 600x1200mm, used for flooring and wall cladding.",https://placehold.co/400x300/C97B4A/FFFFFF?text=Johnson+Tiles+Ceramic+Floor+Tile+%28600x1200mm%29
MAT01648,Finishing & Interior,Tiles,Ceramic Floor Tile (600x1200mm),Nitco,600x1200mm,sq.ft / box,Rs.38 - Rs.71,"Nitco Ceramic Floor Tile, size 600x1200mm, used for flooring and wall cladding.",https://placehold.co/400x300/C97B4A/FFFFFF?text=Nitco+Ceramic+Floor+Tile+%28600x1200mm%29
MAT01649,Finishing & Interior,Tiles,Ceramic Floor Tile (600x1200mm),Orientbell,600x1200mm,sq.ft / box,Rs.38 - Rs.71,"Orientbell Ceramic Floor Tile, size 600x1200mm, used for flooring and wall cladding.",https://placehold.co/400x300/C97B4A/FFFFFF?text=Orientbell+Ceramic+Floor+Tile+%28600x1200mm%29
MAT01650,Finishing & Interior,Tiles,Ceramic Floor Tile (600x1200mm),RAK Ceramics,600x1200mm,sq.ft / box,Rs.38 - Rs.71,"RAK Ceramics Ceramic Floor Tile, size 600x1200mm, used for flooring and wall cladding.",https://placehold.co/400x300/C97B4A/FFFFFF?text=RAK+Ceramics+Ceramic+Floor+Tile+%28600x1200mm%29
MAT01651,Finishing & Interior,Tiles,Ceramic Floor Tile (600x1200mm),Asian Granito,600x1200mm,sq.ft / box,Rs.38 - Rs.71,"Asian Granito Ceramic Floor Tile, size 600x1200mm, used for flooring and wall cladding.",https://placehold.co/400x300/C97B4A/FFFFFF?text=Asian+Granito+Ceramic+Floor+Tile+%28600x1200mm%29
MAT01652,Finishing & Interior,Tiles,Ceramic Floor Tile (600x1200mm),Simpolo,600x1200mm,sq.ft / box,Rs.38 - Rs.71,"Simpolo Ceramic Floor Tile, size 600x1200mm, used for flooring and wall cladding.",https://placehold.co/400x300/C97B4A/FFFFFF?text=Simpolo+Ceramic+Floor+Tile+%28600x1200mm%29
MAT01653,Finishing & Interior,Tiles,Ceramic Floor Tile (800x800mm),Kajaria,800x800mm,sq.ft / box,Rs.38 - Rs.71,"Kajaria Ceramic Floor Tile, size 800x800mm, used for flooring and wall cladding.",https://placehold.co/400x300/C97B4A/FFFFFF?text=Kajaria+Ceramic+Floor+Tile+%28800x800mm%29
MAT01654,Finishing & Interior,Tiles,Ceramic Floor Tile (800x800mm),Somany,800x800mm,sq.ft / box,Rs.38 - Rs.71,"Somany Ceramic Floor Tile, size 800x800mm, used for flooring and wall cladding.",https://placehold.co/400x300/C97B4A/FFFFFF?text=Somany+Ceramic+Floor+Tile+%28800x800mm%29
MAT01655,Finishing & Interior,Tiles,Ceramic Floor Tile (800x800mm),Johnson Tiles,800x800mm,sq.ft / box,Rs.38 - Rs.71,"Johnson Tiles Ceramic Floor Tile, size 800x800mm, used for flooring and wall cladding.",https://placehold.co/400x300/C97B4A/FFFFFF?text=Johnson+Tiles+Ceramic+Floor+Tile+%28800x800mm%29
MAT01656,Finishing & Interior,Tiles,Ceramic Floor Tile (800x800mm),Nitco,800x800mm,sq.ft / box,Rs.38 - Rs.71,"Nitco Ceramic Floor Tile, size 800x800mm, used for flooring and wall cladding.",https://placehold.co/400x300/C97B4A/FFFFFF?text=Nitco+Ceramic+Floor+Tile+%28800x800mm%29
MAT01657,Finishing & Interior,Tiles,Ceramic Floor Tile (800x800mm),Orientbell,800x800mm,sq.ft / box,Rs.38 - Rs.71,"Orientbell Ceramic Floor Tile, size 800x800mm, used for flooring and wall cladding.",https://placehold.co/400x300/C97B4A/FFFFFF?text=Orientbell+Ceramic+Floor+Tile+%28800x800mm%29
MAT01658,Finishing & Interior,Tiles,Ceramic Floor Tile (800x800mm),RAK Ceramics,800x800mm,sq.ft / box,Rs.38 - Rs.71,"RAK Ceramics Ceramic Floor Tile, size 800x800mm, used for flooring and wall cladding.",https://placehold.co/400x300/C97B4A/FFFFFF?text=RAK+Ceramics+Ceramic+Floor+Tile+%28800x800mm%29
MAT01659,Finishing & Interior,Tiles,Ceramic Floor Tile (800x800mm),Asian Granito,800x800mm,sq.ft / box,Rs.38 - Rs.71,"Asian Granito Ceramic Floor Tile, size 800x800mm, used for flooring and wall cladding.",https://placehold.co/400x300/C97B4A/FFFFFF?text=Asian+Granito+Ceramic+Floor+Tile+%28800x800mm%29
MAT01660,Finishing & Interior,Tiles,Ceramic Floor Tile (800x800mm),Simpolo,800x800mm,sq.ft / box,Rs.38 - Rs.71,"Simpolo Ceramic Floor Tile, size 800x800mm, used for flooring and wall cladding.",https://placehold.co/400x300/C97B4A/FFFFFF?text=Simpolo+Ceramic+Floor+Tile+%28800x800mm%29
MAT01661,Finishing & Interior,Tiles,Ceramic Floor Tile (300x600mm),Kajaria,300x600mm,sq.ft / box,Rs.38 - Rs.71,"Kajaria Ceramic Floor Tile, size 300x600mm, used for flooring and wall cladding.",https://placehold.co/400x300/C97B4A/FFFFFF?text=Kajaria+Ceramic+Floor+Tile+%28300x600mm%29
MAT01662,Finishing & Interior,Tiles,Ceramic Floor Tile (300x600mm),Somany,300x600mm,sq.ft / box,Rs.38 - Rs.71,"Somany Ceramic Floor Tile, size 300x600mm, used for flooring and wall cladding.",https://placehold.co/400x300/C97B4A/FFFFFF?text=Somany+Ceramic+Floor+Tile+%28300x600mm%29
MAT01663,Finishing & Interior,Tiles,Ceramic Floor Tile (300x600mm),Johnson Tiles,300x600mm,sq.ft / box,Rs.38 - Rs.71,"Johnson Tiles Ceramic Floor Tile, size 300x600mm, used for flooring and wall cladding.",https://placehold.co/400x300/C97B4A/FFFFFF?text=Johnson+Tiles+Ceramic+Floor+Tile+%28300x600mm%29
MAT01664,Finishing & Interior,Tiles,Ceramic Floor Tile (300x600mm),Nitco,300x600mm,sq.ft / box,Rs.38 - Rs.71,"Nitco Ceramic Floor Tile, size 300x600mm, used for flooring and wall cladding.",https://placehold.co/400x300/C97B4A/FFFFFF?text=Nitco+Ceramic+Floor+Tile+%28300x600mm%29
MAT01665,Finishing & Interior,Tiles,Ceramic Floor Tile (300x600mm),Orientbell,300x600mm,sq.ft / box,Rs.38 - Rs.71,"Orientbell Ceramic Floor Tile, size 300x600mm, used for flooring and wall cladding.",https://placehold.co/400x300/C97B4A/FFFFFF?text=Orientbell+Ceramic+Floor+Tile+%28300x600mm%29
MAT01666,Finishing & Interior,Tiles,Ceramic Floor Tile (300x600mm),RAK Ceramics,300x600mm,sq.ft / box,Rs.38 - Rs.71,"RAK Ceramics Ceramic Floor Tile, size 300x600mm, used for flooring and wall cladding.",https://placehold.co/400x300/C97B4A/FFFFFF?text=RAK+Ceramics+Ceramic+Floor+Tile+%28300x600mm%29
MAT01667,Finishing & Interior,Tiles,Ceramic Floor Tile (300x600mm),Asian Granito,300x600mm,sq.ft / box,Rs.38 - Rs.71,"Asian Granito Ceramic Floor Tile, size 300x600mm, used for flooring and wall cladding.",https://placehold.co/400x300/C97B4A/FFFFFF?text=Asian+Granito+Ceramic+Floor+Tile+%28300x600mm%29
MAT01668,Finishing & Interior,Tiles,Ceramic Floor Tile (300x600mm),Simpolo,300x600mm,sq.ft / box,Rs.38 - Rs.71,"Simpolo Ceramic Floor Tile, size 300x600mm, used for flooring and wall cladding.",https://placehold.co/400x300/C97B4A/FFFFFF?text=Simpolo+Ceramic+Floor+Tile+%28300x600mm%29
MAT01669,Finishing & Interior,Tiles,Vitrified Tile (300x300mm),Kajaria,300x300mm,sq.ft / box,Rs.38 - Rs.71,"Kajaria Vitrified Tile, size 300x300mm, used for flooring and wall cladding.",https://placehold.co/400x300/C97B4A/FFFFFF?text=Kajaria+Vitrified+Tile+%28300x300mm%29
MAT01670,Finishing & Interior,Tiles,Vitrified Tile (300x300mm),Somany,300x300mm,sq.ft / box,Rs.38 - Rs.71,"Somany Vitrified Tile, size 300x300mm, used for flooring and wall cladding.",https://placehold.co/400x300/C97B4A/FFFFFF?text=Somany+Vitrified+Tile+%28300x300mm%29
MAT01671,Finishing & Interior,Tiles,Vitrified Tile (300x300mm),Johnson Tiles,300x300mm,sq.ft / box,Rs.38 - Rs.71,"Johnson Tiles Vitrified Tile, size 300x300mm, used for flooring and wall cladding.",https://placehold.co/400x300/C97B4A/FFFFFF?text=Johnson+Tiles+Vitrified+Tile+%28300x300mm%29
MAT01672,Finishing & Interior,Tiles,Vitrified Tile (300x300mm),Nitco,300x300mm,sq.ft / box,Rs.38 - Rs.71,"Nitco Vitrified Tile, size 300x300mm, used for flooring and wall cladding.",https://placehold.co/400x300/C97B4A/FFFFFF?text=Nitco+Vitrified+Tile+%28300x300mm%29
MAT01673,Finishing & Interior,Tiles,Vitrified Tile (300x300mm),Orientbell,300x300mm,sq.ft / box,Rs.38 - Rs.71,"Orientbell Vitrified Tile, size 300x300mm, used for flooring and wall cladding.",https://placehold.co/400x300/C97B4A/FFFFFF?text=Orientbell+Vitrified+Tile+%28300x300mm%29
MAT01674,Finishing & Interior,Tiles,Vitrified Tile (300x300mm),RAK Ceramics,300x300mm,sq.ft / box,Rs.38 - Rs.71,"RAK Ceramics Vitrified Tile, size 300x300mm, used for flooring and wall cladding.",https://placehold.co/400x300/C97B4A/FFFFFF?text=RAK+Ceramics+Vitrified+Tile+%28300x300mm%29
MAT01675,Finishing & Interior,Tiles,Vitrified Tile (300x300mm),Asian Granito,300x300mm,sq.ft / box,Rs.38 - Rs.71,"Asian Granito Vitrified Tile, size 300x300mm, used for flooring and wall cladding.",https://placehold.co/400x300/C97B4A/FFFFFF?text=Asian+Granito+Vitrified+Tile+%28300x300mm%29
MAT01676,Finishing & Interior,Tiles,Vitrified Tile (300x300mm),Simpolo,300x300mm,sq.ft / box,Rs.38 - Rs.71,"Simpolo Vitrified Tile, size 300x300mm, used for flooring and wall cladding.",https://placehold.co/400x300/C97B4A/FFFFFF?text=Simpolo+Vitrified+Tile+%28300x300mm%29
MAT01677,Finishing & Interior,Tiles,Vitrified Tile (400x400mm),Kajaria,400x400mm,sq.ft / box,Rs.38 - Rs.71,"Kajaria Vitrified Tile, size 400x400mm, used for flooring and wall cladding.",https://placehold.co/400x300/C97B4A/FFFFFF?text=Kajaria+Vitrified+Tile+%28400x400mm%29
MAT01678,Finishing & Interior,Tiles,Vitrified Tile (400x400mm),Somany,400x400mm,sq.ft / box,Rs.38 - Rs.71,"Somany Vitrified Tile, size 400x400mm, used for flooring and wall cladding.",https://placehold.co/400x300/C97B4A/FFFFFF?text=Somany+Vitrified+Tile+%28400x400mm%29
MAT01679,Finishing & Interior,Tiles,Vitrified Tile (400x400mm),Johnson Tiles,400x400mm,sq.ft / box,Rs.38 - Rs.71,"Johnson Tiles Vitrified Tile, size 400x400mm, used for flooring and wall cladding.",https://placehold.co/400x300/C97B4A/FFFFFF?text=Johnson+Tiles+Vitrified+Tile+%28400x400mm%29
MAT01680,Finishing & Interior,Tiles,Vitrified Tile (400x400mm),Nitco,400x400mm,sq.ft / box,Rs.38 - Rs.71,"Nitco Vitrified Tile, size 400x400mm, used for flooring and wall cladding.",https://placehold.co/400x300/C97B4A/FFFFFF?text=Nitco+Vitrified+Tile+%28400x400mm%29
MAT01681,Finishing & Interior,Tiles,Vitrified Tile (400x400mm),Orientbell,400x400mm,sq.ft / box,Rs.38 - Rs.71,"Orientbell Vitrified Tile, size 400x400mm, used for flooring and wall cladding.",https://placehold.co/400x300/C97B4A/FFFFFF?text=Orientbell+Vitrified+Tile+%28400x400mm%29
MAT01682,Finishing & Interior,Tiles,Vitrified Tile (400x400mm),RAK Ceramics,400x400mm,sq.ft / box,Rs.38 - Rs.71,"RAK Ceramics Vitrified Tile, size 400x400mm, used for flooring and wall cladding.",https://placehold.co/400x300/C97B4A/FFFFFF?text=RAK+Ceramics+Vitrified+Tile+%28400x400mm%29
MAT01683,Finishing & Interior,Tiles,Vitrified Tile (400x400mm),Asian Granito,400x400mm,sq.ft / box,Rs.38 - Rs.71,"Asian Granito Vitrified Tile, size 400x400mm, used for flooring and wall cladding.",https://placehold.co/400x300/C97B4A/FFFFFF?text=Asian+Granito+Vitrified+Tile+%28400x400mm%29
MAT01684,Finishing & Interior,Tiles,Vitrified Tile (400x400mm),Simpolo,400x400mm,sq.ft / box,Rs.38 - Rs.71,"Simpolo Vitrified Tile, size 400x400mm, used for flooring and wall cladding.",https://placehold.co/400x300/C97B4A/FFFFFF?text=Simpolo+Vitrified+Tile+%28400x400mm%29
MAT01685,Finishing & Interior,Tiles,Vitrified Tile (600x600mm),Kajaria,600x600mm,sq.ft / box,Rs.38 - Rs.71,"Kajaria Vitrified Tile, size 600x600mm, used for flooring and wall cladding.",https://placehold.co/400x300/C97B4A/FFFFFF?text=Kajaria+Vitrified+Tile+%28600x600mm%29
MAT01686,Finishing & Interior,Tiles,Vitrified Tile (600x600mm),Somany,600x600mm,sq.ft / box,Rs.38 - Rs.71,"Somany Vitrified Tile, size 600x600mm, used for flooring and wall cladding.",https://placehold.co/400x300/C97B4A/FFFFFF?text=Somany+Vitrified+Tile+%28600x600mm%29
MAT01687,Finishing & Interior,Tiles,Vitrified Tile (600x600mm),Johnson Tiles,600x600mm,sq.ft / box,Rs.38 - Rs.71,"Johnson Tiles Vitrified Tile, size 600x600mm, used for flooring and wall cladding.",https://placehold.co/400x300/C97B4A/FFFFFF?text=Johnson+Tiles+Vitrified+Tile+%28600x600mm%29
MAT01688,Finishing & Interior,Tiles,Vitrified Tile (600x600mm),Nitco,600x600mm,sq.ft / box,Rs.38 - Rs.71,"Nitco Vitrified Tile, size 600x600mm, used for flooring and wall cladding.",https://placehold.co/400x300/C97B4A/FFFFFF?text=Nitco+Vitrified+Tile+%28600x600mm%29
MAT01689,Finishing & Interior,Tiles,Vitrified Tile (600x600mm),Orientbell,600x600mm,sq.ft / box,Rs.38 - Rs.71,"Orientbell Vitrified Tile, size 600x600mm, used for flooring and wall cladding.",https://placehold.co/400x300/C97B4A/FFFFFF?text=Orientbell+Vitrified+Tile+%28600x600mm%29
MAT01690,Finishing & Interior,Tiles,Vitrified Tile (600x600mm),RAK Ceramics,600x600mm,sq.ft / box,Rs.38 - Rs.71,"RAK Ceramics Vitrified Tile, size 600x600mm, used for flooring and wall cladding.",https://placehold.co/400x300/C97B4A/FFFFFF?text=RAK+Ceramics+Vitrified+Tile+%28600x600mm%29
MAT01691,Finishing & Interior,Tiles,Vitrified Tile (600x600mm),Asian Granito,600x600mm,sq.ft / box,Rs.38 - Rs.71,"Asian Granito Vitrified Tile, size 600x600mm, used for flooring and wall cladding.",https://placehold.co/400x300/C97B4A/FFFFFF?text=Asian+Granito+Vitrified+Tile+%28600x600mm%29
MAT01692,Finishing & Interior,Tiles,Vitrified Tile (600x600mm),Simpolo,600x600mm,sq.ft / box,Rs.38 - Rs.71,"Simpolo Vitrified Tile, size 600x600mm, used for flooring and wall cladding.",https://placehold.co/400x300/C97B4A/FFFFFF?text=Simpolo+Vitrified+Tile+%28600x600mm%29
MAT01693,Finishing & Interior,Tiles,Vitrified Tile (600x1200mm),Kajaria,600x1200mm,sq.ft / box,Rs.38 - Rs.71,"Kajaria Vitrified Tile, size 600x1200mm, used for flooring and wall cladding.",https://placehold.co/400x300/C97B4A/FFFFFF?text=Kajaria+Vitrified+Tile+%28600x1200mm%29
MAT01694,Finishing & Interior,Tiles,Vitrified Tile (600x1200mm),Somany,600x1200mm,sq.ft / box,Rs.38 - Rs.71,"Somany Vitrified Tile, size 600x1200mm, used for flooring and wall cladding.",https://placehold.co/400x300/C97B4A/FFFFFF?text=Somany+Vitrified+Tile+%28600x1200mm%29
MAT01695,Finishing & Interior,Tiles,Vitrified Tile (600x1200mm),Johnson Tiles,600x1200mm,sq.ft / box,Rs.38 - Rs.71,"Johnson Tiles Vitrified Tile, size 600x1200mm, used for flooring and wall cladding.",https://placehold.co/400x300/C97B4A/FFFFFF?text=Johnson+Tiles+Vitrified+Tile+%28600x1200mm%29
MAT01696,Finishing & Interior,Tiles,Vitrified Tile (600x1200mm),Nitco,600x1200mm,sq.ft / box,Rs.38 - Rs.71,"Nitco Vitrified Tile, size 600x1200mm, used for flooring and wall cladding.",https://placehold.co/400x300/C97B4A/FFFFFF?text=Nitco+Vitrified+Tile+%28600x1200mm%29
MAT01697,Finishing & Interior,Tiles,Vitrified Tile (600x1200mm),Orientbell,600x1200mm,sq.ft / box,Rs.38 - Rs.71,"Orientbell Vitrified Tile, size 600x1200mm, used for flooring and wall cladding.",https://placehold.co/400x300/C97B4A/FFFFFF?text=Orientbell+Vitrified+Tile+%28600x1200mm%29
MAT01698,Finishing & Interior,Tiles,Vitrified Tile (600x1200mm),RAK Ceramics,600x1200mm,sq.ft / box,Rs.38 - Rs.71,"RAK Ceramics Vitrified Tile, size 600x1200mm, used for flooring and wall cladding.",https://placehold.co/400x300/C97B4A/FFFFFF?text=RAK+Ceramics+Vitrified+Tile+%28600x1200mm%29
MAT01699,Finishing & Interior,Tiles,Vitrified Tile (600x1200mm),Asian Granito,600x1200mm,sq.ft / box,Rs.38 - Rs.71,"Asian Granito Vitrified Tile, size 600x1200mm, used for flooring and wall cladding.",https://placehold.co/400x300/C97B4A/FFFFFF?text=Asian+Granito+Vitrified+Tile+%28600x1200mm%29
MAT01700,Finishing & Interior,Tiles,Vitrified Tile (600x1200mm),Simpolo,600x1200mm,sq.ft / box,Rs.38 - Rs.71,"Simpolo Vitrified Tile, size 600x1200mm, used for flooring and wall cladding.",https://placehold.co/400x300/C97B4A/FFFFFF?text=Simpolo+Vitrified+Tile+%28600x1200mm%29
MAT01701,Finishing & Interior,Tiles,Vitrified Tile (800x800mm),Kajaria,800x800mm,sq.ft / box,Rs.38 - Rs.71,"Kajaria Vitrified Tile, size 800x800mm, used for flooring and wall cladding.",https://placehold.co/400x300/C97B4A/FFFFFF?text=Kajaria+Vitrified+Tile+%28800x800mm%29
MAT01702,Finishing & Interior,Tiles,Vitrified Tile (800x800mm),Somany,800x800mm,sq.ft / box,Rs.38 - Rs.71,"Somany Vitrified Tile, size 800x800mm, used for flooring and wall cladding.",https://placehold.co/400x300/C97B4A/FFFFFF?text=Somany+Vitrified+Tile+%28800x800mm%29
MAT01703,Finishing & Interior,Tiles,Vitrified Tile (800x800mm),Johnson Tiles,800x800mm,sq.ft / box,Rs.38 - Rs.71,"Johnson Tiles Vitrified Tile, size 800x800mm, used for flooring and wall cladding.",https://placehold.co/400x300/C97B4A/FFFFFF?text=Johnson+Tiles+Vitrified+Tile+%28800x800mm%29
MAT01704,Finishing & Interior,Tiles,Vitrified Tile (800x800mm),Nitco,800x800mm,sq.ft / box,Rs.38 - Rs.71,"Nitco Vitrified Tile, size 800x800mm, used for flooring and wall cladding.",https://placehold.co/400x300/C97B4A/FFFFFF?text=Nitco+Vitrified+Tile+%28800x800mm%29
MAT01705,Finishing & Interior,Tiles,Vitrified Tile (800x800mm),Orientbell,800x800mm,sq.ft / box,Rs.38 - Rs.71,"Orientbell Vitrified Tile, size 800x800mm, used for flooring and wall cladding.",https://placehold.co/400x300/C97B4A/FFFFFF?text=Orientbell+Vitrified+Tile+%28800x800mm%29
MAT01706,Finishing & Interior,Tiles,Vitrified Tile (800x800mm),RAK Ceramics,800x800mm,sq.ft / box,Rs.38 - Rs.71,"RAK Ceramics Vitrified Tile, size 800x800mm, used for flooring and wall cladding.",https://placehold.co/400x300/C97B4A/FFFFFF?text=RAK+Ceramics+Vitrified+Tile+%28800x800mm%29
MAT01707,Finishing & Interior,Tiles,Vitrified Tile (800x800mm),Asian Granito,800x800mm,sq.ft / box,Rs.38 - Rs.71,"Asian Granito Vitrified Tile, size 800x800mm, used for flooring and wall cladding.",https://placehold.co/400x300/C97B4A/FFFFFF?text=Asian+Granito+Vitrified+Tile+%28800x800mm%29
MAT01708,Finishing & Interior,Tiles,Vitrified Tile (800x800mm),Simpolo,800x800mm,sq.ft / box,Rs.38 - Rs.71,"Simpolo Vitrified Tile, size 800x800mm, used for flooring and wall cladding.",https://placehold.co/400x300/C97B4A/FFFFFF?text=Simpolo+Vitrified+Tile+%28800x800mm%29
MAT01709,Finishing & Interior,Tiles,Vitrified Tile (300x600mm),Kajaria,300x600mm,sq.ft / box,Rs.38 - Rs.71,"Kajaria Vitrified Tile, size 300x600mm, used for flooring and wall cladding.",https://placehold.co/400x300/C97B4A/FFFFFF?text=Kajaria+Vitrified+Tile+%28300x600mm%29
MAT01710,Finishing & Interior,Tiles,Vitrified Tile (300x600mm),Somany,300x600mm,sq.ft / box,Rs.38 - Rs.71,"Somany Vitrified Tile, size 300x600mm, used for flooring and wall cladding.",https://placehold.co/400x300/C97B4A/FFFFFF?text=Somany+Vitrified+Tile+%28300x600mm%29
MAT01711,Finishing & Interior,Tiles,Vitrified Tile (300x600mm),Johnson Tiles,300x600mm,sq.ft / box,Rs.38 - Rs.71,"Johnson Tiles Vitrified Tile, size 300x600mm, used for flooring and wall cladding.",https://placehold.co/400x300/C97B4A/FFFFFF?text=Johnson+Tiles+Vitrified+Tile+%28300x600mm%29
MAT01712,Finishing & Interior,Tiles,Vitrified Tile (300x600mm),Nitco,300x600mm,sq.ft / box,Rs.38 - Rs.71,"Nitco Vitrified Tile, size 300x600mm, used for flooring and wall cladding.",https://placehold.co/400x300/C97B4A/FFFFFF?text=Nitco+Vitrified+Tile+%28300x600mm%29
MAT01713,Finishing & Interior,Tiles,Vitrified Tile (300x600mm),Orientbell,300x600mm,sq.ft / box,Rs.38 - Rs.71,"Orientbell Vitrified Tile, size 300x600mm, used for flooring and wall cladding.",https://placehold.co/400x300/C97B4A/FFFFFF?text=Orientbell+Vitrified+Tile+%28300x600mm%29
MAT01714,Finishing & Interior,Tiles,Vitrified Tile (300x600mm),RAK Ceramics,300x600mm,sq.ft / box,Rs.38 - Rs.71,"RAK Ceramics Vitrified Tile, size 300x600mm, used for flooring and wall cladding.",https://placehold.co/400x300/C97B4A/FFFFFF?text=RAK+Ceramics+Vitrified+Tile+%28300x600mm%29
MAT01715,Finishing & Interior,Tiles,Vitrified Tile (300x600mm),Asian Granito,300x600mm,sq.ft / box,Rs.38 - Rs.71,"Asian Granito Vitrified Tile, size 300x600mm, used for flooring and wall cladding.",https://placehold.co/400x300/C97B4A/FFFFFF?text=Asian+Granito+Vitrified+Tile+%28300x600mm%29
MAT01716,Finishing & Interior,Tiles,Vitrified Tile (300x600mm),Simpolo,300x600mm,sq.ft / box,Rs.38 - Rs.71,"Simpolo Vitrified Tile, size 300x600mm, used for flooring and wall cladding.",https://placehold.co/400x300/C97B4A/FFFFFF?text=Simpolo+Vitrified+Tile+%28300x600mm%29
MAT01717,Finishing & Interior,Tiles,Porcelain Tile (300x300mm),Kajaria,300x300mm,sq.ft / box,Rs.38 - Rs.71,"Kajaria Porcelain Tile, size 300x300mm, used for flooring and wall cladding.",https://placehold.co/400x300/C97B4A/FFFFFF?text=Kajaria+Porcelain+Tile+%28300x300mm%29
MAT01718,Finishing & Interior,Tiles,Porcelain Tile (300x300mm),Somany,300x300mm,sq.ft / box,Rs.38 - Rs.71,"Somany Porcelain Tile, size 300x300mm, used for flooring and wall cladding.",https://placehold.co/400x300/C97B4A/FFFFFF?text=Somany+Porcelain+Tile+%28300x300mm%29
MAT01719,Finishing & Interior,Tiles,Porcelain Tile (300x300mm),Johnson Tiles,300x300mm,sq.ft / box,Rs.38 - Rs.71,"Johnson Tiles Porcelain Tile, size 300x300mm, used for flooring and wall cladding.",https://placehold.co/400x300/C97B4A/FFFFFF?text=Johnson+Tiles+Porcelain+Tile+%28300x300mm%29
MAT01720,Finishing & Interior,Tiles,Porcelain Tile (300x300mm),Nitco,300x300mm,sq.ft / box,Rs.38 - Rs.71,"Nitco Porcelain Tile, size 300x300mm, used for flooring and wall cladding.",https://placehold.co/400x300/C97B4A/FFFFFF?text=Nitco+Porcelain+Tile+%28300x300mm%29
MAT01721,Finishing & Interior,Tiles,Porcelain Tile (300x300mm),Orientbell,300x300mm,sq.ft / box,Rs.38 - Rs.71,"Orientbell Porcelain Tile, size 300x300mm, used for flooring and wall cladding.",https://placehold.co/400x300/C97B4A/FFFFFF?text=Orientbell+Porcelain+Tile+%28300x300mm%29
MAT01722,Finishing & Interior,Tiles,Porcelain Tile (300x300mm),RAK Ceramics,300x300mm,sq.ft / box,Rs.38 - Rs.71,"RAK Ceramics Porcelain Tile, size 300x300mm, used for flooring and wall cladding.",https://placehold.co/400x300/C97B4A/FFFFFF?text=RAK+Ceramics+Porcelain+Tile+%28300x300mm%29
MAT01723,Finishing & Interior,Tiles,Porcelain Tile (300x300mm),Asian Granito,300x300mm,sq.ft / box,Rs.38 - Rs.71,"Asian Granito Porcelain Tile, size 300x300mm, used for flooring and wall cladding.",https://placehold.co/400x300/C97B4A/FFFFFF?text=Asian+Granito+Porcelain+Tile+%28300x300mm%29
MAT01724,Finishing & Interior,Tiles,Porcelain Tile (300x300mm),Simpolo,300x300mm,sq.ft / box,Rs.38 - Rs.71,"Simpolo Porcelain Tile, size 300x300mm, used for flooring and wall cladding.",https://placehold.co/400x300/C97B4A/FFFFFF?text=Simpolo+Porcelain+Tile+%28300x300mm%29
MAT01725,Finishing & Interior,Tiles,Porcelain Tile (400x400mm),Kajaria,400x400mm,sq.ft / box,Rs.38 - Rs.71,"Kajaria Porcelain Tile, size 400x400mm, used for flooring and wall cladding.",https://placehold.co/400x300/C97B4A/FFFFFF?text=Kajaria+Porcelain+Tile+%28400x400mm%29
MAT01726,Finishing & Interior,Tiles,Porcelain Tile (400x400mm),Somany,400x400mm,sq.ft / box,Rs.38 - Rs.71,"Somany Porcelain Tile, size 400x400mm, used for flooring and wall cladding.",https://placehold.co/400x300/C97B4A/FFFFFF?text=Somany+Porcelain+Tile+%28400x400mm%29
MAT01727,Finishing & Interior,Tiles,Porcelain Tile (400x400mm),Johnson Tiles,400x400mm,sq.ft / box,Rs.38 - Rs.71,"Johnson Tiles Porcelain Tile, size 400x400mm, used for flooring and wall cladding.",https://placehold.co/400x300/C97B4A/FFFFFF?text=Johnson+Tiles+Porcelain+Tile+%28400x400mm%29
MAT01728,Finishing & Interior,Tiles,Porcelain Tile (400x400mm),Nitco,400x400mm,sq.ft / box,Rs.38 - Rs.71,"Nitco Porcelain Tile, size 400x400mm, used for flooring and wall cladding.",https://placehold.co/400x300/C97B4A/FFFFFF?text=Nitco+Porcelain+Tile+%28400x400mm%29
MAT01729,Finishing & Interior,Tiles,Porcelain Tile (400x400mm),Orientbell,400x400mm,sq.ft / box,Rs.38 - Rs.71,"Orientbell Porcelain Tile, size 400x400mm, used for flooring and wall cladding.",https://placehold.co/400x300/C97B4A/FFFFFF?text=Orientbell+Porcelain+Tile+%28400x400mm%29
MAT01730,Finishing & Interior,Tiles,Porcelain Tile (400x400mm),RAK Ceramics,400x400mm,sq.ft / box,Rs.38 - Rs.71,"RAK Ceramics Porcelain Tile, size 400x400mm, used for flooring and wall cladding.",https://placehold.co/400x300/C97B4A/FFFFFF?text=RAK+Ceramics+Porcelain+Tile+%28400x400mm%29
MAT01731,Finishing & Interior,Paints & Finishes,Interior Emulsion Paint (1L),Asian Paints,1L,can,Rs.315 - Rs.585,"Asian Paints Interior Emulsion Paint, 1L pack, used for interior/exterior wall and surface finishing.",https://placehold.co/400x300/C97B4A/FFFFFF?text=Asian+Paints+Interior+Emulsion+Paint+%281L%29
MAT01732,Finishing & Interior,Paints & Finishes,Interior Emulsion Paint (1L),Berger Paints,1L,can,Rs.315 - Rs.585,"Berger Paints Interior Emulsion Paint, 1L pack, used for interior/exterior wall and surface finishing.",https://placehold.co/400x300/C97B4A/FFFFFF?text=Berger+Paints+Interior+Emulsion+Paint+%281L%29
MAT01733,Finishing & Interior,Paints & Finishes,Interior Emulsion Paint (1L),Nerolac,1L,can,Rs.315 - Rs.585,"Nerolac Interior Emulsion Paint, 1L pack, used for interior/exterior wall and surface finishing.",https://placehold.co/400x300/C97B4A/FFFFFF?text=Nerolac+Interior+Emulsion+Paint+%281L%29
MAT01734,Finishing & Interior,Paints & Finishes,Interior Emulsion Paint (1L),Dulux,1L,can,Rs.315 - Rs.585,"Dulux Interior Emulsion Paint, 1L pack, used for interior/exterior wall and surface finishing.",https://placehold.co/400x300/C97B4A/FFFFFF?text=Dulux+Interior+Emulsion+Paint+%281L%29
MAT01735,Finishing & Interior,Paints & Finishes,Interior Emulsion Paint (1L),Indigo Paints,1L,can,Rs.315 - Rs.585,"Indigo Paints Interior Emulsion Paint, 1L pack, used for interior/exterior wall and surface finishing.",https://placehold.co/400x300/C97B4A/FFFFFF?text=Indigo+Paints+Interior+Emulsion+Paint+%281L%29
MAT01736,Finishing & Interior,Paints & Finishes,Interior Emulsion Paint (1L),Shalimar Paints,1L,can,Rs.315 - Rs.585,"Shalimar Paints Interior Emulsion Paint, 1L pack, used for interior/exterior wall and surface finishing.",https://placehold.co/400x300/C97B4A/FFFFFF?text=Shalimar+Paints+Interior+Emulsion+Paint+%281L%29
MAT01737,Finishing & Interior,Paints & Finishes,Interior Emulsion Paint (1L),JSW Paints,1L,can,Rs.315 - Rs.585,"JSW Paints Interior Emulsion Paint, 1L pack, used for interior/exterior wall and surface finishing.",https://placehold.co/400x300/C97B4A/FFFFFF?text=JSW+Paints+Interior+Emulsion+Paint+%281L%29
MAT01738,Finishing & Interior,Paints & Finishes,Interior Emulsion Paint (1L),Nippon Paint,1L,can,Rs.315 - Rs.585,"Nippon Paint Interior Emulsion Paint, 1L pack, used for interior/exterior wall and surface finishing.",https://placehold.co/400x300/C97B4A/FFFFFF?text=Nippon+Paint+Interior+Emulsion+Paint+%281L%29
MAT01739,Finishing & Interior,Paints & Finishes,Interior Emulsion Paint (4L),Asian Paints,4L,can,Rs.315 - Rs.585,"Asian Paints Interior Emulsion Paint, 4L pack, used for interior/exterior wall and surface finishing.",https://placehold.co/400x300/C97B4A/FFFFFF?text=Asian+Paints+Interior+Emulsion+Paint+%284L%29
MAT01740,Finishing & Interior,Paints & Finishes,Interior Emulsion Paint (4L),Berger Paints,4L,can,Rs.315 - Rs.585,"Berger Paints Interior Emulsion Paint, 4L pack, used for interior/exterior wall and surface finishing.",https://placehold.co/400x300/C97B4A/FFFFFF?text=Berger+Paints+Interior+Emulsion+Paint+%284L%29
MAT01741,Finishing & Interior,Paints & Finishes,Interior Emulsion Paint (4L),Nerolac,4L,can,Rs.315 - Rs.585,"Nerolac Interior Emulsion Paint, 4L pack, used for interior/exterior wall and surface finishing.",https://placehold.co/400x300/C97B4A/FFFFFF?text=Nerolac+Interior+Emulsion+Paint+%284L%29
MAT01742,Finishing & Interior,Paints & Finishes,Interior Emulsion Paint (4L),Dulux,4L,can,Rs.315 - Rs.585,"Dulux Interior Emulsion Paint, 4L pack, used for interior/exterior wall and surface finishing.",https://placehold.co/400x300/C97B4A/FFFFFF?text=Dulux+Interior+Emulsion+Paint+%284L%29
MAT01743,Finishing & Interior,Paints & Finishes,Interior Emulsion Paint (4L),Indigo Paints,4L,can,Rs.315 - Rs.585,"Indigo Paints Interior Emulsion Paint, 4L pack, used for interior/exterior wall and surface finishing.",https://placehold.co/400x300/C97B4A/FFFFFF?text=Indigo+Paints+Interior+Emulsion+Paint+%284L%29
MAT01744,Finishing & Interior,Paints & Finishes,Interior Emulsion Paint (4L),Shalimar Paints,4L,can,Rs.315 - Rs.585,"Shalimar Paints Interior Emulsion Paint, 4L pack, used for interior/exterior wall and surface finishing.",https://placehold.co/400x300/C97B4A/FFFFFF?text=Shalimar+Paints+Interior+Emulsion+Paint+%284L%29
MAT01745,Finishing & Interior,Paints & Finishes,Interior Emulsion Paint (4L),JSW Paints,4L,can,Rs.315 - Rs.585,"JSW Paints Interior Emulsion Paint, 4L pack, used for interior/exterior wall and surface finishing.",https://placehold.co/400x300/C97B4A/FFFFFF?text=JSW+Paints+Interior+Emulsion+Paint+%284L%29
MAT01746,Finishing & Interior,Paints & Finishes,Interior Emulsion Paint (4L),Nippon Paint,4L,can,Rs.315 - Rs.585,"Nippon Paint Interior Emulsion Paint, 4L pack, used for interior/exterior wall and surface finishing.",https://placehold.co/400x300/C97B4A/FFFFFF?text=Nippon+Paint+Interior+Emulsion+Paint+%284L%29
MAT01747,Finishing & Interior,Paints & Finishes,Interior Emulsion Paint (10L),Asian Paints,10L,can,Rs.315 - Rs.585,"Asian Paints Interior Emulsion Paint, 10L pack, used for interior/exterior wall and surface finishing.",https://placehold.co/400x300/C97B4A/FFFFFF?text=Asian+Paints+Interior+Emulsion+Paint+%2810L%29
MAT01748,Finishing & Interior,Paints & Finishes,Interior Emulsion Paint (10L),Berger Paints,10L,can,Rs.315 - Rs.585,"Berger Paints Interior Emulsion Paint, 10L pack, used for interior/exterior wall and surface finishing.",https://placehold.co/400x300/C97B4A/FFFFFF?text=Berger+Paints+Interior+Emulsion+Paint+%2810L%29
MAT01749,Finishing & Interior,Paints & Finishes,Interior Emulsion Paint (10L),Nerolac,10L,can,Rs.315 - Rs.585,"Nerolac Interior Emulsion Paint, 10L pack, used for interior/exterior wall and surface finishing.",https://placehold.co/400x300/C97B4A/FFFFFF?text=Nerolac+Interior+Emulsion+Paint+%2810L%29
MAT01750,Finishing & Interior,Paints & Finishes,Interior Emulsion Paint (10L),Dulux,10L,can,Rs.315 - Rs.585,"Dulux Interior Emulsion Paint, 10L pack, used for interior/exterior wall and surface finishing.",https://placehold.co/400x300/C97B4A/FFFFFF?text=Dulux+Interior+Emulsion+Paint+%2810L%29
MAT01751,Finishing & Interior,Paints & Finishes,Interior Emulsion Paint (10L),Indigo Paints,10L,can,Rs.315 - Rs.585,"Indigo Paints Interior Emulsion Paint, 10L pack, used for interior/exterior wall and surface finishing.",https://placehold.co/400x300/C97B4A/FFFFFF?text=Indigo+Paints+Interior+Emulsion+Paint+%2810L%29
MAT01752,Finishing & Interior,Paints & Finishes,Interior Emulsion Paint (10L),Shalimar Paints,10L,can,Rs.315 - Rs.585,"Shalimar Paints Interior Emulsion Paint, 10L pack, used for interior/exterior wall and surface finishing.",https://placehold.co/400x300/C97B4A/FFFFFF?text=Shalimar+Paints+Interior+Emulsion+Paint+%2810L%29
MAT01753,Finishing & Interior,Paints & Finishes,Interior Emulsion Paint (10L),JSW Paints,10L,can,Rs.315 - Rs.585,"JSW Paints Interior Emulsion Paint, 10L pack, used for interior/exterior wall and surface finishing.",https://placehold.co/400x300/C97B4A/FFFFFF?text=JSW+Paints+Interior+Emulsion+Paint+%2810L%29
MAT01754,Finishing & Interior,Paints & Finishes,Interior Emulsion Paint (10L),Nippon Paint,10L,can,Rs.315 - Rs.585,"Nippon Paint Interior Emulsion Paint, 10L pack, used for interior/exterior wall and surface finishing.",https://placehold.co/400x300/C97B4A/FFFFFF?text=Nippon+Paint+Interior+Emulsion+Paint+%2810L%29
MAT01755,Finishing & Interior,Paints & Finishes,Interior Emulsion Paint (20L),Asian Paints,20L,can,Rs.315 - Rs.585,"Asian Paints Interior Emulsion Paint, 20L pack, used for interior/exterior wall and surface finishing.",https://placehold.co/400x300/C97B4A/FFFFFF?text=Asian+Paints+Interior+Emulsion+Paint+%2820L%29
MAT01756,Finishing & Interior,Paints & Finishes,Interior Emulsion Paint (20L),Berger Paints,20L,can,Rs.315 - Rs.585,"Berger Paints Interior Emulsion Paint, 20L pack, used for interior/exterior wall and surface finishing.",https://placehold.co/400x300/C97B4A/FFFFFF?text=Berger+Paints+Interior+Emulsion+Paint+%2820L%29
MAT01757,Finishing & Interior,Paints & Finishes,Interior Emulsion Paint (20L),Nerolac,20L,can,Rs.315 - Rs.585,"Nerolac Interior Emulsion Paint, 20L pack, used for interior/exterior wall and surface finishing.",https://placehold.co/400x300/C97B4A/FFFFFF?text=Nerolac+Interior+Emulsion+Paint+%2820L%29
MAT01758,Finishing & Interior,Paints & Finishes,Interior Emulsion Paint (20L),Dulux,20L,can,Rs.315 - Rs.585,"Dulux Interior Emulsion Paint, 20L pack, used for interior/exterior wall and surface finishing.",https://placehold.co/400x300/C97B4A/FFFFFF?text=Dulux+Interior+Emulsion+Paint+%2820L%29
MAT01759,Finishing & Interior,Paints & Finishes,Interior Emulsion Paint (20L),Indigo Paints,20L,can,Rs.315 - Rs.585,"Indigo Paints Interior Emulsion Paint, 20L pack, used for interior/exterior wall and surface finishing.",https://placehold.co/400x300/C97B4A/FFFFFF?text=Indigo+Paints+Interior+Emulsion+Paint+%2820L%29
MAT01760,Finishing & Interior,Paints & Finishes,Interior Emulsion Paint (20L),Shalimar Paints,20L,can,Rs.315 - Rs.585,"Shalimar Paints Interior Emulsion Paint, 20L pack, used for interior/exterior wall and surface finishing.",https://placehold.co/400x300/C97B4A/FFFFFF?text=Shalimar+Paints+Interior+Emulsion+Paint+%2820L%29
MAT01761,Finishing & Interior,Paints & Finishes,Interior Emulsion Paint (20L),JSW Paints,20L,can,Rs.315 - Rs.585,"JSW Paints Interior Emulsion Paint, 20L pack, used for interior/exterior wall and surface finishing.",https://placehold.co/400x300/C97B4A/FFFFFF?text=JSW+Paints+Interior+Emulsion+Paint+%2820L%29
MAT01762,Finishing & Interior,Paints & Finishes,Interior Emulsion Paint (20L),Nippon Paint,20L,can,Rs.315 - Rs.585,"Nippon Paint Interior Emulsion Paint, 20L pack, used for interior/exterior wall and surface finishing.",https://placehold.co/400x300/C97B4A/FFFFFF?text=Nippon+Paint+Interior+Emulsion+Paint+%2820L%29
MAT01763,Finishing & Interior,Paints & Finishes,Exterior Emulsion Paint (1L),Asian Paints,1L,can,Rs.315 - Rs.585,"Asian Paints Exterior Emulsion Paint, 1L pack, used for interior/exterior wall and surface finishing.",https://placehold.co/400x300/C97B4A/FFFFFF?text=Asian+Paints+Exterior+Emulsion+Paint+%281L%29
MAT01764,Finishing & Interior,Paints & Finishes,Exterior Emulsion Paint (1L),Berger Paints,1L,can,Rs.315 - Rs.585,"Berger Paints Exterior Emulsion Paint, 1L pack, used for interior/exterior wall and surface finishing.",https://placehold.co/400x300/C97B4A/FFFFFF?text=Berger+Paints+Exterior+Emulsion+Paint+%281L%29
MAT01765,Finishing & Interior,Paints & Finishes,Exterior Emulsion Paint (1L),Nerolac,1L,can,Rs.315 - Rs.585,"Nerolac Exterior Emulsion Paint, 1L pack, used for interior/exterior wall and surface finishing.",https://placehold.co/400x300/C97B4A/FFFFFF?text=Nerolac+Exterior+Emulsion+Paint+%281L%29
MAT01766,Finishing & Interior,Paints & Finishes,Exterior Emulsion Paint (1L),Dulux,1L,can,Rs.315 - Rs.585,"Dulux Exterior Emulsion Paint, 1L pack, used for interior/exterior wall and surface finishing.",https://placehold.co/400x300/C97B4A/FFFFFF?text=Dulux+Exterior+Emulsion+Paint+%281L%29
MAT01767,Finishing & Interior,Paints & Finishes,Exterior Emulsion Paint (1L),Indigo Paints,1L,can,Rs.315 - Rs.585,"Indigo Paints Exterior Emulsion Paint, 1L pack, used for interior/exterior wall and surface finishing.",https://placehold.co/400x300/C97B4A/FFFFFF?text=Indigo+Paints+Exterior+Emulsion+Paint+%281L%29
MAT01768,Finishing & Interior,Paints & Finishes,Exterior Emulsion Paint (1L),Shalimar Paints,1L,can,Rs.315 - Rs.585,"Shalimar Paints Exterior Emulsion Paint, 1L pack, used for interior/exterior wall and surface finishing.",https://placehold.co/400x300/C97B4A/FFFFFF?text=Shalimar+Paints+Exterior+Emulsion+Paint+%281L%29
MAT01769,Finishing & Interior,Paints & Finishes,Exterior Emulsion Paint (1L),JSW Paints,1L,can,Rs.315 - Rs.585,"JSW Paints Exterior Emulsion Paint, 1L pack, used for interior/exterior wall and surface finishing.",https://placehold.co/400x300/C97B4A/FFFFFF?text=JSW+Paints+Exterior+Emulsion+Paint+%281L%29
MAT01770,Finishing & Interior,Paints & Finishes,Exterior Emulsion Paint (1L),Nippon Paint,1L,can,Rs.315 - Rs.585,"Nippon Paint Exterior Emulsion Paint, 1L pack, used for interior/exterior wall and surface finishing.",https://placehold.co/400x300/C97B4A/FFFFFF?text=Nippon+Paint+Exterior+Emulsion+Paint+%281L%29
MAT01771,Finishing & Interior,Paints & Finishes,Exterior Emulsion Paint (4L),Asian Paints,4L,can,Rs.315 - Rs.585,"Asian Paints Exterior Emulsion Paint, 4L pack, used for interior/exterior wall and surface finishing.",https://placehold.co/400x300/C97B4A/FFFFFF?text=Asian+Paints+Exterior+Emulsion+Paint+%284L%29
MAT01772,Finishing & Interior,Paints & Finishes,Exterior Emulsion Paint (4L),Berger Paints,4L,can,Rs.315 - Rs.585,"Berger Paints Exterior Emulsion Paint, 4L pack, used for interior/exterior wall and surface finishing.",https://placehold.co/400x300/C97B4A/FFFFFF?text=Berger+Paints+Exterior+Emulsion+Paint+%284L%29
MAT01773,Finishing & Interior,Paints & Finishes,Exterior Emulsion Paint (4L),Nerolac,4L,can,Rs.315 - Rs.585,"Nerolac Exterior Emulsion Paint, 4L pack, used for interior/exterior wall and surface finishing.",https://placehold.co/400x300/C97B4A/FFFFFF?text=Nerolac+Exterior+Emulsion+Paint+%284L%29
MAT01774,Finishing & Interior,Paints & Finishes,Exterior Emulsion Paint (4L),Dulux,4L,can,Rs.315 - Rs.585,"Dulux Exterior Emulsion Paint, 4L pack, used for interior/exterior wall and surface finishing.",https://placehold.co/400x300/C97B4A/FFFFFF?text=Dulux+Exterior+Emulsion+Paint+%284L%29
MAT01775,Finishing & Interior,Paints & Finishes,Exterior Emulsion Paint (4L),Indigo Paints,4L,can,Rs.315 - Rs.585,"Indigo Paints Exterior Emulsion Paint, 4L pack, used for interior/exterior wall and surface finishing.",https://placehold.co/400x300/C97B4A/FFFFFF?text=Indigo+Paints+Exterior+Emulsion+Paint+%284L%29
MAT01776,Finishing & Interior,Paints & Finishes,Exterior Emulsion Paint (4L),Shalimar Paints,4L,can,Rs.315 - Rs.585,"Shalimar Paints Exterior Emulsion Paint, 4L pack, used for interior/exterior wall and surface finishing.",https://placehold.co/400x300/C97B4A/FFFFFF?text=Shalimar+Paints+Exterior+Emulsion+Paint+%284L%29
MAT01777,Finishing & Interior,Paints & Finishes,Exterior Emulsion Paint (4L),JSW Paints,4L,can,Rs.315 - Rs.585,"JSW Paints Exterior Emulsion Paint, 4L pack, used for interior/exterior wall and surface finishing.",https://placehold.co/400x300/C97B4A/FFFFFF?text=JSW+Paints+Exterior+Emulsion+Paint+%284L%29
MAT01778,Finishing & Interior,Paints & Finishes,Exterior Emulsion Paint (4L),Nippon Paint,4L,can,Rs.315 - Rs.585,"Nippon Paint Exterior Emulsion Paint, 4L pack, used for interior/exterior wall and surface finishing.",https://placehold.co/400x300/C97B4A/FFFFFF?text=Nippon+Paint+Exterior+Emulsion+Paint+%284L%29
MAT01779,Finishing & Interior,Paints & Finishes,Exterior Emulsion Paint (10L),Asian Paints,10L,can,Rs.315 - Rs.585,"Asian Paints Exterior Emulsion Paint, 10L pack, used for interior/exterior wall and surface finishing.",https://placehold.co/400x300/C97B4A/FFFFFF?text=Asian+Paints+Exterior+Emulsion+Paint+%2810L%29
MAT01780,Finishing & Interior,Paints & Finishes,Exterior Emulsion Paint (10L),Berger Paints,10L,can,Rs.315 - Rs.585,"Berger Paints Exterior Emulsion Paint, 10L pack, used for interior/exterior wall and surface finishing.",https://placehold.co/400x300/C97B4A/FFFFFF?text=Berger+Paints+Exterior+Emulsion+Paint+%2810L%29
MAT01781,Finishing & Interior,Paints & Finishes,Exterior Emulsion Paint (10L),Nerolac,10L,can,Rs.315 - Rs.585,"Nerolac Exterior Emulsion Paint, 10L pack, used for interior/exterior wall and surface finishing.",https://placehold.co/400x300/C97B4A/FFFFFF?text=Nerolac+Exterior+Emulsion+Paint+%2810L%29
MAT01782,Finishing & Interior,Paints & Finishes,Exterior Emulsion Paint (10L),Dulux,10L,can,Rs.315 - Rs.585,"Dulux Exterior Emulsion Paint, 10L pack, used for interior/exterior wall and surface finishing.",https://placehold.co/400x300/C97B4A/FFFFFF?text=Dulux+Exterior+Emulsion+Paint+%2810L%29
MAT01783,Finishing & Interior,Paints & Finishes,Exterior Emulsion Paint (10L),Indigo Paints,10L,can,Rs.315 - Rs.585,"Indigo Paints Exterior Emulsion Paint, 10L pack, used for interior/exterior wall and surface finishing.",https://placehold.co/400x300/C97B4A/FFFFFF?text=Indigo+Paints+Exterior+Emulsion+Paint+%2810L%29
MAT01784,Finishing & Interior,Paints & Finishes,Exterior Emulsion Paint (10L),Shalimar Paints,10L,can,Rs.315 - Rs.585,"Shalimar Paints Exterior Emulsion Paint, 10L pack, used for interior/exterior wall and surface finishing.",https://placehold.co/400x300/C97B4A/FFFFFF?text=Shalimar+Paints+Exterior+Emulsion+Paint+%2810L%29
MAT01785,Finishing & Interior,Paints & Finishes,Exterior Emulsion Paint (10L),JSW Paints,10L,can,Rs.315 - Rs.585,"JSW Paints Exterior Emulsion Paint, 10L pack, used for interior/exterior wall and surface finishing.",https://placehold.co/400x300/C97B4A/FFFFFF?text=JSW+Paints+Exterior+Emulsion+Paint+%2810L%29
MAT01786,Finishing & Interior,Paints & Finishes,Exterior Emulsion Paint (10L),Nippon Paint,10L,can,Rs.315 - Rs.585,"Nippon Paint Exterior Emulsion Paint, 10L pack, used for interior/exterior wall and surface finishing.",https://placehold.co/400x300/C97B4A/FFFFFF?text=Nippon+Paint+Exterior+Emulsion+Paint+%2810L%29
MAT01787,Finishing & Interior,Paints & Finishes,Exterior Emulsion Paint (20L),Asian Paints,20L,can,Rs.315 - Rs.585,"Asian Paints Exterior Emulsion Paint, 20L pack, used for interior/exterior wall and surface finishing.",https://placehold.co/400x300/C97B4A/FFFFFF?text=Asian+Paints+Exterior+Emulsion+Paint+%2820L%29
MAT01788,Finishing & Interior,Paints & Finishes,Exterior Emulsion Paint (20L),Berger Paints,20L,can,Rs.315 - Rs.585,"Berger Paints Exterior Emulsion Paint, 20L pack, used for interior/exterior wall and surface finishing.",https://placehold.co/400x300/C97B4A/FFFFFF?text=Berger+Paints+Exterior+Emulsion+Paint+%2820L%29
MAT01789,Finishing & Interior,Paints & Finishes,Exterior Emulsion Paint (20L),Nerolac,20L,can,Rs.315 - Rs.585,"Nerolac Exterior Emulsion Paint, 20L pack, used for interior/exterior wall and surface finishing.",https://placehold.co/400x300/C97B4A/FFFFFF?text=Nerolac+Exterior+Emulsion+Paint+%2820L%29
MAT01790,Finishing & Interior,Paints & Finishes,Exterior Emulsion Paint (20L),Dulux,20L,can,Rs.315 - Rs.585,"Dulux Exterior Emulsion Paint, 20L pack, used for interior/exterior wall and surface finishing.",https://placehold.co/400x300/C97B4A/FFFFFF?text=Dulux+Exterior+Emulsion+Paint+%2820L%29
MAT01791,Finishing & Interior,Paints & Finishes,Exterior Emulsion Paint (20L),Indigo Paints,20L,can,Rs.315 - Rs.585,"Indigo Paints Exterior Emulsion Paint, 20L pack, used for interior/exterior wall and surface finishing.",https://placehold.co/400x300/C97B4A/FFFFFF?text=Indigo+Paints+Exterior+Emulsion+Paint+%2820L%29
MAT01792,Finishing & Interior,Paints & Finishes,Exterior Emulsion Paint (20L),Shalimar Paints,20L,can,Rs.315 - Rs.585,"Shalimar Paints Exterior Emulsion Paint, 20L pack, used for interior/exterior wall and surface finishing.",https://placehold.co/400x300/C97B4A/FFFFFF?text=Shalimar+Paints+Exterior+Emulsion+Paint+%2820L%29
MAT01793,Finishing & Interior,Paints & Finishes,Exterior Emulsion Paint (20L),JSW Paints,20L,can,Rs.315 - Rs.585,"JSW Paints Exterior Emulsion Paint, 20L pack, used for interior/exterior wall and surface finishing.",https://placehold.co/400x300/C97B4A/FFFFFF?text=JSW+Paints+Exterior+Emulsion+Paint+%2820L%29
MAT01794,Finishing & Interior,Paints & Finishes,Exterior Emulsion Paint (20L),Nippon Paint,20L,can,Rs.315 - Rs.585,"Nippon Paint Exterior Emulsion Paint, 20L pack, used for interior/exterior wall and surface finishing.",https://placehold.co/400x300/C97B4A/FFFFFF?text=Nippon+Paint+Exterior+Emulsion+Paint+%2820L%29
MAT01795,Finishing & Interior,Paints & Finishes,Primer (1L),Asian Paints,1L,can,Rs.315 - Rs.585,"Asian Paints Primer, 1L pack, used for interior/exterior wall and surface finishing.",https://placehold.co/400x300/C97B4A/FFFFFF?text=Asian+Paints+Primer+%281L%29
MAT01796,Finishing & Interior,Paints & Finishes,Primer (1L),Berger Paints,1L,can,Rs.315 - Rs.585,"Berger Paints Primer, 1L pack, used for interior/exterior wall and surface finishing.",https://placehold.co/400x300/C97B4A/FFFFFF?text=Berger+Paints+Primer+%281L%29
MAT01797,Finishing & Interior,Paints & Finishes,Primer (1L),Nerolac,1L,can,Rs.315 - Rs.585,"Nerolac Primer, 1L pack, used for interior/exterior wall and surface finishing.",https://placehold.co/400x300/C97B4A/FFFFFF?text=Nerolac+Primer+%281L%29
MAT01798,Finishing & Interior,Paints & Finishes,Primer (1L),Dulux,1L,can,Rs.315 - Rs.585,"Dulux Primer, 1L pack, used for interior/exterior wall and surface finishing.",https://placehold.co/400x300/C97B4A/FFFFFF?text=Dulux+Primer+%281L%29
MAT01799,Finishing & Interior,Paints & Finishes,Primer (1L),Indigo Paints,1L,can,Rs.315 - Rs.585,"Indigo Paints Primer, 1L pack, used for interior/exterior wall and surface finishing.",https://placehold.co/400x300/C97B4A/FFFFFF?text=Indigo+Paints+Primer+%281L%29
MAT01800,Finishing & Interior,Paints & Finishes,Primer (1L),Shalimar Paints,1L,can,Rs.315 - Rs.585,"Shalimar Paints Primer, 1L pack, used for interior/exterior wall and surface finishing.",https://placehold.co/400x300/C97B4A/FFFFFF?text=Shalimar+Paints+Primer+%281L%29
MAT01801,Finishing & Interior,Paints & Finishes,Primer (1L),JSW Paints,1L,can,Rs.315 - Rs.585,"JSW Paints Primer, 1L pack, used for interior/exterior wall and surface finishing.",https://placehold.co/400x300/C97B4A/FFFFFF?text=JSW+Paints+Primer+%281L%29
MAT01802,Finishing & Interior,Paints & Finishes,Primer (1L),Nippon Paint,1L,can,Rs.315 - Rs.585,"Nippon Paint Primer, 1L pack, used for interior/exterior wall and surface finishing.",https://placehold.co/400x300/C97B4A/FFFFFF?text=Nippon+Paint+Primer+%281L%29
MAT01803,Finishing & Interior,Paints & Finishes,Primer (4L),Asian Paints,4L,can,Rs.315 - Rs.585,"Asian Paints Primer, 4L pack, used for interior/exterior wall and surface finishing.",https://placehold.co/400x300/C97B4A/FFFFFF?text=Asian+Paints+Primer+%284L%29
MAT01804,Finishing & Interior,Paints & Finishes,Primer (4L),Berger Paints,4L,can,Rs.315 - Rs.585,"Berger Paints Primer, 4L pack, used for interior/exterior wall and surface finishing.",https://placehold.co/400x300/C97B4A/FFFFFF?text=Berger+Paints+Primer+%284L%29
MAT01805,Finishing & Interior,Paints & Finishes,Primer (4L),Nerolac,4L,can,Rs.315 - Rs.585,"Nerolac Primer, 4L pack, used for interior/exterior wall and surface finishing.",https://placehold.co/400x300/C97B4A/FFFFFF?text=Nerolac+Primer+%284L%29
MAT01806,Finishing & Interior,Paints & Finishes,Primer (4L),Dulux,4L,can,Rs.315 - Rs.585,"Dulux Primer, 4L pack, used for interior/exterior wall and surface finishing.",https://placehold.co/400x300/C97B4A/FFFFFF?text=Dulux+Primer+%284L%29
MAT01807,Finishing & Interior,Paints & Finishes,Primer (4L),Indigo Paints,4L,can,Rs.315 - Rs.585,"Indigo Paints Primer, 4L pack, used for interior/exterior wall and surface finishing.",https://placehold.co/400x300/C97B4A/FFFFFF?text=Indigo+Paints+Primer+%284L%29
MAT01808,Finishing & Interior,Paints & Finishes,Primer (4L),Shalimar Paints,4L,can,Rs.315 - Rs.585,"Shalimar Paints Primer, 4L pack, used for interior/exterior wall and surface finishing.",https://placehold.co/400x300/C97B4A/FFFFFF?text=Shalimar+Paints+Primer+%284L%29
MAT01809,Finishing & Interior,Paints & Finishes,Primer (4L),JSW Paints,4L,can,Rs.315 - Rs.585,"JSW Paints Primer, 4L pack, used for interior/exterior wall and surface finishing.",https://placehold.co/400x300/C97B4A/FFFFFF?text=JSW+Paints+Primer+%284L%29
MAT01810,Finishing & Interior,Paints & Finishes,Primer (4L),Nippon Paint,4L,can,Rs.315 - Rs.585,"Nippon Paint Primer, 4L pack, used for interior/exterior wall and surface finishing.",https://placehold.co/400x300/C97B4A/FFFFFF?text=Nippon+Paint+Primer+%284L%29
MAT01811,Finishing & Interior,Paints & Finishes,Primer (10L),Asian Paints,10L,can,Rs.315 - Rs.585,"Asian Paints Primer, 10L pack, used for interior/exterior wall and surface finishing.",https://placehold.co/400x300/C97B4A/FFFFFF?text=Asian+Paints+Primer+%2810L%29
MAT01812,Finishing & Interior,Paints & Finishes,Primer (10L),Berger Paints,10L,can,Rs.315 - Rs.585,"Berger Paints Primer, 10L pack, used for interior/exterior wall and surface finishing.",https://placehold.co/400x300/C97B4A/FFFFFF?text=Berger+Paints+Primer+%2810L%29
MAT01813,Finishing & Interior,Paints & Finishes,Primer (10L),Nerolac,10L,can,Rs.315 - Rs.585,"Nerolac Primer, 10L pack, used for interior/exterior wall and surface finishing.",https://placehold.co/400x300/C97B4A/FFFFFF?text=Nerolac+Primer+%2810L%29
MAT01814,Finishing & Interior,Paints & Finishes,Primer (10L),Dulux,10L,can,Rs.315 - Rs.585,"Dulux Primer, 10L pack, used for interior/exterior wall and surface finishing.",https://placehold.co/400x300/C97B4A/FFFFFF?text=Dulux+Primer+%2810L%29
MAT01815,Finishing & Interior,Paints & Finishes,Primer (10L),Indigo Paints,10L,can,Rs.315 - Rs.585,"Indigo Paints Primer, 10L pack, used for interior/exterior wall and surface finishing.",https://placehold.co/400x300/C97B4A/FFFFFF?text=Indigo+Paints+Primer+%2810L%29
MAT01816,Finishing & Interior,Paints & Finishes,Primer (10L),Shalimar Paints,10L,can,Rs.315 - Rs.585,"Shalimar Paints Primer, 10L pack, used for interior/exterior wall and surface finishing.",https://placehold.co/400x300/C97B4A/FFFFFF?text=Shalimar+Paints+Primer+%2810L%29
MAT01817,Finishing & Interior,Paints & Finishes,Primer (10L),JSW Paints,10L,can,Rs.315 - Rs.585,"JSW Paints Primer, 10L pack, used for interior/exterior wall and surface finishing.",https://placehold.co/400x300/C97B4A/FFFFFF?text=JSW+Paints+Primer+%2810L%29
MAT01818,Finishing & Interior,Paints & Finishes,Primer (10L),Nippon Paint,10L,can,Rs.315 - Rs.585,"Nippon Paint Primer, 10L pack, used for interior/exterior wall and surface finishing.",https://placehold.co/400x300/C97B4A/FFFFFF?text=Nippon+Paint+Primer+%2810L%29
MAT01819,Finishing & Interior,Paints & Finishes,Primer (20L),Asian Paints,20L,can,Rs.315 - Rs.585,"Asian Paints Primer, 20L pack, used for interior/exterior wall and surface finishing.",https://placehold.co/400x300/C97B4A/FFFFFF?text=Asian+Paints+Primer+%2820L%29
MAT01820,Finishing & Interior,Paints & Finishes,Primer (20L),Berger Paints,20L,can,Rs.315 - Rs.585,"Berger Paints Primer, 20L pack, used for interior/exterior wall and surface finishing.",https://placehold.co/400x300/C97B4A/FFFFFF?text=Berger+Paints+Primer+%2820L%29
MAT01821,Finishing & Interior,Paints & Finishes,Primer (20L),Nerolac,20L,can,Rs.315 - Rs.585,"Nerolac Primer, 20L pack, used for interior/exterior wall and surface finishing.",https://placehold.co/400x300/C97B4A/FFFFFF?text=Nerolac+Primer+%2820L%29
MAT01822,Finishing & Interior,Paints & Finishes,Primer (20L),Dulux,20L,can,Rs.315 - Rs.585,"Dulux Primer, 20L pack, used for interior/exterior wall and surface finishing.",https://placehold.co/400x300/C97B4A/FFFFFF?text=Dulux+Primer+%2820L%29
MAT01823,Finishing & Interior,Paints & Finishes,Primer (20L),Indigo Paints,20L,can,Rs.315 - Rs.585,"Indigo Paints Primer, 20L pack, used for interior/exterior wall and surface finishing.",https://placehold.co/400x300/C97B4A/FFFFFF?text=Indigo+Paints+Primer+%2820L%29
MAT01824,Finishing & Interior,Paints & Finishes,Primer (20L),Shalimar Paints,20L,can,Rs.315 - Rs.585,"Shalimar Paints Primer, 20L pack, used for interior/exterior wall and surface finishing.",https://placehold.co/400x300/C97B4A/FFFFFF?text=Shalimar+Paints+Primer+%2820L%29
MAT01825,Finishing & Interior,Paints & Finishes,Primer (20L),JSW Paints,20L,can,Rs.315 - Rs.585,"JSW Paints Primer, 20L pack, used for interior/exterior wall and surface finishing.",https://placehold.co/400x300/C97B4A/FFFFFF?text=JSW+Paints+Primer+%2820L%29
MAT01826,Finishing & Interior,Paints & Finishes,Primer (20L),Nippon Paint,20L,can,Rs.315 - Rs.585,"Nippon Paint Primer, 20L pack, used for interior/exterior wall and surface finishing.",https://placehold.co/400x300/C97B4A/FFFFFF?text=Nippon+Paint+Primer+%2820L%29
MAT01827,Finishing & Interior,Paints & Finishes,Enamel Paint (1L),Asian Paints,1L,can,Rs.315 - Rs.585,"Asian Paints Enamel Paint, 1L pack, used for interior/exterior wall and surface finishing.",https://placehold.co/400x300/C97B4A/FFFFFF?text=Asian+Paints+Enamel+Paint+%281L%29
MAT01828,Finishing & Interior,Paints & Finishes,Enamel Paint (1L),Berger Paints,1L,can,Rs.315 - Rs.585,"Berger Paints Enamel Paint, 1L pack, used for interior/exterior wall and surface finishing.",https://placehold.co/400x300/C97B4A/FFFFFF?text=Berger+Paints+Enamel+Paint+%281L%29
MAT01829,Finishing & Interior,Paints & Finishes,Enamel Paint (1L),Nerolac,1L,can,Rs.315 - Rs.585,"Nerolac Enamel Paint, 1L pack, used for interior/exterior wall and surface finishing.",https://placehold.co/400x300/C97B4A/FFFFFF?text=Nerolac+Enamel+Paint+%281L%29
MAT01830,Finishing & Interior,Paints & Finishes,Enamel Paint (1L),Dulux,1L,can,Rs.315 - Rs.585,"Dulux Enamel Paint, 1L pack, used for interior/exterior wall and surface finishing.",https://placehold.co/400x300/C97B4A/FFFFFF?text=Dulux+Enamel+Paint+%281L%29
MAT01831,Finishing & Interior,Paints & Finishes,Enamel Paint (1L),Indigo Paints,1L,can,Rs.315 - Rs.585,"Indigo Paints Enamel Paint, 1L pack, used for interior/exterior wall and surface finishing.",https://placehold.co/400x300/C97B4A/FFFFFF?text=Indigo+Paints+Enamel+Paint+%281L%29
MAT01832,Finishing & Interior,Paints & Finishes,Enamel Paint (1L),Shalimar Paints,1L,can,Rs.315 - Rs.585,"Shalimar Paints Enamel Paint, 1L pack, used for interior/exterior wall and surface finishing.",https://placehold.co/400x300/C97B4A/FFFFFF?text=Shalimar+Paints+Enamel+Paint+%281L%29
MAT01833,Finishing & Interior,Paints & Finishes,Enamel Paint (1L),JSW Paints,1L,can,Rs.315 - Rs.585,"JSW Paints Enamel Paint, 1L pack, used for interior/exterior wall and surface finishing.",https://placehold.co/400x300/C97B4A/FFFFFF?text=JSW+Paints+Enamel+Paint+%281L%29
MAT01834,Finishing & Interior,Paints & Finishes,Enamel Paint (1L),Nippon Paint,1L,can,Rs.315 - Rs.585,"Nippon Paint Enamel Paint, 1L pack, used for interior/exterior wall and surface finishing.",https://placehold.co/400x300/C97B4A/FFFFFF?text=Nippon+Paint+Enamel+Paint+%281L%29
MAT01835,Finishing & Interior,Paints & Finishes,Enamel Paint (4L),Asian Paints,4L,can,Rs.315 - Rs.585,"Asian Paints Enamel Paint, 4L pack, used for interior/exterior wall and surface finishing.",https://placehold.co/400x300/C97B4A/FFFFFF?text=Asian+Paints+Enamel+Paint+%284L%29
MAT01836,Finishing & Interior,Paints & Finishes,Enamel Paint (4L),Berger Paints,4L,can,Rs.315 - Rs.585,"Berger Paints Enamel Paint, 4L pack, used for interior/exterior wall and surface finishing.",https://placehold.co/400x300/C97B4A/FFFFFF?text=Berger+Paints+Enamel+Paint+%284L%29
MAT01837,Finishing & Interior,Paints & Finishes,Enamel Paint (4L),Nerolac,4L,can,Rs.315 - Rs.585,"Nerolac Enamel Paint, 4L pack, used for interior/exterior wall and surface finishing.",https://placehold.co/400x300/C97B4A/FFFFFF?text=Nerolac+Enamel+Paint+%284L%29
MAT01838,Finishing & Interior,Paints & Finishes,Enamel Paint (4L),Dulux,4L,can,Rs.315 - Rs.585,"Dulux Enamel Paint, 4L pack, used for interior/exterior wall and surface finishing.",https://placehold.co/400x300/C97B4A/FFFFFF?text=Dulux+Enamel+Paint+%284L%29
MAT01839,Finishing & Interior,Paints & Finishes,Enamel Paint (4L),Indigo Paints,4L,can,Rs.315 - Rs.585,"Indigo Paints Enamel Paint, 4L pack, used for interior/exterior wall and surface finishing.",https://placehold.co/400x300/C97B4A/FFFFFF?text=Indigo+Paints+Enamel+Paint+%284L%29
MAT01840,Finishing & Interior,Paints & Finishes,Enamel Paint (4L),Shalimar Paints,4L,can,Rs.315 - Rs.585,"Shalimar Paints Enamel Paint, 4L pack, used for interior/exterior wall and surface finishing.",https://placehold.co/400x300/C97B4A/FFFFFF?text=Shalimar+Paints+Enamel+Paint+%284L%29
MAT01841,Finishing & Interior,Flooring,Laminate Flooring (6mm),Pergo,6mm,sq.ft,Rs.66 - Rs.123,"Pergo Laminate Flooring, thickness 6mm, used as a finished flooring surface.",https://placehold.co/400x300/C97B4A/FFFFFF?text=Pergo+Laminate+Flooring+%286mm%29
MAT01842,Finishing & Interior,Flooring,Laminate Flooring (6mm),Greenlam,6mm,sq.ft,Rs.66 - Rs.123,"Greenlam Laminate Flooring, thickness 6mm, used as a finished flooring surface.",https://placehold.co/400x300/C97B4A/FFFFFF?text=Greenlam+Laminate+Flooring+%286mm%29
MAT01843,Finishing & Interior,Flooring,Laminate Flooring (6mm),Action Tesa,6mm,sq.ft,Rs.66 - Rs.123,"Action Tesa Laminate Flooring, thickness 6mm, used as a finished flooring surface.",https://placehold.co/400x300/C97B4A/FFFFFF?text=Action+Tesa+Laminate+Flooring+%286mm%29
MAT01844,Finishing & Interior,Flooring,Laminate Flooring (6mm),Welspun Flooring,6mm,sq.ft,Rs.66 - Rs.123,"Welspun Flooring Laminate Flooring, thickness 6mm, used as a finished flooring surface.",https://placehold.co/400x300/C97B4A/FFFFFF?text=Welspun+Flooring+Laminate+Flooring+%286mm%29
MAT01845,Finishing & Interior,Flooring,Laminate Flooring (6mm),Armstrong,6mm,sq.ft,Rs.66 - Rs.123,"Armstrong Laminate Flooring, thickness 6mm, used as a finished flooring surface.",https://placehold.co/400x300/C97B4A/FFFFFF?text=Armstrong+Laminate+Flooring+%286mm%29
MAT01846,Finishing & Interior,Flooring,Laminate Flooring (6mm),Merino Laminates,6mm,sq.ft,Rs.66 - Rs.123,"Merino Laminates Laminate Flooring, thickness 6mm, used as a finished flooring surface.",https://placehold.co/400x300/C97B4A/FFFFFF?text=Merino+Laminates+Laminate+Flooring+%286mm%29
MAT01847,Finishing & Interior,Flooring,Laminate Flooring (8mm),Pergo,8mm,sq.ft,Rs.66 - Rs.123,"Pergo Laminate Flooring, thickness 8mm, used as a finished flooring surface.",https://placehold.co/400x300/C97B4A/FFFFFF?text=Pergo+Laminate+Flooring+%288mm%29
MAT01848,Finishing & Interior,Flooring,Laminate Flooring (8mm),Greenlam,8mm,sq.ft,Rs.66 - Rs.123,"Greenlam Laminate Flooring, thickness 8mm, used as a finished flooring surface.",https://placehold.co/400x300/C97B4A/FFFFFF?text=Greenlam+Laminate+Flooring+%288mm%29
MAT01849,Finishing & Interior,Flooring,Laminate Flooring (8mm),Action Tesa,8mm,sq.ft,Rs.66 - Rs.123,"Action Tesa Laminate Flooring, thickness 8mm, used as a finished flooring surface.",https://placehold.co/400x300/C97B4A/FFFFFF?text=Action+Tesa+Laminate+Flooring+%288mm%29
MAT01850,Finishing & Interior,Flooring,Laminate Flooring (8mm),Welspun Flooring,8mm,sq.ft,Rs.66 - Rs.123,"Welspun Flooring Laminate Flooring, thickness 8mm, used as a finished flooring surface.",https://placehold.co/400x300/C97B4A/FFFFFF?text=Welspun+Flooring+Laminate+Flooring+%288mm%29
MAT01851,Finishing & Interior,Flooring,Laminate Flooring (8mm),Armstrong,8mm,sq.ft,Rs.66 - Rs.123,"Armstrong Laminate Flooring, thickness 8mm, used as a finished flooring surface.",https://placehold.co/400x300/C97B4A/FFFFFF?text=Armstrong+Laminate+Flooring+%288mm%29
MAT01852,Finishing & Interior,Flooring,Laminate Flooring (8mm),Merino Laminates,8mm,sq.ft,Rs.66 - Rs.123,"Merino Laminates Laminate Flooring, thickness 8mm, used as a finished flooring surface.",https://placehold.co/400x300/C97B4A/FFFFFF?text=Merino+Laminates+Laminate+Flooring+%288mm%29
MAT01853,Finishing & Interior,Flooring,Laminate Flooring (10mm),Pergo,10mm,sq.ft,Rs.66 - Rs.123,"Pergo Laminate Flooring, thickness 10mm, used as a finished flooring surface.",https://placehold.co/400x300/C97B4A/FFFFFF?text=Pergo+Laminate+Flooring+%2810mm%29
MAT01854,Finishing & Interior,Flooring,Laminate Flooring (10mm),Greenlam,10mm,sq.ft,Rs.66 - Rs.123,"Greenlam Laminate Flooring, thickness 10mm, used as a finished flooring surface.",https://placehold.co/400x300/C97B4A/FFFFFF?text=Greenlam+Laminate+Flooring+%2810mm%29
MAT01855,Finishing & Interior,Flooring,Laminate Flooring (10mm),Action Tesa,10mm,sq.ft,Rs.66 - Rs.123,"Action Tesa Laminate Flooring, thickness 10mm, used as a finished flooring surface.",https://placehold.co/400x300/C97B4A/FFFFFF?text=Action+Tesa+Laminate+Flooring+%2810mm%29
MAT01856,Finishing & Interior,Flooring,Laminate Flooring (10mm),Welspun Flooring,10mm,sq.ft,Rs.66 - Rs.123,"Welspun Flooring Laminate Flooring, thickness 10mm, used as a finished flooring surface.",https://placehold.co/400x300/C97B4A/FFFFFF?text=Welspun+Flooring+Laminate+Flooring+%2810mm%29
MAT01857,Finishing & Interior,Flooring,Laminate Flooring (10mm),Armstrong,10mm,sq.ft,Rs.66 - Rs.123,"Armstrong Laminate Flooring, thickness 10mm, used as a finished flooring surface.",https://placehold.co/400x300/C97B4A/FFFFFF?text=Armstrong+Laminate+Flooring+%2810mm%29
MAT01858,Finishing & Interior,Flooring,Laminate Flooring (10mm),Merino Laminates,10mm,sq.ft,Rs.66 - Rs.123,"Merino Laminates Laminate Flooring, thickness 10mm, used as a finished flooring surface.",https://placehold.co/400x300/C97B4A/FFFFFF?text=Merino+Laminates+Laminate+Flooring+%2810mm%29
MAT01859,Finishing & Interior,Flooring,Laminate Flooring (12mm),Pergo,12mm,sq.ft,Rs.66 - Rs.123,"Pergo Laminate Flooring, thickness 12mm, used as a finished flooring surface.",https://placehold.co/400x300/C97B4A/FFFFFF?text=Pergo+Laminate+Flooring+%2812mm%29
MAT01860,Finishing & Interior,Flooring,Laminate Flooring (12mm),Greenlam,12mm,sq.ft,Rs.66 - Rs.123,"Greenlam Laminate Flooring, thickness 12mm, used as a finished flooring surface.",https://placehold.co/400x300/C97B4A/FFFFFF?text=Greenlam+Laminate+Flooring+%2812mm%29
MAT01861,Finishing & Interior,Flooring,Laminate Flooring (12mm),Action Tesa,12mm,sq.ft,Rs.66 - Rs.123,"Action Tesa Laminate Flooring, thickness 12mm, used as a finished flooring surface.",https://placehold.co/400x300/C97B4A/FFFFFF?text=Action+Tesa+Laminate+Flooring+%2812mm%29
MAT01862,Finishing & Interior,Flooring,Laminate Flooring (12mm),Welspun Flooring,12mm,sq.ft,Rs.66 - Rs.123,"Welspun Flooring Laminate Flooring, thickness 12mm, used as a finished flooring surface.",https://placehold.co/400x300/C97B4A/FFFFFF?text=Welspun+Flooring+Laminate+Flooring+%2812mm%29
MAT01863,Finishing & Interior,Flooring,Laminate Flooring (12mm),Armstrong,12mm,sq.ft,Rs.66 - Rs.123,"Armstrong Laminate Flooring, thickness 12mm, used as a finished flooring surface.",https://placehold.co/400x300/C97B4A/FFFFFF?text=Armstrong+Laminate+Flooring+%2812mm%29
MAT01864,Finishing & Interior,Flooring,Laminate Flooring (12mm),Merino Laminates,12mm,sq.ft,Rs.66 - Rs.123,"Merino Laminates Laminate Flooring, thickness 12mm, used as a finished flooring surface.",https://placehold.co/400x300/C97B4A/FFFFFF?text=Merino+Laminates+Laminate+Flooring+%2812mm%29
MAT01865,Finishing & Interior,Flooring,Vinyl Flooring (6mm),Pergo,6mm,sq.ft,Rs.66 - Rs.123,"Pergo Vinyl Flooring, thickness 6mm, used as a finished flooring surface.",https://placehold.co/400x300/C97B4A/FFFFFF?text=Pergo+Vinyl+Flooring+%286mm%29
MAT01866,Finishing & Interior,Flooring,Vinyl Flooring (6mm),Greenlam,6mm,sq.ft,Rs.66 - Rs.123,"Greenlam Vinyl Flooring, thickness 6mm, used as a finished flooring surface.",https://placehold.co/400x300/C97B4A/FFFFFF?text=Greenlam+Vinyl+Flooring+%286mm%29
MAT01867,Finishing & Interior,Flooring,Vinyl Flooring (6mm),Action Tesa,6mm,sq.ft,Rs.66 - Rs.123,"Action Tesa Vinyl Flooring, thickness 6mm, used as a finished flooring surface.",https://placehold.co/400x300/C97B4A/FFFFFF?text=Action+Tesa+Vinyl+Flooring+%286mm%29
MAT01868,Finishing & Interior,Flooring,Vinyl Flooring (6mm),Welspun Flooring,6mm,sq.ft,Rs.66 - Rs.123,"Welspun Flooring Vinyl Flooring, thickness 6mm, used as a finished flooring surface.",https://placehold.co/400x300/C97B4A/FFFFFF?text=Welspun+Flooring+Vinyl+Flooring+%286mm%29
MAT01869,Finishing & Interior,Flooring,Vinyl Flooring (6mm),Armstrong,6mm,sq.ft,Rs.66 - Rs.123,"Armstrong Vinyl Flooring, thickness 6mm, used as a finished flooring surface.",https://placehold.co/400x300/C97B4A/FFFFFF?text=Armstrong+Vinyl+Flooring+%286mm%29
MAT01870,Finishing & Interior,Flooring,Vinyl Flooring (6mm),Merino Laminates,6mm,sq.ft,Rs.66 - Rs.123,"Merino Laminates Vinyl Flooring, thickness 6mm, used as a finished flooring surface.",https://placehold.co/400x300/C97B4A/FFFFFF?text=Merino+Laminates+Vinyl+Flooring+%286mm%29
MAT01871,Finishing & Interior,Flooring,Vinyl Flooring (8mm),Pergo,8mm,sq.ft,Rs.66 - Rs.123,"Pergo Vinyl Flooring, thickness 8mm, used as a finished flooring surface.",https://placehold.co/400x300/C97B4A/FFFFFF?text=Pergo+Vinyl+Flooring+%288mm%29
MAT01872,Finishing & Interior,Flooring,Vinyl Flooring (8mm),Greenlam,8mm,sq.ft,Rs.66 - Rs.123,"Greenlam Vinyl Flooring, thickness 8mm, used as a finished flooring surface.",https://placehold.co/400x300/C97B4A/FFFFFF?text=Greenlam+Vinyl+Flooring+%288mm%29
MAT01873,Finishing & Interior,Flooring,Vinyl Flooring (8mm),Action Tesa,8mm,sq.ft,Rs.66 - Rs.123,"Action Tesa Vinyl Flooring, thickness 8mm, used as a finished flooring surface.",https://placehold.co/400x300/C97B4A/FFFFFF?text=Action+Tesa+Vinyl+Flooring+%288mm%29
MAT01874,Finishing & Interior,Flooring,Vinyl Flooring (8mm),Welspun Flooring,8mm,sq.ft,Rs.66 - Rs.123,"Welspun Flooring Vinyl Flooring, thickness 8mm, used as a finished flooring surface.",https://placehold.co/400x300/C97B4A/FFFFFF?text=Welspun+Flooring+Vinyl+Flooring+%288mm%29
MAT01875,Finishing & Interior,Flooring,Vinyl Flooring (8mm),Armstrong,8mm,sq.ft,Rs.66 - Rs.123,"Armstrong Vinyl Flooring, thickness 8mm, used as a finished flooring surface.",https://placehold.co/400x300/C97B4A/FFFFFF?text=Armstrong+Vinyl+Flooring+%288mm%29
MAT01876,Finishing & Interior,Flooring,Vinyl Flooring (8mm),Merino Laminates,8mm,sq.ft,Rs.66 - Rs.123,"Merino Laminates Vinyl Flooring, thickness 8mm, used as a finished flooring surface.",https://placehold.co/400x300/C97B4A/FFFFFF?text=Merino+Laminates+Vinyl+Flooring+%288mm%29
MAT01877,Finishing & Interior,Flooring,Vinyl Flooring (10mm),Pergo,10mm,sq.ft,Rs.66 - Rs.123,"Pergo Vinyl Flooring, thickness 10mm, used as a finished flooring surface.",https://placehold.co/400x300/C97B4A/FFFFFF?text=Pergo+Vinyl+Flooring+%2810mm%29
MAT01878,Finishing & Interior,Flooring,Vinyl Flooring (10mm),Greenlam,10mm,sq.ft,Rs.66 - Rs.123,"Greenlam Vinyl Flooring, thickness 10mm, used as a finished flooring surface.",https://placehold.co/400x300/C97B4A/FFFFFF?text=Greenlam+Vinyl+Flooring+%2810mm%29
MAT01879,Finishing & Interior,Flooring,Vinyl Flooring (10mm),Action Tesa,10mm,sq.ft,Rs.66 - Rs.123,"Action Tesa Vinyl Flooring, thickness 10mm, used as a finished flooring surface.",https://placehold.co/400x300/C97B4A/FFFFFF?text=Action+Tesa+Vinyl+Flooring+%2810mm%29
MAT01880,Finishing & Interior,Flooring,Vinyl Flooring (10mm),Welspun Flooring,10mm,sq.ft,Rs.66 - Rs.123,"Welspun Flooring Vinyl Flooring, thickness 10mm, used as a finished flooring surface.",https://placehold.co/400x300/C97B4A/FFFFFF?text=Welspun+Flooring+Vinyl+Flooring+%2810mm%29
MAT01881,Finishing & Interior,Flooring,Vinyl Flooring (10mm),Armstrong,10mm,sq.ft,Rs.66 - Rs.123,"Armstrong Vinyl Flooring, thickness 10mm, used as a finished flooring surface.",https://placehold.co/400x300/C97B4A/FFFFFF?text=Armstrong+Vinyl+Flooring+%2810mm%29
MAT01882,Finishing & Interior,Flooring,Vinyl Flooring (10mm),Merino Laminates,10mm,sq.ft,Rs.66 - Rs.123,"Merino Laminates Vinyl Flooring, thickness 10mm, used as a finished flooring surface.",https://placehold.co/400x300/C97B4A/FFFFFF?text=Merino+Laminates+Vinyl+Flooring+%2810mm%29
MAT01883,Finishing & Interior,Flooring,Vinyl Flooring (12mm),Pergo,12mm,sq.ft,Rs.66 - Rs.123,"Pergo Vinyl Flooring, thickness 12mm, used as a finished flooring surface.",https://placehold.co/400x300/C97B4A/FFFFFF?text=Pergo+Vinyl+Flooring+%2812mm%29
MAT01884,Finishing & Interior,Flooring,Vinyl Flooring (12mm),Greenlam,12mm,sq.ft,Rs.66 - Rs.123,"Greenlam Vinyl Flooring, thickness 12mm, used as a finished flooring surface.",https://placehold.co/400x300/C97B4A/FFFFFF?text=Greenlam+Vinyl+Flooring+%2812mm%29
MAT01885,Finishing & Interior,Flooring,Vinyl Flooring (12mm),Action Tesa,12mm,sq.ft,Rs.66 - Rs.123,"Action Tesa Vinyl Flooring, thickness 12mm, used as a finished flooring surface.",https://placehold.co/400x300/C97B4A/FFFFFF?text=Action+Tesa+Vinyl+Flooring+%2812mm%29
MAT01886,Finishing & Interior,Flooring,Vinyl Flooring (12mm),Welspun Flooring,12mm,sq.ft,Rs.66 - Rs.123,"Welspun Flooring Vinyl Flooring, thickness 12mm, used as a finished flooring surface.",https://placehold.co/400x300/C97B4A/FFFFFF?text=Welspun+Flooring+Vinyl+Flooring+%2812mm%29
MAT01887,Finishing & Interior,Flooring,Vinyl Flooring (12mm),Armstrong,12mm,sq.ft,Rs.66 - Rs.123,"Armstrong Vinyl Flooring, thickness 12mm, used as a finished flooring surface.",https://placehold.co/400x300/C97B4A/FFFFFF?text=Armstrong+Vinyl+Flooring+%2812mm%29
MAT01888,Finishing & Interior,Flooring,Vinyl Flooring (12mm),Merino Laminates,12mm,sq.ft,Rs.66 - Rs.123,"Merino Laminates Vinyl Flooring, thickness 12mm, used as a finished flooring surface.",https://placehold.co/400x300/C97B4A/FFFFFF?text=Merino+Laminates+Vinyl+Flooring+%2812mm%29
MAT01889,Finishing & Interior,Flooring,Engineered Wood Flooring (6mm),Pergo,6mm,sq.ft,Rs.66 - Rs.123,"Pergo Engineered Wood Flooring, thickness 6mm, used as a finished flooring surface.",https://placehold.co/400x300/C97B4A/FFFFFF?text=Pergo+Engineered+Wood+Flooring+%286mm%29
MAT01890,Finishing & Interior,Flooring,Engineered Wood Flooring (6mm),Greenlam,6mm,sq.ft,Rs.66 - Rs.123,"Greenlam Engineered Wood Flooring, thickness 6mm, used as a finished flooring surface.",https://placehold.co/400x300/C97B4A/FFFFFF?text=Greenlam+Engineered+Wood+Flooring+%286mm%29
MAT01891,Finishing & Interior,Flooring,Engineered Wood Flooring (6mm),Action Tesa,6mm,sq.ft,Rs.66 - Rs.123,"Action Tesa Engineered Wood Flooring, thickness 6mm, used as a finished flooring surface.",https://placehold.co/400x300/C97B4A/FFFFFF?text=Action+Tesa+Engineered+Wood+Flooring+%286mm%29
MAT01892,Finishing & Interior,Flooring,Engineered Wood Flooring (6mm),Welspun Flooring,6mm,sq.ft,Rs.66 - Rs.123,"Welspun Flooring Engineered Wood Flooring, thickness 6mm, used as a finished flooring surface.",https://placehold.co/400x300/C97B4A/FFFFFF?text=Welspun+Flooring+Engineered+Wood+Flooring+%286m
MAT01893,Finishing & Interior,Flooring,Engineered Wood Flooring (6mm),Armstrong,6mm,sq.ft,Rs.66 - Rs.123,"Armstrong Engineered Wood Flooring, thickness 6mm, used as a finished flooring surface.",https://placehold.co/400x300/C97B4A/FFFFFF?text=Armstrong+Engineered+Wood+Flooring+%286mm%29
MAT01894,Finishing & Interior,Flooring,Engineered Wood Flooring (6mm),Merino Laminates,6mm,sq.ft,Rs.66 - Rs.123,"Merino Laminates Engineered Wood Flooring, thickness 6mm, used as a finished flooring surface.",https://placehold.co/400x300/C97B4A/FFFFFF?text=Merino+Laminates+Engineered+Wood+Flooring+%286m
MAT01895,Finishing & Interior,Flooring,Engineered Wood Flooring (8mm),Pergo,8mm,sq.ft,Rs.66 - Rs.123,"Pergo Engineered Wood Flooring, thickness 8mm, used as a finished flooring surface.",https://placehold.co/400x300/C97B4A/FFFFFF?text=Pergo+Engineered+Wood+Flooring+%288mm%29
MAT01896,Finishing & Interior,Flooring,Engineered Wood Flooring (8mm),Greenlam,8mm,sq.ft,Rs.66 - Rs.123,"Greenlam Engineered Wood Flooring, thickness 8mm, used as a finished flooring surface.",https://placehold.co/400x300/C97B4A/FFFFFF?text=Greenlam+Engineered+Wood+Flooring+%288mm%29
MAT01897,Finishing & Interior,Flooring,Engineered Wood Flooring (8mm),Action Tesa,8mm,sq.ft,Rs.66 - Rs.123,"Action Tesa Engineered Wood Flooring, thickness 8mm, used as a finished flooring surface.",https://placehold.co/400x300/C97B4A/FFFFFF?text=Action+Tesa+Engineered+Wood+Flooring+%288mm%29
MAT01898,Finishing & Interior,Flooring,Engineered Wood Flooring (8mm),Welspun Flooring,8mm,sq.ft,Rs.66 - Rs.123,"Welspun Flooring Engineered Wood Flooring, thickness 8mm, used as a finished flooring surface.",https://placehold.co/400x300/C97B4A/FFFFFF?text=Welspun+Flooring+Engineered+Wood+Flooring+%288m
MAT01899,Finishing & Interior,Flooring,Engineered Wood Flooring (8mm),Armstrong,8mm,sq.ft,Rs.66 - Rs.123,"Armstrong Engineered Wood Flooring, thickness 8mm, used as a finished flooring surface.",https://placehold.co/400x300/C97B4A/FFFFFF?text=Armstrong+Engineered+Wood+Flooring+%288mm%29
MAT01900,Finishing & Interior,Flooring,Engineered Wood Flooring (8mm),Merino Laminates,8mm,sq.ft,Rs.66 - Rs.123,"Merino Laminates Engineered Wood Flooring, thickness 8mm, used as a finished flooring surface.",https://placehold.co/400x300/C97B4A/FFFFFF?text=Merino+Laminates+Engineered+Wood+Flooring+%288m
MAT01901,Finishing & Interior,Flooring,Engineered Wood Flooring (10mm),Pergo,10mm,sq.ft,Rs.66 - Rs.123,"Pergo Engineered Wood Flooring, thickness 10mm, used as a finished flooring surface.",https://placehold.co/400x300/C97B4A/FFFFFF?text=Pergo+Engineered+Wood+Flooring+%2810mm%29
MAT01902,Finishing & Interior,Flooring,Engineered Wood Flooring (10mm),Greenlam,10mm,sq.ft,Rs.66 - Rs.123,"Greenlam Engineered Wood Flooring, thickness 10mm, used as a finished flooring surface.",https://placehold.co/400x300/C97B4A/FFFFFF?text=Greenlam+Engineered+Wood+Flooring+%2810mm%29
MAT01903,Finishing & Interior,Flooring,Engineered Wood Flooring (10mm),Action Tesa,10mm,sq.ft,Rs.66 - Rs.123,"Action Tesa Engineered Wood Flooring, thickness 10mm, used as a finished flooring surface.",https://placehold.co/400x300/C97B4A/FFFFFF?text=Action+Tesa+Engineered+Wood+Flooring+%2810mm%29
MAT01904,Finishing & Interior,Flooring,Engineered Wood Flooring (10mm),Welspun Flooring,10mm,sq.ft,Rs.66 - Rs.123,"Welspun Flooring Engineered Wood Flooring, thickness 10mm, used as a finished flooring surface.",https://placehold.co/400x300/C97B4A/FFFFFF?text=Welspun+Flooring+Engineered+Wood+Flooring+%2810
MAT01905,Finishing & Interior,Flooring,Engineered Wood Flooring (10mm),Armstrong,10mm,sq.ft,Rs.66 - Rs.123,"Armstrong Engineered Wood Flooring, thickness 10mm, used as a finished flooring surface.",https://placehold.co/400x300/C97B4A/FFFFFF?text=Armstrong+Engineered+Wood+Flooring+%2810mm%29
MAT01906,Finishing & Interior,Flooring,Engineered Wood Flooring (10mm),Merino Laminates,10mm,sq.ft,Rs.66 - Rs.123,"Merino Laminates Engineered Wood Flooring, thickness 10mm, used as a finished flooring surface.",https://placehold.co/400x300/C97B4A/FFFFFF?text=Merino+Laminates+Engineered+Wood+Flooring+%2810
MAT01907,Finishing & Interior,Flooring,Engineered Wood Flooring (12mm),Pergo,12mm,sq.ft,Rs.66 - Rs.123,"Pergo Engineered Wood Flooring, thickness 12mm, used as a finished flooring surface.",https://placehold.co/400x300/C97B4A/FFFFFF?text=Pergo+Engineered+Wood+Flooring+%2812mm%29
MAT01908,Finishing & Interior,Flooring,Engineered Wood Flooring (12mm),Greenlam,12mm,sq.ft,Rs.66 - Rs.123,"Greenlam Engineered Wood Flooring, thickness 12mm, used as a finished flooring surface.",https://placehold.co/400x300/C97B4A/FFFFFF?text=Greenlam+Engineered+Wood+Flooring+%2812mm%29
MAT01909,Finishing & Interior,Flooring,Engineered Wood Flooring (12mm),Action Tesa,12mm,sq.ft,Rs.66 - Rs.123,"Action Tesa Engineered Wood Flooring, thickness 12mm, used as a finished flooring surface.",https://placehold.co/400x300/C97B4A/FFFFFF?text=Action+Tesa+Engineered+Wood+Flooring+%2812mm%29
MAT01910,Finishing & Interior,Flooring,Engineered Wood Flooring (12mm),Welspun Flooring,12mm,sq.ft,Rs.66 - Rs.123,"Welspun Flooring Engineered Wood Flooring, thickness 12mm, used as a finished flooring surface.",https://placehold.co/400x300/C97B4A/FFFFFF?text=Welspun+Flooring+Engineered+Wood+Flooring+%2812
MAT01911,Finishing & Interior,Flooring,Engineered Wood Flooring (12mm),Armstrong,12mm,sq.ft,Rs.66 - Rs.123,"Armstrong Engineered Wood Flooring, thickness 12mm, used as a finished flooring surface.",https://placehold.co/400x300/C97B4A/FFFFFF?text=Armstrong+Engineered+Wood+Flooring+%2812mm%29
MAT01912,Finishing & Interior,Flooring,Engineered Wood Flooring (12mm),Merino Laminates,12mm,sq.ft,Rs.66 - Rs.123,"Merino Laminates Engineered Wood Flooring, thickness 12mm, used as a finished flooring surface.",https://placehold.co/400x300/C97B4A/FFFFFF?text=Merino+Laminates+Engineered+Wood+Flooring+%2812
MAT01913,Finishing & Interior,Flooring,Epoxy Flooring (6mm),Pergo,6mm,sq.ft,Rs.66 - Rs.123,"Pergo Epoxy Flooring, thickness 6mm, used as a finished flooring surface.",https://placehold.co/400x300/C97B4A/FFFFFF?text=Pergo+Epoxy+Flooring+%286mm%29
MAT01914,Finishing & Interior,Flooring,Epoxy Flooring (6mm),Greenlam,6mm,sq.ft,Rs.66 - Rs.123,"Greenlam Epoxy Flooring, thickness 6mm, used as a finished flooring surface.",https://placehold.co/400x300/C97B4A/FFFFFF?text=Greenlam+Epoxy+Flooring+%286mm%29
MAT01915,Finishing & Interior,Flooring,Epoxy Flooring (6mm),Action Tesa,6mm,sq.ft,Rs.66 - Rs.123,"Action Tesa Epoxy Flooring, thickness 6mm, used as a finished flooring surface.",https://placehold.co/400x300/C97B4A/FFFFFF?text=Action+Tesa+Epoxy+Flooring+%286mm%29
MAT01916,Finishing & Interior,Flooring,Epoxy Flooring (6mm),Welspun Flooring,6mm,sq.ft,Rs.66 - Rs.123,"Welspun Flooring Epoxy Flooring, thickness 6mm, used as a finished flooring surface.",https://placehold.co/400x300/C97B4A/FFFFFF?text=Welspun+Flooring+Epoxy+Flooring+%286mm%29
MAT01917,Finishing & Interior,Flooring,Epoxy Flooring (6mm),Armstrong,6mm,sq.ft,Rs.66 - Rs.123,"Armstrong Epoxy Flooring, thickness 6mm, used as a finished flooring surface.",https://placehold.co/400x300/C97B4A/FFFFFF?text=Armstrong+Epoxy+Flooring+%286mm%29
MAT01918,Finishing & Interior,Flooring,Epoxy Flooring (6mm),Merino Laminates,6mm,sq.ft,Rs.66 - Rs.123,"Merino Laminates Epoxy Flooring, thickness 6mm, used as a finished flooring surface.",https://placehold.co/400x300/C97B4A/FFFFFF?text=Merino+Laminates+Epoxy+Flooring+%286mm%29
MAT01919,Finishing & Interior,Flooring,Epoxy Flooring (8mm),Pergo,8mm,sq.ft,Rs.66 - Rs.123,"Pergo Epoxy Flooring, thickness 8mm, used as a finished flooring surface.",https://placehold.co/400x300/C97B4A/FFFFFF?text=Pergo+Epoxy+Flooring+%288mm%29
MAT01920,Finishing & Interior,Flooring,Epoxy Flooring (8mm),Greenlam,8mm,sq.ft,Rs.66 - Rs.123,"Greenlam Epoxy Flooring, thickness 8mm, used as a finished flooring surface.",https://placehold.co/400x300/C97B4A/FFFFFF?text=Greenlam+Epoxy+Flooring+%288mm%29
MAT01921,Finishing & Interior,Flooring,Epoxy Flooring (8mm),Action Tesa,8mm,sq.ft,Rs.66 - Rs.123,"Action Tesa Epoxy Flooring, thickness 8mm, used as a finished flooring surface.",https://placehold.co/400x300/C97B4A/FFFFFF?text=Action+Tesa+Epoxy+Flooring+%288mm%29
MAT01922,Finishing & Interior,Flooring,Epoxy Flooring (8mm),Welspun Flooring,8mm,sq.ft,Rs.66 - Rs.123,"Welspun Flooring Epoxy Flooring, thickness 8mm, used as a finished flooring surface.",https://placehold.co/400x300/C97B4A/FFFFFF?text=Welspun+Flooring+Epoxy+Flooring+%288mm%29
MAT01923,Finishing & Interior,Flooring,Epoxy Flooring (8mm),Armstrong,8mm,sq.ft,Rs.66 - Rs.123,"Armstrong Epoxy Flooring, thickness 8mm, used as a finished flooring surface.",https://placehold.co/400x300/C97B4A/FFFFFF?text=Armstrong+Epoxy+Flooring+%288mm%29
MAT01924,Finishing & Interior,Flooring,Epoxy Flooring (8mm),Merino Laminates,8mm,sq.ft,Rs.66 - Rs.123,"Merino Laminates Epoxy Flooring, thickness 8mm, used as a finished flooring surface.",https://placehold.co/400x300/C97B4A/FFFFFF?text=Merino+Laminates+Epoxy+Flooring+%288mm%29
MAT01925,Finishing & Interior,Flooring,Epoxy Flooring (10mm),Pergo,10mm,sq.ft,Rs.66 - Rs.123,"Pergo Epoxy Flooring, thickness 10mm, used as a finished flooring surface.",https://placehold.co/400x300/C97B4A/FFFFFF?text=Pergo+Epoxy+Flooring+%2810mm%29
MAT01926,Finishing & Interior,Flooring,Epoxy Flooring (10mm),Greenlam,10mm,sq.ft,Rs.66 - Rs.123,"Greenlam Epoxy Flooring, thickness 10mm, used as a finished flooring surface.",https://placehold.co/400x300/C97B4A/FFFFFF?text=Greenlam+Epoxy+Flooring+%2810mm%29
MAT01927,Finishing & Interior,Flooring,Epoxy Flooring (10mm),Action Tesa,10mm,sq.ft,Rs.66 - Rs.123,"Action Tesa Epoxy Flooring, thickness 10mm, used as a finished flooring surface.",https://placehold.co/400x300/C97B4A/FFFFFF?text=Action+Tesa+Epoxy+Flooring+%2810mm%29
MAT01928,Finishing & Interior,Flooring,Epoxy Flooring (10mm),Welspun Flooring,10mm,sq.ft,Rs.66 - Rs.123,"Welspun Flooring Epoxy Flooring, thickness 10mm, used as a finished flooring surface.",https://placehold.co/400x300/C97B4A/FFFFFF?text=Welspun+Flooring+Epoxy+Flooring+%2810mm%29
MAT01929,Finishing & Interior,Flooring,Epoxy Flooring (10mm),Armstrong,10mm,sq.ft,Rs.66 - Rs.123,"Armstrong Epoxy Flooring, thickness 10mm, used as a finished flooring surface.",https://placehold.co/400x300/C97B4A/FFFFFF?text=Armstrong+Epoxy+Flooring+%2810mm%29
MAT01930,Finishing & Interior,Flooring,Epoxy Flooring (10mm),Merino Laminates,10mm,sq.ft,Rs.66 - Rs.123,"Merino Laminates Epoxy Flooring, thickness 10mm, used as a finished flooring surface.",https://placehold.co/400x300/C97B4A/FFFFFF?text=Merino+Laminates+Epoxy+Flooring+%2810mm%29
MAT01931,Finishing & Interior,Flooring,Epoxy Flooring (12mm),Pergo,12mm,sq.ft,Rs.66 - Rs.123,"Pergo Epoxy Flooring, thickness 12mm, used as a finished flooring surface.",https://placehold.co/400x300/C97B4A/FFFFFF?text=Pergo+Epoxy+Flooring+%2812mm%29
MAT01932,Finishing & Interior,Flooring,Epoxy Flooring (12mm),Greenlam,12mm,sq.ft,Rs.66 - Rs.123,"Greenlam Epoxy Flooring, thickness 12mm, used as a finished flooring surface.",https://placehold.co/400x300/C97B4A/FFFFFF?text=Greenlam+Epoxy+Flooring+%2812mm%29
MAT01933,Finishing & Interior,Flooring,Epoxy Flooring (12mm),Action Tesa,12mm,sq.ft,Rs.66 - Rs.123,"Action Tesa Epoxy Flooring, thickness 12mm, used as a finished flooring surface.",https://placehold.co/400x300/C97B4A/FFFFFF?text=Action+Tesa+Epoxy+Flooring+%2812mm%29
MAT01934,Finishing & Interior,Flooring,Epoxy Flooring (12mm),Welspun Flooring,12mm,sq.ft,Rs.66 - Rs.123,"Welspun Flooring Epoxy Flooring, thickness 12mm, used as a finished flooring surface.",https://placehold.co/400x300/C97B4A/FFFFFF?text=Welspun+Flooring+Epoxy+Flooring+%2812mm%29
MAT01935,Finishing & Interior,Flooring,Epoxy Flooring (12mm),Armstrong,12mm,sq.ft,Rs.66 - Rs.123,"Armstrong Epoxy Flooring, thickness 12mm, used as a finished flooring surface.",https://placehold.co/400x300/C97B4A/FFFFFF?text=Armstrong+Epoxy+Flooring+%2812mm%29
MAT01936,Finishing & Interior,Flooring,Epoxy Flooring (12mm),Merino Laminates,12mm,sq.ft,Rs.66 - Rs.123,"Merino Laminates Epoxy Flooring, thickness 12mm, used as a finished flooring surface.",https://placehold.co/400x300/C97B4A/FFFFFF?text=Merino+Laminates+Epoxy+Flooring+%2812mm%29
MAT01937,Finishing & Interior,Flooring,Carpet Tile Flooring (6mm),Pergo,6mm,sq.ft,Rs.66 - Rs.123,"Pergo Carpet Tile Flooring, thickness 6mm, used as a finished flooring surface.",https://placehold.co/400x300/C97B4A/FFFFFF?text=Pergo+Carpet+Tile+Flooring+%286mm%29
MAT01938,Finishing & Interior,Flooring,Carpet Tile Flooring (6mm),Greenlam,6mm,sq.ft,Rs.66 - Rs.123,"Greenlam Carpet Tile Flooring, thickness 6mm, used as a finished flooring surface.",https://placehold.co/400x300/C97B4A/FFFFFF?text=Greenlam+Carpet+Tile+Flooring+%286mm%29
MAT01939,Finishing & Interior,Flooring,Carpet Tile Flooring (6mm),Action Tesa,6mm,sq.ft,Rs.66 - Rs.123,"Action Tesa Carpet Tile Flooring, thickness 6mm, used as a finished flooring surface.",https://placehold.co/400x300/C97B4A/FFFFFF?text=Action+Tesa+Carpet+Tile+Flooring+%286mm%29
MAT01940,Finishing & Interior,Flooring,Carpet Tile Flooring (6mm),Welspun Flooring,6mm,sq.ft,Rs.66 - Rs.123,"Welspun Flooring Carpet Tile Flooring, thickness 6mm, used as a finished flooring surface.",https://placehold.co/400x300/C97B4A/FFFFFF?text=Welspun+Flooring+Carpet+Tile+Flooring+%286mm%29
MAT01941,Finishing & Interior,Flooring,Carpet Tile Flooring (6mm),Armstrong,6mm,sq.ft,Rs.66 - Rs.123,"Armstrong Carpet Tile Flooring, thickness 6mm, used as a finished flooring surface.",https://placehold.co/400x300/C97B4A/FFFFFF?text=Armstrong+Carpet+Tile+Flooring+%286mm%29
MAT01942,Finishing & Interior,Flooring,Carpet Tile Flooring (6mm),Merino Laminates,6mm,sq.ft,Rs.66 - Rs.123,"Merino Laminates Carpet Tile Flooring, thickness 6mm, used as a finished flooring surface.",https://placehold.co/400x300/C97B4A/FFFFFF?text=Merino+Laminates+Carpet+Tile+Flooring+%286mm%29
MAT01943,Finishing & Interior,Flooring,Carpet Tile Flooring (8mm),Pergo,8mm,sq.ft,Rs.66 - Rs.123,"Pergo Carpet Tile Flooring, thickness 8mm, used as a finished flooring surface.",https://placehold.co/400x300/C97B4A/FFFFFF?text=Pergo+Carpet+Tile+Flooring+%288mm%29
MAT01944,Finishing & Interior,Flooring,Carpet Tile Flooring (8mm),Greenlam,8mm,sq.ft,Rs.66 - Rs.123,"Greenlam Carpet Tile Flooring, thickness 8mm, used as a finished flooring surface.",https://placehold.co/400x300/C97B4A/FFFFFF?text=Greenlam+Carpet+Tile+Flooring+%288mm%29
MAT01945,Finishing & Interior,Flooring,Carpet Tile Flooring (8mm),Action Tesa,8mm,sq.ft,Rs.66 - Rs.123,"Action Tesa Carpet Tile Flooring, thickness 8mm, used as a finished flooring surface.",https://placehold.co/400x300/C97B4A/FFFFFF?text=Action+Tesa+Carpet+Tile+Flooring+%288mm%29
MAT01946,Finishing & Interior,Flooring,Carpet Tile Flooring (8mm),Welspun Flooring,8mm,sq.ft,Rs.66 - Rs.123,"Welspun Flooring Carpet Tile Flooring, thickness 8mm, used as a finished flooring surface.",https://placehold.co/400x300/C97B4A/FFFFFF?text=Welspun+Flooring+Carpet+Tile+Flooring+%288mm%29
MAT01947,Finishing & Interior,Flooring,Carpet Tile Flooring (8mm),Armstrong,8mm,sq.ft,Rs.66 - Rs.123,"Armstrong Carpet Tile Flooring, thickness 8mm, used as a finished flooring surface.",https://placehold.co/400x300/C97B4A/FFFFFF?text=Armstrong+Carpet+Tile+Flooring+%288mm%29
MAT01948,Finishing & Interior,Flooring,Carpet Tile Flooring (8mm),Merino Laminates,8mm,sq.ft,Rs.66 - Rs.123,"Merino Laminates Carpet Tile Flooring, thickness 8mm, used as a finished flooring surface.",https://placehold.co/400x300/C97B4A/FFFFFF?text=Merino+Laminates+Carpet+Tile+Flooring+%288mm%29
MAT01949,Finishing & Interior,Flooring,Carpet Tile Flooring (10mm),Pergo,10mm,sq.ft,Rs.66 - Rs.123,"Pergo Carpet Tile Flooring, thickness 10mm, used as a finished flooring surface.",https://placehold.co/400x300/C97B4A/FFFFFF?text=Pergo+Carpet+Tile+Flooring+%2810mm%29
MAT01950,Finishing & Interior,Flooring,Carpet Tile Flooring (10mm),Greenlam,10mm,sq.ft,Rs.66 - Rs.123,"Greenlam Carpet Tile Flooring, thickness 10mm, used as a finished flooring surface.",https://placehold.co/400x300/C97B4A/FFFFFF?text=Greenlam+Carpet+Tile+Flooring+%2810mm%29
MAT01951,Finishing & Interior,Doors & Windows,Flush Door (2x7 ft),Century Doors,2x7 ft,piece,Rs.4550 - Rs.8450,"Century Doors Flush Door, size 2x7 ft, used for entrances, rooms and openings.",https://placehold.co/400x300/C97B4A/FFFFFF?text=Century+Doors+Flush+Door+%282x7+ft%29
MAT01952,Finishing & Interior,Doors & Windows,Flush Door (2x7 ft),Fenesta,2x7 ft,piece,Rs.4550 - Rs.8450,"Fenesta Flush Door, size 2x7 ft, used for entrances, rooms and openings.",https://placehold.co/400x300/C97B4A/FFFFFF?text=Fenesta+Flush+Door+%282x7+ft%29
MAT01953,Finishing & Interior,Doors & Windows,Flush Door (2x7 ft),Sintex Doors,2x7 ft,piece,Rs.4550 - Rs.8450,"Sintex Doors Flush Door, size 2x7 ft, used for entrances, rooms and openings.",https://placehold.co/400x300/C97B4A/FFFFFF?text=Sintex+Doors+Flush+Door+%282x7+ft%29
MAT01954,Finishing & Interior,Doors & Windows,Flush Door (2x7 ft),JK Doors,2x7 ft,piece,Rs.4550 - Rs.8450,"JK Doors Flush Door, size 2x7 ft, used for entrances, rooms and openings.",https://placehold.co/400x300/C97B4A/FFFFFF?text=JK+Doors+Flush+Door+%282x7+ft%29
MAT01955,Finishing & Interior,Doors & Windows,Flush Door (2x7 ft),AIS Windows,2x7 ft,piece,Rs.4550 - Rs.8450,"AIS Windows Flush Door, size 2x7 ft, used for entrances, rooms and openings.",https://placehold.co/400x300/C97B4A/FFFFFF?text=AIS+Windows+Flush+Door+%282x7+ft%29
MAT01956,Finishing & Interior,Doors & Windows,Flush Door (2x7 ft),Green Windows,2x7 ft,piece,Rs.4550 - Rs.8450,"Green Windows Flush Door, size 2x7 ft, used for entrances, rooms and openings.",https://placehold.co/400x300/C97B4A/FFFFFF?text=Green+Windows+Flush+Door+%282x7+ft%29
MAT01957,Finishing & Interior,Doors & Windows,Flush Door (2x7 ft),NCL Doors,2x7 ft,piece,Rs.4550 - Rs.8450,"NCL Doors Flush Door, size 2x7 ft, used for entrances, rooms and openings.",https://placehold.co/400x300/C97B4A/FFFFFF?text=NCL+Doors+Flush+Door+%282x7+ft%29
MAT01958,Finishing & Interior,Doors & Windows,Flush Door (3x7 ft),Century Doors,3x7 ft,piece,Rs.4550 - Rs.8450,"Century Doors Flush Door, size 3x7 ft, used for entrances, rooms and openings.",https://placehold.co/400x300/C97B4A/FFFFFF?text=Century+Doors+Flush+Door+%283x7+ft%29
MAT01959,Finishing & Interior,Doors & Windows,Flush Door (3x7 ft),Fenesta,3x7 ft,piece,Rs.4550 - Rs.8450,"Fenesta Flush Door, size 3x7 ft, used for entrances, rooms and openings.",https://placehold.co/400x300/C97B4A/FFFFFF?text=Fenesta+Flush+Door+%283x7+ft%29
MAT01960,Finishing & Interior,Doors & Windows,Flush Door (3x7 ft),Sintex Doors,3x7 ft,piece,Rs.4550 - Rs.8450,"Sintex Doors Flush Door, size 3x7 ft, used for entrances, rooms and openings.",https://placehold.co/400x300/C97B4A/FFFFFF?text=Sintex+Doors+Flush+Door+%283x7+ft%29
MAT01961,Finishing & Interior,Doors & Windows,Flush Door (3x7 ft),JK Doors,3x7 ft,piece,Rs.4550 - Rs.8450,"JK Doors Flush Door, size 3x7 ft, used for entrances, rooms and openings.",https://placehold.co/400x300/C97B4A/FFFFFF?text=JK+Doors+Flush+Door+%283x7+ft%29
MAT01962,Finishing & Interior,Doors & Windows,Flush Door (3x7 ft),AIS Windows,3x7 ft,piece,Rs.4550 - Rs.8450,"AIS Windows Flush Door, size 3x7 ft, used for entrances, rooms and openings.",https://placehold.co/400x300/C97B4A/FFFFFF?text=AIS+Windows+Flush+Door+%283x7+ft%29
MAT01963,Finishing & Interior,Doors & Windows,Flush Door (3x7 ft),Green Windows,3x7 ft,piece,Rs.4550 - Rs.8450,"Green Windows Flush Door, size 3x7 ft, used for entrances, rooms and openings.",https://placehold.co/400x300/C97B4A/FFFFFF?text=Green+Windows+Flush+Door+%283x7+ft%29
MAT01964,Finishing & Interior,Doors & Windows,Flush Door (3x7 ft),NCL Doors,3x7 ft,piece,Rs.4550 - Rs.8450,"NCL Doors Flush Door, size 3x7 ft, used for entrances, rooms and openings.",https://placehold.co/400x300/C97B4A/FFFFFF?text=NCL+Doors+Flush+Door+%283x7+ft%29
MAT01965,Finishing & Interior,Doors & Windows,Flush Door (4x7 ft),Century Doors,4x7 ft,piece,Rs.4550 - Rs.8450,"Century Doors Flush Door, size 4x7 ft, used for entrances, rooms and openings.",https://placehold.co/400x300/C97B4A/FFFFFF?text=Century+Doors+Flush+Door+%284x7+ft%29
MAT01966,Finishing & Interior,Doors & Windows,Flush Door (4x7 ft),Fenesta,4x7 ft,piece,Rs.4550 - Rs.8450,"Fenesta Flush Door, size 4x7 ft, used for entrances, rooms and openings.",https://placehold.co/400x300/C97B4A/FFFFFF?text=Fenesta+Flush+Door+%284x7+ft%29
MAT01967,Finishing & Interior,Doors & Windows,Flush Door (4x7 ft),Sintex Doors,4x7 ft,piece,Rs.4550 - Rs.8450,"Sintex Doors Flush Door, size 4x7 ft, used for entrances, rooms and openings.",https://placehold.co/400x300/C97B4A/FFFFFF?text=Sintex+Doors+Flush+Door+%284x7+ft%29
MAT01968,Finishing & Interior,Doors & Windows,Flush Door (4x7 ft),JK Doors,4x7 ft,piece,Rs.4550 - Rs.8450,"JK Doors Flush Door, size 4x7 ft, used for entrances, rooms and openings.",https://placehold.co/400x300/C97B4A/FFFFFF?text=JK+Doors+Flush+Door+%284x7+ft%29
MAT01969,Finishing & Interior,Doors & Windows,Flush Door (4x7 ft),AIS Windows,4x7 ft,piece,Rs.4550 - Rs.8450,"AIS Windows Flush Door, size 4x7 ft, used for entrances, rooms and openings.",https://placehold.co/400x300/C97B4A/FFFFFF?text=AIS+Windows+Flush+Door+%284x7+ft%29
MAT01970,Finishing & Interior,Doors & Windows,Flush Door (4x7 ft),Green Windows,4x7 ft,piece,Rs.4550 - Rs.8450,"Green Windows Flush Door, size 4x7 ft, used for entrances, rooms and openings.",https://placehold.co/400x300/C97B4A/FFFFFF?text=Green+Windows+Flush+Door+%284x7+ft%29
MAT01971,Finishing & Interior,Doors & Windows,Flush Door (4x7 ft),NCL Doors,4x7 ft,piece,Rs.4550 - Rs.8450,"NCL Doors Flush Door, size 4x7 ft, used for entrances, rooms and openings.",https://placehold.co/400x300/C97B4A/FFFFFF?text=NCL+Doors+Flush+Door+%284x7+ft%29
MAT01972,Finishing & Interior,Doors & Windows,Flush Door (5x7 ft),Century Doors,5x7 ft,piece,Rs.4550 - Rs.8450,"Century Doors Flush Door, size 5x7 ft, used for entrances, rooms and openings.",https://placehold.co/400x300/C97B4A/FFFFFF?text=Century+Doors+Flush+Door+%285x7+ft%29
MAT01973,Finishing & Interior,Doors & Windows,Flush Door (5x7 ft),Fenesta,5x7 ft,piece,Rs.4550 - Rs.8450,"Fenesta Flush Door, size 5x7 ft, used for entrances, rooms and openings.",https://placehold.co/400x300/C97B4A/FFFFFF?text=Fenesta+Flush+Door+%285x7+ft%29
MAT01974,Finishing & Interior,Doors & Windows,Flush Door (5x7 ft),Sintex Doors,5x7 ft,piece,Rs.4550 - Rs.8450,"Sintex Doors Flush Door, size 5x7 ft, used for entrances, rooms and openings.",https://placehold.co/400x300/C97B4A/FFFFFF?text=Sintex+Doors+Flush+Door+%285x7+ft%29
MAT01975,Finishing & Interior,Doors & Windows,Flush Door (5x7 ft),JK Doors,5x7 ft,piece,Rs.4550 - Rs.8450,"JK Doors Flush Door, size 5x7 ft, used for entrances, rooms and openings.",https://placehold.co/400x300/C97B4A/FFFFFF?text=JK+Doors+Flush+Door+%285x7+ft%29
MAT01976,Finishing & Interior,Doors & Windows,Flush Door (5x7 ft),AIS Windows,5x7 ft,piece,Rs.4550 - Rs.8450,"AIS Windows Flush Door, size 5x7 ft, used for entrances, rooms and openings.",https://placehold.co/400x300/C97B4A/FFFFFF?text=AIS+Windows+Flush+Door+%285x7+ft%29
MAT01977,Finishing & Interior,Doors & Windows,Flush Door (5x7 ft),Green Windows,5x7 ft,piece,Rs.4550 - Rs.8450,"Green Windows Flush Door, size 5x7 ft, used for entrances, rooms and openings.",https://placehold.co/400x300/C97B4A/FFFFFF?text=Green+Windows+Flush+Door+%285x7+ft%29
MAT01978,Finishing & Interior,Doors & Windows,Flush Door (5x7 ft),NCL Doors,5x7 ft,piece,Rs.4550 - Rs.8450,"NCL Doors Flush Door, size 5x7 ft, used for entrances, rooms and openings.",https://placehold.co/400x300/C97B4A/FFFFFF?text=NCL+Doors+Flush+Door+%285x7+ft%29
MAT01979,Finishing & Interior,Doors & Windows,Flush Door (6x7 ft),Century Doors,6x7 ft,piece,Rs.4550 - Rs.8450,"Century Doors Flush Door, size 6x7 ft, used for entrances, rooms and openings.",https://placehold.co/400x300/C97B4A/FFFFFF?text=Century+Doors+Flush+Door+%286x7+ft%29
MAT01980,Finishing & Interior,Doors & Windows,Flush Door (6x7 ft),Fenesta,6x7 ft,piece,Rs.4550 - Rs.8450,"Fenesta Flush Door, size 6x7 ft, used for entrances, rooms and openings.",https://placehold.co/400x300/C97B4A/FFFFFF?text=Fenesta+Flush+Door+%286x7+ft%29
MAT01981,Finishing & Interior,Doors & Windows,Flush Door (6x7 ft),Sintex Doors,6x7 ft,piece,Rs.4550 - Rs.8450,"Sintex Doors Flush Door, size 6x7 ft, used for entrances, rooms and openings.",https://placehold.co/400x300/C97B4A/FFFFFF?text=Sintex+Doors+Flush+Door+%286x7+ft%29
MAT01982,Finishing & Interior,Doors & Windows,Flush Door (6x7 ft),JK Doors,6x7 ft,piece,Rs.4550 - Rs.8450,"JK Doors Flush Door, size 6x7 ft, used for entrances, rooms and openings.",https://placehold.co/400x300/C97B4A/FFFFFF?text=JK+Doors+Flush+Door+%286x7+ft%29
MAT01983,Finishing & Interior,Doors & Windows,Flush Door (6x7 ft),AIS Windows,6x7 ft,piece,Rs.4550 - Rs.8450,"AIS Windows Flush Door, size 6x7 ft, used for entrances, rooms and openings.",https://placehold.co/400x300/C97B4A/FFFFFF?text=AIS+Windows+Flush+Door+%286x7+ft%29
MAT01984,Finishing & Interior,Doors & Windows,Flush Door (6x7 ft),Green Windows,6x7 ft,piece,Rs.4550 - Rs.8450,"Green Windows Flush Door, size 6x7 ft, used for entrances, rooms and openings.",https://placehold.co/400x300/C97B4A/FFFFFF?text=Green+Windows+Flush+Door+%286x7+ft%29
MAT01985,Finishing & Interior,Doors & Windows,Flush Door (6x7 ft),NCL Doors,6x7 ft,piece,Rs.4550 - Rs.8450,"NCL Doors Flush Door, size 6x7 ft, used for entrances, rooms and openings.",https://placehold.co/400x300/C97B4A/FFFFFF?text=NCL+Doors+Flush+Door+%286x7+ft%29
MAT01986,Finishing & Interior,Doors & Windows,Panel Door (2x7 ft),Century Doors,2x7 ft,piece,Rs.4550 - Rs.8450,"Century Doors Panel Door, size 2x7 ft, used for entrances, rooms and openings.",https://placehold.co/400x300/C97B4A/FFFFFF?text=Century+Doors+Panel+Door+%282x7+ft%29
MAT01987,Finishing & Interior,Doors & Windows,Panel Door (2x7 ft),Fenesta,2x7 ft,piece,Rs.4550 - Rs.8450,"Fenesta Panel Door, size 2x7 ft, used for entrances, rooms and openings.",https://placehold.co/400x300/C97B4A/FFFFFF?text=Fenesta+Panel+Door+%282x7+ft%29
MAT01988,Finishing & Interior,Doors & Windows,Panel Door (2x7 ft),Sintex Doors,2x7 ft,piece,Rs.4550 - Rs.8450,"Sintex Doors Panel Door, size 2x7 ft, used for entrances, rooms and openings.",https://placehold.co/400x300/C97B4A/FFFFFF?text=Sintex+Doors+Panel+Door+%282x7+ft%29
MAT01989,Finishing & Interior,Doors & Windows,Panel Door (2x7 ft),JK Doors,2x7 ft,piece,Rs.4550 - Rs.8450,"JK Doors Panel Door, size 2x7 ft, used for entrances, rooms and openings.",https://placehold.co/400x300/C97B4A/FFFFFF?text=JK+Doors+Panel+Door+%282x7+ft%29
MAT01990,Finishing & Interior,Doors & Windows,Panel Door (2x7 ft),AIS Windows,2x7 ft,piece,Rs.4550 - Rs.8450,"AIS Windows Panel Door, size 2x7 ft, used for entrances, rooms and openings.",https://placehold.co/400x300/C97B4A/FFFFFF?text=AIS+Windows+Panel+Door+%282x7+ft%29
MAT01991,Finishing & Interior,Doors & Windows,Panel Door (2x7 ft),Green Windows,2x7 ft,piece,Rs.4550 - Rs.8450,"Green Windows Panel Door, size 2x7 ft, used for entrances, rooms and openings.",https://placehold.co/400x300/C97B4A/FFFFFF?text=Green+Windows+Panel+Door+%282x7+ft%29
MAT01992,Finishing & Interior,Doors & Windows,Panel Door (2x7 ft),NCL Doors,2x7 ft,piece,Rs.4550 - Rs.8450,"NCL Doors Panel Door, size 2x7 ft, used for entrances, rooms and openings.",https://placehold.co/400x300/C97B4A/FFFFFF?text=NCL+Doors+Panel+Door+%282x7+ft%29
MAT01993,Finishing & Interior,Doors & Windows,Panel Door (3x7 ft),Century Doors,3x7 ft,piece,Rs.4550 - Rs.8450,"Century Doors Panel Door, size 3x7 ft, used for entrances, rooms and openings.",https://placehold.co/400x300/C97B4A/FFFFFF?text=Century+Doors+Panel+Door+%283x7+ft%29
MAT01994,Finishing & Interior,Doors & Windows,Panel Door (3x7 ft),Fenesta,3x7 ft,piece,Rs.4550 - Rs.8450,"Fenesta Panel Door, size 3x7 ft, used for entrances, rooms and openings.",https://placehold.co/400x300/C97B4A/FFFFFF?text=Fenesta+Panel+Door+%283x7+ft%29
MAT01995,Finishing & Interior,Doors & Windows,Panel Door (3x7 ft),Sintex Doors,3x7 ft,piece,Rs.4550 - Rs.8450,"Sintex Doors Panel Door, size 3x7 ft, used for entrances, rooms and openings.",https://placehold.co/400x300/C97B4A/FFFFFF?text=Sintex+Doors+Panel+Door+%283x7+ft%29
MAT01996,Finishing & Interior,Doors & Windows,Panel Door (3x7 ft),JK Doors,3x7 ft,piece,Rs.4550 - Rs.8450,"JK Doors Panel Door, size 3x7 ft, used for entrances, rooms and openings.",https://placehold.co/400x300/C97B4A/FFFFFF?text=JK+Doors+Panel+Door+%283x7+ft%29
MAT01997,Finishing & Interior,Doors & Windows,Panel Door (3x7 ft),AIS Windows,3x7 ft,piece,Rs.4550 - Rs.8450,"AIS Windows Panel Door, size 3x7 ft, used for entrances, rooms and openings.",https://placehold.co/400x300/C97B4A/FFFFFF?text=AIS+Windows+Panel+Door+%283x7+ft%29
MAT01998,Finishing & Interior,Doors & Windows,Panel Door (3x7 ft),Green Windows,3x7 ft,piece,Rs.4550 - Rs.8450,"Green Windows Panel Door, size 3x7 ft, used for entrances, rooms and openings.",https://placehold.co/400x300/C97B4A/FFFFFF?text=Green+Windows+Panel+Door+%283x7+ft%29
MAT01999,Finishing & Interior,Doors & Windows,Panel Door (3x7 ft),NCL Doors,3x7 ft,piece,Rs.4550 - Rs.8450,"NCL Doors Panel Door, size 3x7 ft, used for entrances, rooms and openings.",https://placehold.co/400x300/C97B4A/FFFFFF?text=NCL+Doors+Panel+Door+%283x7+ft%29
MAT02000,Finishing & Interior,Doors & Windows,Panel Door (4x7 ft),Century Doors,4x7 ft,piece,Rs.4550 - Rs.8450,"Century Doors Panel Door, size 4x7 ft, used for entrances, rooms and openings.",https://placehold.co/400x300/C97B4A/FFFFFF?text=Century+Doors+Panel+Door+%284x7+ft%29
MAT02001,Finishing & Interior,Doors & Windows,Panel Door (4x7 ft),Fenesta,4x7 ft,piece,Rs.4550 - Rs.8450,"Fenesta Panel Door, size 4x7 ft, used for entrances, rooms and openings.",https://placehold.co/400x300/C97B4A/FFFFFF?text=Fenesta+Panel+Door+%284x7+ft%29
MAT02002,Finishing & Interior,Doors & Windows,Panel Door (4x7 ft),Sintex Doors,4x7 ft,piece,Rs.4550 - Rs.8450,"Sintex Doors Panel Door, size 4x7 ft, used for entrances, rooms and openings.",https://placehold.co/400x300/C97B4A/FFFFFF?text=Sintex+Doors+Panel+Door+%284x7+ft%29
MAT02003,Finishing & Interior,Doors & Windows,Panel Door (4x7 ft),JK Doors,4x7 ft,piece,Rs.4550 - Rs.8450,"JK Doors Panel Door, size 4x7 ft, used for entrances, rooms and openings.",https://placehold.co/400x300/C97B4A/FFFFFF?text=JK+Doors+Panel+Door+%284x7+ft%29
MAT02004,Finishing & Interior,Doors & Windows,Panel Door (4x7 ft),AIS Windows,4x7 ft,piece,Rs.4550 - Rs.8450,"AIS Windows Panel Door, size 4x7 ft, used for entrances, rooms and openings.",https://placehold.co/400x300/C97B4A/FFFFFF?text=AIS+Windows+Panel+Door+%284x7+ft%29
MAT02005,Finishing & Interior,Doors & Windows,Panel Door (4x7 ft),Green Windows,4x7 ft,piece,Rs.4550 - Rs.8450,"Green Windows Panel Door, size 4x7 ft, used for entrances, rooms and openings.",https://placehold.co/400x300/C97B4A/FFFFFF?text=Green+Windows+Panel+Door+%284x7+ft%29
MAT02006,Finishing & Interior,Doors & Windows,Panel Door (4x7 ft),NCL Doors,4x7 ft,piece,Rs.4550 - Rs.8450,"NCL Doors Panel Door, size 4x7 ft, used for entrances, rooms and openings.",https://placehold.co/400x300/C97B4A/FFFFFF?text=NCL+Doors+Panel+Door+%284x7+ft%29
MAT02007,Finishing & Interior,Doors & Windows,Panel Door (5x7 ft),Century Doors,5x7 ft,piece,Rs.4550 - Rs.8450,"Century Doors Panel Door, size 5x7 ft, used for entrances, rooms and openings.",https://placehold.co/400x300/C97B4A/FFFFFF?text=Century+Doors+Panel+Door+%285x7+ft%29
MAT02008,Finishing & Interior,Doors & Windows,Panel Door (5x7 ft),Fenesta,5x7 ft,piece,Rs.4550 - Rs.8450,"Fenesta Panel Door, size 5x7 ft, used for entrances, rooms and openings.",https://placehold.co/400x300/C97B4A/FFFFFF?text=Fenesta+Panel+Door+%285x7+ft%29
MAT02009,Finishing & Interior,Doors & Windows,Panel Door (5x7 ft),Sintex Doors,5x7 ft,piece,Rs.4550 - Rs.8450,"Sintex Doors Panel Door, size 5x7 ft, used for entrances, rooms and openings.",https://placehold.co/400x300/C97B4A/FFFFFF?text=Sintex+Doors+Panel+Door+%285x7+ft%29
MAT02010,Finishing & Interior,Doors & Windows,Panel Door (5x7 ft),JK Doors,5x7 ft,piece,Rs.4550 - Rs.8450,"JK Doors Panel Door, size 5x7 ft, used for entrances, rooms and openings.",https://placehold.co/400x300/C97B4A/FFFFFF?text=JK+Doors+Panel+Door+%285x7+ft%29
MAT02011,Finishing & Interior,Doors & Windows,Panel Door (5x7 ft),AIS Windows,5x7 ft,piece,Rs.4550 - Rs.8450,"AIS Windows Panel Door, size 5x7 ft, used for entrances, rooms and openings.",https://placehold.co/400x300/C97B4A/FFFFFF?text=AIS+Windows+Panel+Door+%285x7+ft%29
MAT02012,Finishing & Interior,Doors & Windows,Panel Door (5x7 ft),Green Windows,5x7 ft,piece,Rs.4550 - Rs.8450,"Green Windows Panel Door, size 5x7 ft, used for entrances, rooms and openings.",https://placehold.co/400x300/C97B4A/FFFFFF?text=Green+Windows+Panel+Door+%285x7+ft%29
MAT02013,Finishing & Interior,Doors & Windows,Panel Door (5x7 ft),NCL Doors,5x7 ft,piece,Rs.4550 - Rs.8450,"NCL Doors Panel Door, size 5x7 ft, used for entrances, rooms and openings.",https://placehold.co/400x300/C97B4A/FFFFFF?text=NCL+Doors+Panel+Door+%285x7+ft%29
MAT02014,Finishing & Interior,Doors & Windows,Panel Door (6x7 ft),Century Doors,6x7 ft,piece,Rs.4550 - Rs.8450,"Century Doors Panel Door, size 6x7 ft, used for entrances, rooms and openings.",https://placehold.co/400x300/C97B4A/FFFFFF?text=Century+Doors+Panel+Door+%286x7+ft%29
MAT02015,Finishing & Interior,Doors & Windows,Panel Door (6x7 ft),Fenesta,6x7 ft,piece,Rs.4550 - Rs.8450,"Fenesta Panel Door, size 6x7 ft, used for entrances, rooms and openings.",https://placehold.co/400x300/C97B4A/FFFFFF?text=Fenesta+Panel+Door+%286x7+ft%29
MAT02016,Finishing & Interior,Doors & Windows,Panel Door (6x7 ft),Sintex Doors,6x7 ft,piece,Rs.4550 - Rs.8450,"Sintex Doors Panel Door, size 6x7 ft, used for entrances, rooms and openings.",https://placehold.co/400x300/C97B4A/FFFFFF?text=Sintex+Doors+Panel+Door+%286x7+ft%29
MAT02017,Finishing & Interior,Doors & Windows,Panel Door (6x7 ft),JK Doors,6x7 ft,piece,Rs.4550 - Rs.8450,"JK Doors Panel Door, size 6x7 ft, used for entrances, rooms and openings.",https://placehold.co/400x300/C97B4A/FFFFFF?text=JK+Doors+Panel+Door+%286x7+ft%29
MAT02018,Finishing & Interior,Doors & Windows,Panel Door (6x7 ft),AIS Windows,6x7 ft,piece,Rs.4550 - Rs.8450,"AIS Windows Panel Door, size 6x7 ft, used for entrances, rooms and openings.",https://placehold.co/400x300/C97B4A/FFFFFF?text=AIS+Windows+Panel+Door+%286x7+ft%29
MAT02019,Finishing & Interior,Doors & Windows,Panel Door (6x7 ft),Green Windows,6x7 ft,piece,Rs.4550 - Rs.8450,"Green Windows Panel Door, size 6x7 ft, used for entrances, rooms and openings.",https://placehold.co/400x300/C97B4A/FFFFFF?text=Green+Windows+Panel+Door+%286x7+ft%29
MAT02020,Finishing & Interior,Doors & Windows,Panel Door (6x7 ft),NCL Doors,6x7 ft,piece,Rs.4550 - Rs.8450,"NCL Doors Panel Door, size 6x7 ft, used for entrances, rooms and openings.",https://placehold.co/400x300/C97B4A/FFFFFF?text=NCL+Doors+Panel+Door+%286x7+ft%29
MAT02021,Finishing & Interior,Doors & Windows,Glass Door (2x7 ft),Century Doors,2x7 ft,piece,Rs.4550 - Rs.8450,"Century Doors Glass Door, size 2x7 ft, used for entrances, rooms and openings.",https://placehold.co/400x300/C97B4A/FFFFFF?text=Century+Doors+Glass+Door+%282x7+ft%29
MAT02022,Finishing & Interior,Doors & Windows,Glass Door (2x7 ft),Fenesta,2x7 ft,piece,Rs.4550 - Rs.8450,"Fenesta Glass Door, size 2x7 ft, used for entrances, rooms and openings.",https://placehold.co/400x300/C97B4A/FFFFFF?text=Fenesta+Glass+Door+%282x7+ft%29
MAT02023,Finishing & Interior,Doors & Windows,Glass Door (2x7 ft),Sintex Doors,2x7 ft,piece,Rs.4550 - Rs.8450,"Sintex Doors Glass Door, size 2x7 ft, used for entrances, rooms and openings.",https://placehold.co/400x300/C97B4A/FFFFFF?text=Sintex+Doors+Glass+Door+%282x7+ft%29
MAT02024,Finishing & Interior,Doors & Windows,Glass Door (2x7 ft),JK Doors,2x7 ft,piece,Rs.4550 - Rs.8450,"JK Doors Glass Door, size 2x7 ft, used for entrances, rooms and openings.",https://placehold.co/400x300/C97B4A/FFFFFF?text=JK+Doors+Glass+Door+%282x7+ft%29
MAT02025,Finishing & Interior,Doors & Windows,Glass Door (2x7 ft),AIS Windows,2x7 ft,piece,Rs.4550 - Rs.8450,"AIS Windows Glass Door, size 2x7 ft, used for entrances, rooms and openings.",https://placehold.co/400x300/C97B4A/FFFFFF?text=AIS+Windows+Glass+Door+%282x7+ft%29
MAT02026,Finishing & Interior,Doors & Windows,Glass Door (2x7 ft),Green Windows,2x7 ft,piece,Rs.4550 - Rs.8450,"Green Windows Glass Door, size 2x7 ft, used for entrances, rooms and openings.",https://placehold.co/400x300/C97B4A/FFFFFF?text=Green+Windows+Glass+Door+%282x7+ft%29
MAT02027,Finishing & Interior,Doors & Windows,Glass Door (2x7 ft),NCL Doors,2x7 ft,piece,Rs.4550 - Rs.8450,"NCL Doors Glass Door, size 2x7 ft, used for entrances, rooms and openings.",https://placehold.co/400x300/C97B4A/FFFFFF?text=NCL+Doors+Glass+Door+%282x7+ft%29
MAT02028,Finishing & Interior,Doors & Windows,Glass Door (3x7 ft),Century Doors,3x7 ft,piece,Rs.4550 - Rs.8450,"Century Doors Glass Door, size 3x7 ft, used for entrances, rooms and openings.",https://placehold.co/400x300/C97B4A/FFFFFF?text=Century+Doors+Glass+Door+%283x7+ft%29
MAT02029,Finishing & Interior,Doors & Windows,Glass Door (3x7 ft),Fenesta,3x7 ft,piece,Rs.4550 - Rs.8450,"Fenesta Glass Door, size 3x7 ft, used for entrances, rooms and openings.",https://placehold.co/400x300/C97B4A/FFFFFF?text=Fenesta+Glass+Door+%283x7+ft%29
MAT02030,Finishing & Interior,Doors & Windows,Glass Door (3x7 ft),Sintex Doors,3x7 ft,piece,Rs.4550 - Rs.8450,"Sintex Doors Glass Door, size 3x7 ft, used for entrances, rooms and openings.",https://placehold.co/400x300/C97B4A/FFFFFF?text=Sintex+Doors+Glass+Door+%283x7+ft%29
MAT02031,Finishing & Interior,Doors & Windows,Glass Door (3x7 ft),JK Doors,3x7 ft,piece,Rs.4550 - Rs.8450,"JK Doors Glass Door, size 3x7 ft, used for entrances, rooms and openings.",https://placehold.co/400x300/C97B4A/FFFFFF?text=JK+Doors+Glass+Door+%283x7+ft%29
MAT02032,Finishing & Interior,Doors & Windows,Glass Door (3x7 ft),AIS Windows,3x7 ft,piece,Rs.4550 - Rs.8450,"AIS Windows Glass Door, size 3x7 ft, used for entrances, rooms and openings.",https://placehold.co/400x300/C97B4A/FFFFFF?text=AIS+Windows+Glass+Door+%283x7+ft%29
MAT02033,Finishing & Interior,Doors & Windows,Glass Door (3x7 ft),Green Windows,3x7 ft,piece,Rs.4550 - Rs.8450,"Green Windows Glass Door, size 3x7 ft, used for entrances, rooms and openings.",https://placehold.co/400x300/C97B4A/FFFFFF?text=Green+Windows+Glass+Door+%283x7+ft%29
MAT02034,Finishing & Interior,Doors & Windows,Glass Door (3x7 ft),NCL Doors,3x7 ft,piece,Rs.4550 - Rs.8450,"NCL Doors Glass Door, size 3x7 ft, used for entrances, rooms and openings.",https://placehold.co/400x300/C97B4A/FFFFFF?text=NCL+Doors+Glass+Door+%283x7+ft%29
MAT02035,Finishing & Interior,Doors & Windows,Glass Door (4x7 ft),Century Doors,4x7 ft,piece,Rs.4550 - Rs.8450,"Century Doors Glass Door, size 4x7 ft, used for entrances, rooms and openings.",https://placehold.co/400x300/C97B4A/FFFFFF?text=Century+Doors+Glass+Door+%284x7+ft%29
MAT02036,Finishing & Interior,Doors & Windows,Glass Door (4x7 ft),Fenesta,4x7 ft,piece,Rs.4550 - Rs.8450,"Fenesta Glass Door, size 4x7 ft, used for entrances, rooms and openings.",https://placehold.co/400x300/C97B4A/FFFFFF?text=Fenesta+Glass+Door+%284x7+ft%29
MAT02037,Finishing & Interior,Doors & Windows,Glass Door (4x7 ft),Sintex Doors,4x7 ft,piece,Rs.4550 - Rs.8450,"Sintex Doors Glass Door, size 4x7 ft, used for entrances, rooms and openings.",https://placehold.co/400x300/C97B4A/FFFFFF?text=Sintex+Doors+Glass+Door+%284x7+ft%29
MAT02038,Finishing & Interior,Doors & Windows,Glass Door (4x7 ft),JK Doors,4x7 ft,piece,Rs.4550 - Rs.8450,"JK Doors Glass Door, size 4x7 ft, used for entrances, rooms and openings.",https://placehold.co/400x300/C97B4A/FFFFFF?text=JK+Doors+Glass+Door+%284x7+ft%29
MAT02039,Finishing & Interior,Doors & Windows,Glass Door (4x7 ft),AIS Windows,4x7 ft,piece,Rs.4550 - Rs.8450,"AIS Windows Glass Door, size 4x7 ft, used for entrances, rooms and openings.",https://placehold.co/400x300/C97B4A/FFFFFF?text=AIS+Windows+Glass+Door+%284x7+ft%29
MAT02040,Finishing & Interior,Doors & Windows,Glass Door (4x7 ft),Green Windows,4x7 ft,piece,Rs.4550 - Rs.8450,"Green Windows Glass Door, size 4x7 ft, used for entrances, rooms and openings.",https://placehold.co/400x300/C97B4A/FFFFFF?text=Green+Windows+Glass+Door+%284x7+ft%29
MAT02041,Finishing & Interior,Doors & Windows,Glass Door (4x7 ft),NCL Doors,4x7 ft,piece,Rs.4550 - Rs.8450,"NCL Doors Glass Door, size 4x7 ft, used for entrances, rooms and openings.",https://placehold.co/400x300/C97B4A/FFFFFF?text=NCL+Doors+Glass+Door+%284x7+ft%29
MAT02042,Finishing & Interior,Doors & Windows,Glass Door (5x7 ft),Century Doors,5x7 ft,piece,Rs.4550 - Rs.8450,"Century Doors Glass Door, size 5x7 ft, used for entrances, rooms and openings.",https://placehold.co/400x300/C97B4A/FFFFFF?text=Century+Doors+Glass+Door+%285x7+ft%29
MAT02043,Finishing & Interior,Doors & Windows,Glass Door (5x7 ft),Fenesta,5x7 ft,piece,Rs.4550 - Rs.8450,"Fenesta Glass Door, size 5x7 ft, used for entrances, rooms and openings.",https://placehold.co/400x300/C97B4A/FFFFFF?text=Fenesta+Glass+Door+%285x7+ft%29
MAT02044,Finishing & Interior,Doors & Windows,Glass Door (5x7 ft),Sintex Doors,5x7 ft,piece,Rs.4550 - Rs.8450,"Sintex Doors Glass Door, size 5x7 ft, used for entrances, rooms and openings.",https://placehold.co/400x300/C97B4A/FFFFFF?text=Sintex+Doors+Glass+Door+%285x7+ft%29
MAT02045,Finishing & Interior,Doors & Windows,Glass Door (5x7 ft),JK Doors,5x7 ft,piece,Rs.4550 - Rs.8450,"JK Doors Glass Door, size 5x7 ft, used for entrances, rooms and openings.",https://placehold.co/400x300/C97B4A/FFFFFF?text=JK+Doors+Glass+Door+%285x7+ft%29
MAT02046,Finishing & Interior,Doors & Windows,Glass Door (5x7 ft),AIS Windows,5x7 ft,piece,Rs.4550 - Rs.8450,"AIS Windows Glass Door, size 5x7 ft, used for entrances, rooms and openings.",https://placehold.co/400x300/C97B4A/FFFFFF?text=AIS+Windows+Glass+Door+%285x7+ft%29
MAT02047,Finishing & Interior,Doors & Windows,Glass Door (5x7 ft),Green Windows,5x7 ft,piece,Rs.4550 - Rs.8450,"Green Windows Glass Door, size 5x7 ft, used for entrances, rooms and openings.",https://placehold.co/400x300/C97B4A/FFFFFF?text=Green+Windows+Glass+Door+%285x7+ft%29
MAT02048,Finishing & Interior,Doors & Windows,Glass Door (5x7 ft),NCL Doors,5x7 ft,piece,Rs.4550 - Rs.8450,"NCL Doors Glass Door, size 5x7 ft, used for entrances, rooms and openings.",https://placehold.co/400x300/C97B4A/FFFFFF?text=NCL+Doors+Glass+Door+%285x7+ft%29
MAT02049,Finishing & Interior,Doors & Windows,Glass Door (6x7 ft),Century Doors,6x7 ft,piece,Rs.4550 - Rs.8450,"Century Doors Glass Door, size 6x7 ft, used for entrances, rooms and openings.",https://placehold.co/400x300/C97B4A/FFFFFF?text=Century+Doors+Glass+Door+%286x7+ft%29
MAT02050,Finishing & Interior,Doors & Windows,Glass Door (6x7 ft),Fenesta,6x7 ft,piece,Rs.4550 - Rs.8450,"Fenesta Glass Door, size 6x7 ft, used for entrances, rooms and openings.",https://placehold.co/400x300/C97B4A/FFFFFF?text=Fenesta+Glass+Door+%286x7+ft%29
MAT02051,Finishing & Interior,Doors & Windows,Glass Door (6x7 ft),Sintex Doors,6x7 ft,piece,Rs.4550 - Rs.8450,"Sintex Doors Glass Door, size 6x7 ft, used for entrances, rooms and openings.",https://placehold.co/400x300/C97B4A/FFFFFF?text=Sintex+Doors+Glass+Door+%286x7+ft%29
MAT02052,Finishing & Interior,Doors & Windows,Glass Door (6x7 ft),JK Doors,6x7 ft,piece,Rs.4550 - Rs.8450,"JK Doors Glass Door, size 6x7 ft, used for entrances, rooms and openings.",https://placehold.co/400x300/C97B4A/FFFFFF?text=JK+Doors+Glass+Door+%286x7+ft%29
MAT02053,Finishing & Interior,Doors & Windows,Glass Door (6x7 ft),AIS Windows,6x7 ft,piece,Rs.4550 - Rs.8450,"AIS Windows Glass Door, size 6x7 ft, used for entrances, rooms and openings.",https://placehold.co/400x300/C97B4A/FFFFFF?text=AIS+Windows+Glass+Door+%286x7+ft%29
MAT02054,Finishing & Interior,Doors & Windows,Glass Door (6x7 ft),Green Windows,6x7 ft,piece,Rs.4550 - Rs.8450,"Green Windows Glass Door, size 6x7 ft, used for entrances, rooms and openings.",https://placehold.co/400x300/C97B4A/FFFFFF?text=Green+Windows+Glass+Door+%286x7+ft%29
MAT02055,Finishing & Interior,Doors & Windows,Glass Door (6x7 ft),NCL Doors,6x7 ft,piece,Rs.4550 - Rs.8450,"NCL Doors Glass Door, size 6x7 ft, used for entrances, rooms and openings.",https://placehold.co/400x300/C97B4A/FFFFFF?text=NCL+Doors+Glass+Door+%286x7+ft%29
MAT02056,Finishing & Interior,Doors & Windows,UPVC Window (2x7 ft),Century Doors,2x7 ft,piece,Rs.4550 - Rs.8450,"Century Doors UPVC Window, size 2x7 ft, used for entrances, rooms and openings.",https://placehold.co/400x300/C97B4A/FFFFFF?text=Century+Doors+UPVC+Window+%282x7+ft%29
MAT02057,Finishing & Interior,Doors & Windows,UPVC Window (2x7 ft),Fenesta,2x7 ft,piece,Rs.4550 - Rs.8450,"Fenesta UPVC Window, size 2x7 ft, used for entrances, rooms and openings.",https://placehold.co/400x300/C97B4A/FFFFFF?text=Fenesta+UPVC+Window+%282x7+ft%29
MAT02058,Finishing & Interior,Doors & Windows,UPVC Window (2x7 ft),Sintex Doors,2x7 ft,piece,Rs.4550 - Rs.8450,"Sintex Doors UPVC Window, size 2x7 ft, used for entrances, rooms and openings.",https://placehold.co/400x300/C97B4A/FFFFFF?text=Sintex+Doors+UPVC+Window+%282x7+ft%29
MAT02059,Finishing & Interior,Doors & Windows,UPVC Window (2x7 ft),JK Doors,2x7 ft,piece,Rs.4550 - Rs.8450,"JK Doors UPVC Window, size 2x7 ft, used for entrances, rooms and openings.",https://placehold.co/400x300/C97B4A/FFFFFF?text=JK+Doors+UPVC+Window+%282x7+ft%29
MAT02060,Finishing & Interior,Doors & Windows,UPVC Window (2x7 ft),AIS Windows,2x7 ft,piece,Rs.4550 - Rs.8450,"AIS Windows UPVC Window, size 2x7 ft, used for entrances, rooms and openings.",https://placehold.co/400x300/C97B4A/FFFFFF?text=AIS+Windows+UPVC+Window+%282x7+ft%29
MAT02061,Finishing & Interior,Hardware & Fittings,Door Hinge,Godrej Locks,Stainless Steel,piece,Rs.175 - Rs.325,"Godrej Locks Door Hinge, Stainless Steel material, used for doors, cabinets and furniture fittings.",https://placehold.co/400x300/C97B4A/FFFFFF?text=Godrej+Locks+Door+Hinge
MAT02062,Finishing & Interior,Hardware & Fittings,Door Hinge,Yale,Stainless Steel,piece,Rs.175 - Rs.325,"Yale Door Hinge, Stainless Steel material, used for doors, cabinets and furniture fittings.",https://placehold.co/400x300/C97B4A/FFFFFF?text=Yale+Door+Hinge
MAT02063,Finishing & Interior,Hardware & Fittings,Door Hinge,Dorset,Stainless Steel,piece,Rs.175 - Rs.325,"Dorset Door Hinge, Stainless Steel material, used for doors, cabinets and furniture fittings.",https://placehold.co/400x300/C97B4A/FFFFFF?text=Dorset+Door+Hinge
MAT02064,Finishing & Interior,Hardware & Fittings,Door Hinge,Hettich,Stainless Steel,piece,Rs.175 - Rs.325,"Hettich Door Hinge, Stainless Steel material, used for doors, cabinets and furniture fittings.",https://placehold.co/400x300/C97B4A/FFFFFF?text=Hettich+Door+Hinge
MAT02065,Finishing & Interior,Hardware & Fittings,Door Hinge,Ebco,Stainless Steel,piece,Rs.175 - Rs.325,"Ebco Door Hinge, Stainless Steel material, used for doors, cabinets and furniture fittings.",https://placehold.co/400x300/C97B4A/FFFFFF?text=Ebco+Door+Hinge
MAT02066,Finishing & Interior,Hardware & Fittings,Door Hinge,Doorson,Stainless Steel,piece,Rs.175 - Rs.325,"Doorson Door Hinge, Stainless Steel material, used for doors, cabinets and furniture fittings.",https://placehold.co/400x300/C97B4A/FFFFFF?text=Doorson+Door+Hinge
MAT02067,Finishing & Interior,Hardware & Fittings,Door Hinge,Europa Locks,Stainless Steel,piece,Rs.175 - Rs.325,"Europa Locks Door Hinge, Stainless Steel material, used for doors, cabinets and furniture fittings.",https://placehold.co/400x300/C97B4A/FFFFFF?text=Europa+Locks+Door+Hinge
MAT02068,Finishing & Interior,Hardware & Fittings,Door Hinge,Godrej Locks,Brass,piece,Rs.175 - Rs.325,"Godrej Locks Door Hinge, Brass material, used for doors, cabinets and furniture fittings.",https://placehold.co/400x300/C97B4A/FFFFFF?text=Godrej+Locks+Door+Hinge
MAT02069,Finishing & Interior,Hardware & Fittings,Door Hinge,Yale,Brass,piece,Rs.175 - Rs.325,"Yale Door Hinge, Brass material, used for doors, cabinets and furniture fittings.",https://placehold.co/400x300/C97B4A/FFFFFF?text=Yale+Door+Hinge
MAT02070,Finishing & Interior,Hardware & Fittings,Door Hinge,Dorset,Brass,piece,Rs.175 - Rs.325,"Dorset Door Hinge, Brass material, used for doors, cabinets and furniture fittings.",https://placehold.co/400x300/C97B4A/FFFFFF?text=Dorset+Door+Hinge
MAT02071,Finishing & Interior,Hardware & Fittings,Door Hinge,Hettich,Brass,piece,Rs.175 - Rs.325,"Hettich Door Hinge, Brass material, used for doors, cabinets and furniture fittings.",https://placehold.co/400x300/C97B4A/FFFFFF?text=Hettich+Door+Hinge
MAT02072,Finishing & Interior,Hardware & Fittings,Door Hinge,Ebco,Brass,piece,Rs.175 - Rs.325,"Ebco Door Hinge, Brass material, used for doors, cabinets and furniture fittings.",https://placehold.co/400x300/C97B4A/FFFFFF?text=Ebco+Door+Hinge
MAT02073,Finishing & Interior,Hardware & Fittings,Door Hinge,Doorson,Brass,piece,Rs.175 - Rs.325,"Doorson Door Hinge, Brass material, used for doors, cabinets and furniture fittings.",https://placehold.co/400x300/C97B4A/FFFFFF?text=Doorson+Door+Hinge
MAT02074,Finishing & Interior,Hardware & Fittings,Door Hinge,Europa Locks,Brass,piece,Rs.175 - Rs.325,"Europa Locks Door Hinge, Brass material, used for doors, cabinets and furniture fittings.",https://placehold.co/400x300/C97B4A/FFFFFF?text=Europa+Locks+Door+Hinge
MAT02075,Finishing & Interior,Hardware & Fittings,Door Hinge,Godrej Locks,Aluminium,piece,Rs.175 - Rs.325,"Godrej Locks Door Hinge, Aluminium material, used for doors, cabinets and furniture fittings.",https://placehold.co/400x300/C97B4A/FFFFFF?text=Godrej+Locks+Door+Hinge
MAT02076,Finishing & Interior,Hardware & Fittings,Door Hinge,Yale,Aluminium,piece,Rs.175 - Rs.325,"Yale Door Hinge, Aluminium material, used for doors, cabinets and furniture fittings.",https://placehold.co/400x300/C97B4A/FFFFFF?text=Yale+Door+Hinge
MAT02077,Finishing & Interior,Hardware & Fittings,Door Hinge,Dorset,Aluminium,piece,Rs.175 - Rs.325,"Dorset Door Hinge, Aluminium material, used for doors, cabinets and furniture fittings.",https://placehold.co/400x300/C97B4A/FFFFFF?text=Dorset+Door+Hinge
MAT02078,Finishing & Interior,Hardware & Fittings,Door Hinge,Hettich,Aluminium,piece,Rs.175 - Rs.325,"Hettich Door Hinge, Aluminium material, used for doors, cabinets and furniture fittings.",https://placehold.co/400x300/C97B4A/FFFFFF?text=Hettich+Door+Hinge
MAT02079,Finishing & Interior,Hardware & Fittings,Door Hinge,Ebco,Aluminium,piece,Rs.175 - Rs.325,"Ebco Door Hinge, Aluminium material, used for doors, cabinets and furniture fittings.",https://placehold.co/400x300/C97B4A/FFFFFF?text=Ebco+Door+Hinge
MAT02080,Finishing & Interior,Hardware & Fittings,Door Hinge,Doorson,Aluminium,piece,Rs.175 - Rs.325,"Doorson Door Hinge, Aluminium material, used for doors, cabinets and furniture fittings.",https://placehold.co/400x300/C97B4A/FFFFFF?text=Doorson+Door+Hinge
MAT02081,Finishing & Interior,Hardware & Fittings,Door Hinge,Europa Locks,Aluminium,piece,Rs.175 - Rs.325,"Europa Locks Door Hinge, Aluminium material, used for doors, cabinets and furniture fittings.",https://placehold.co/400x300/C97B4A/FFFFFF?text=Europa+Locks+Door+Hinge
MAT02082,Finishing & Interior,Hardware & Fittings,Door Hinge,Godrej Locks,Zinc Alloy,piece,Rs.175 - Rs.325,"Godrej Locks Door Hinge, Zinc Alloy material, used for doors, cabinets and furniture fittings.",https://placehold.co/400x300/C97B4A/FFFFFF?text=Godrej+Locks+Door+Hinge
MAT02083,Finishing & Interior,Hardware & Fittings,Door Hinge,Yale,Zinc Alloy,piece,Rs.175 - Rs.325,"Yale Door Hinge, Zinc Alloy material, used for doors, cabinets and furniture fittings.",https://placehold.co/400x300/C97B4A/FFFFFF?text=Yale+Door+Hinge
MAT02084,Finishing & Interior,Hardware & Fittings,Door Hinge,Dorset,Zinc Alloy,piece,Rs.175 - Rs.325,"Dorset Door Hinge, Zinc Alloy material, used for doors, cabinets and furniture fittings.",https://placehold.co/400x300/C97B4A/FFFFFF?text=Dorset+Door+Hinge
MAT02085,Finishing & Interior,Hardware & Fittings,Door Hinge,Hettich,Zinc Alloy,piece,Rs.175 - Rs.325,"Hettich Door Hinge, Zinc Alloy material, used for doors, cabinets and furniture fittings.",https://placehold.co/400x300/C97B4A/FFFFFF?text=Hettich+Door+Hinge
MAT02086,Finishing & Interior,Hardware & Fittings,Door Hinge,Ebco,Zinc Alloy,piece,Rs.175 - Rs.325,"Ebco Door Hinge, Zinc Alloy material, used for doors, cabinets and furniture fittings.",https://placehold.co/400x300/C97B4A/FFFFFF?text=Ebco+Door+Hinge
MAT02087,Finishing & Interior,Hardware & Fittings,Door Hinge,Doorson,Zinc Alloy,piece,Rs.175 - Rs.325,"Doorson Door Hinge, Zinc Alloy material, used for doors, cabinets and furniture fittings.",https://placehold.co/400x300/C97B4A/FFFFFF?text=Doorson+Door+Hinge
MAT02088,Finishing & Interior,Hardware & Fittings,Door Hinge,Europa Locks,Zinc Alloy,piece,Rs.175 - Rs.325,"Europa Locks Door Hinge, Zinc Alloy material, used for doors, cabinets and furniture fittings.",https://placehold.co/400x300/C97B4A/FFFFFF?text=Europa+Locks+Door+Hinge
MAT02089,Finishing & Interior,Hardware & Fittings,Door Hinge,Godrej Locks,Antique Brass Finish,piece,Rs.175 - Rs.325,"Godrej Locks Door Hinge, Antique Brass Finish material, used for doors, cabinets and furniture fittings.",https://placehold.co/400x300/C97B4A/FFFFFF?text=Godrej+Locks+Door+Hinge
MAT02090,Finishing & Interior,Hardware & Fittings,Door Hinge,Yale,Antique Brass Finish,piece,Rs.175 - Rs.325,"Yale Door Hinge, Antique Brass Finish material, used for doors, cabinets and furniture fittings.",https://placehold.co/400x300/C97B4A/FFFFFF?text=Yale+Door+Hinge
MAT02091,Finishing & Interior,Hardware & Fittings,Door Hinge,Dorset,Antique Brass Finish,piece,Rs.175 - Rs.325,"Dorset Door Hinge, Antique Brass Finish material, used for doors, cabinets and furniture fittings.",https://placehold.co/400x300/C97B4A/FFFFFF?text=Dorset+Door+Hinge
MAT02092,Finishing & Interior,Hardware & Fittings,Door Hinge,Hettich,Antique Brass Finish,piece,Rs.175 - Rs.325,"Hettich Door Hinge, Antique Brass Finish material, used for doors, cabinets and furniture fittings.",https://placehold.co/400x300/C97B4A/FFFFFF?text=Hettich+Door+Hinge
MAT02093,Finishing & Interior,Hardware & Fittings,Door Hinge,Ebco,Antique Brass Finish,piece,Rs.175 - Rs.325,"Ebco Door Hinge, Antique Brass Finish material, used for doors, cabinets and furniture fittings.",https://placehold.co/400x300/C97B4A/FFFFFF?text=Ebco+Door+Hinge
MAT02094,Finishing & Interior,Hardware & Fittings,Door Hinge,Doorson,Antique Brass Finish,piece,Rs.175 - Rs.325,"Doorson Door Hinge, Antique Brass Finish material, used for doors, cabinets and furniture fittings.",https://placehold.co/400x300/C97B4A/FFFFFF?text=Doorson+Door+Hinge
MAT02095,Finishing & Interior,Hardware & Fittings,Door Hinge,Europa Locks,Antique Brass Finish,piece,Rs.175 - Rs.325,"Europa Locks Door Hinge, Antique Brass Finish material, used for doors, cabinets and furniture fittings.",https://placehold.co/400x300/C97B4A/FFFFFF?text=Europa+Locks+Door+Hinge
MAT02096,Finishing & Interior,Hardware & Fittings,Door Handle,Godrej Locks,Stainless Steel,piece,Rs.175 - Rs.325,"Godrej Locks Door Handle, Stainless Steel material, used for doors, cabinets and furniture fittings.",https://placehold.co/400x300/C97B4A/FFFFFF?text=Godrej+Locks+Door+Handle
MAT02097,Finishing & Interior,Hardware & Fittings,Door Handle,Yale,Stainless Steel,piece,Rs.175 - Rs.325,"Yale Door Handle, Stainless Steel material, used for doors, cabinets and furniture fittings.",https://placehold.co/400x300/C97B4A/FFFFFF?text=Yale+Door+Handle
MAT02098,Finishing & Interior,Hardware & Fittings,Door Handle,Dorset,Stainless Steel,piece,Rs.175 - Rs.325,"Dorset Door Handle, Stainless Steel material, used for doors, cabinets and furniture fittings.",https://placehold.co/400x300/C97B4A/FFFFFF?text=Dorset+Door+Handle
MAT02099,Finishing & Interior,Hardware & Fittings,Door Handle,Hettich,Stainless Steel,piece,Rs.175 - Rs.325,"Hettich Door Handle, Stainless Steel material, used for doors, cabinets and furniture fittings.",https://placehold.co/400x300/C97B4A/FFFFFF?text=Hettich+Door+Handle
MAT02100,Finishing & Interior,Hardware & Fittings,Door Handle,Ebco,Stainless Steel,piece,Rs.175 - Rs.325,"Ebco Door Handle, Stainless Steel material, used for doors, cabinets and furniture fittings.",https://placehold.co/400x300/C97B4A/FFFFFF?text=Ebco+Door+Handle
MAT02101,Finishing & Interior,Hardware & Fittings,Door Handle,Doorson,Stainless Steel,piece,Rs.175 - Rs.325,"Doorson Door Handle, Stainless Steel material, used for doors, cabinets and furniture fittings.",https://placehold.co/400x300/C97B4A/FFFFFF?text=Doorson+Door+Handle
MAT02102,Finishing & Interior,Hardware & Fittings,Door Handle,Europa Locks,Stainless Steel,piece,Rs.175 - Rs.325,"Europa Locks Door Handle, Stainless Steel material, used for doors, cabinets and furniture fittings.",https://placehold.co/400x300/C97B4A/FFFFFF?text=Europa+Locks+Door+Handle
MAT02103,Finishing & Interior,Hardware & Fittings,Door Handle,Godrej Locks,Brass,piece,Rs.175 - Rs.325,"Godrej Locks Door Handle, Brass material, used for doors, cabinets and furniture fittings.",https://placehold.co/400x300/C97B4A/FFFFFF?text=Godrej+Locks+Door+Handle
MAT02104,Finishing & Interior,Hardware & Fittings,Door Handle,Yale,Brass,piece,Rs.175 - Rs.325,"Yale Door Handle, Brass material, used for doors, cabinets and furniture fittings.",https://placehold.co/400x300/C97B4A/FFFFFF?text=Yale+Door+Handle
MAT02105,Finishing & Interior,Hardware & Fittings,Door Handle,Dorset,Brass,piece,Rs.175 - Rs.325,"Dorset Door Handle, Brass material, used for doors, cabinets and furniture fittings.",https://placehold.co/400x300/C97B4A/FFFFFF?text=Dorset+Door+Handle
MAT02106,Finishing & Interior,Hardware & Fittings,Door Handle,Hettich,Brass,piece,Rs.175 - Rs.325,"Hettich Door Handle, Brass material, used for doors, cabinets and furniture fittings.",https://placehold.co/400x300/C97B4A/FFFFFF?text=Hettich+Door+Handle
MAT02107,Finishing & Interior,Hardware & Fittings,Door Handle,Ebco,Brass,piece,Rs.175 - Rs.325,"Ebco Door Handle, Brass material, used for doors, cabinets and furniture fittings.",https://placehold.co/400x300/C97B4A/FFFFFF?text=Ebco+Door+Handle
MAT02108,Finishing & Interior,Hardware & Fittings,Door Handle,Doorson,Brass,piece,Rs.175 - Rs.325,"Doorson Door Handle, Brass material, used for doors, cabinets and furniture fittings.",https://placehold.co/400x300/C97B4A/FFFFFF?text=Doorson+Door+Handle
MAT02109,Finishing & Interior,Hardware & Fittings,Door Handle,Europa Locks,Brass,piece,Rs.175 - Rs.325,"Europa Locks Door Handle, Brass material, used for doors, cabinets and furniture fittings.",https://placehold.co/400x300/C97B4A/FFFFFF?text=Europa+Locks+Door+Handle
MAT02110,Finishing & Interior,Hardware & Fittings,Door Handle,Godrej Locks,Aluminium,piece,Rs.175 - Rs.325,"Godrej Locks Door Handle, Aluminium material, used for doors, cabinets and furniture fittings.",https://placehold.co/400x300/C97B4A/FFFFFF?text=Godrej+Locks+Door+Handle
MAT02111,Finishing & Interior,Hardware & Fittings,Door Handle,Yale,Aluminium,piece,Rs.175 - Rs.325,"Yale Door Handle, Aluminium material, used for doors, cabinets and furniture fittings.",https://placehold.co/400x300/C97B4A/FFFFFF?text=Yale+Door+Handle
MAT02112,Finishing & Interior,Hardware & Fittings,Door Handle,Dorset,Aluminium,piece,Rs.175 - Rs.325,"Dorset Door Handle, Aluminium material, used for doors, cabinets and furniture fittings.",https://placehold.co/400x300/C97B4A/FFFFFF?text=Dorset+Door+Handle
MAT02113,Finishing & Interior,Hardware & Fittings,Door Handle,Hettich,Aluminium,piece,Rs.175 - Rs.325,"Hettich Door Handle, Aluminium material, used for doors, cabinets and furniture fittings.",https://placehold.co/400x300/C97B4A/FFFFFF?text=Hettich+Door+Handle
MAT02114,Finishing & Interior,Hardware & Fittings,Door Handle,Ebco,Aluminium,piece,Rs.175 - Rs.325,"Ebco Door Handle, Aluminium material, used for doors, cabinets and furniture fittings.",https://placehold.co/400x300/C97B4A/FFFFFF?text=Ebco+Door+Handle
MAT02115,Finishing & Interior,Hardware & Fittings,Door Handle,Doorson,Aluminium,piece,Rs.175 - Rs.325,"Doorson Door Handle, Aluminium material, used for doors, cabinets and furniture fittings.",https://placehold.co/400x300/C97B4A/FFFFFF?text=Doorson+Door+Handle
MAT02116,Finishing & Interior,Hardware & Fittings,Door Handle,Europa Locks,Aluminium,piece,Rs.175 - Rs.325,"Europa Locks Door Handle, Aluminium material, used for doors, cabinets and furniture fittings.",https://placehold.co/400x300/C97B4A/FFFFFF?text=Europa+Locks+Door+Handle
MAT02117,Finishing & Interior,Hardware & Fittings,Door Handle,Godrej Locks,Zinc Alloy,piece,Rs.175 - Rs.325,"Godrej Locks Door Handle, Zinc Alloy material, used for doors, cabinets and furniture fittings.",https://placehold.co/400x300/C97B4A/FFFFFF?text=Godrej+Locks+Door+Handle
MAT02118,Finishing & Interior,Hardware & Fittings,Door Handle,Yale,Zinc Alloy,piece,Rs.175 - Rs.325,"Yale Door Handle, Zinc Alloy material, used for doors, cabinets and furniture fittings.",https://placehold.co/400x300/C97B4A/FFFFFF?text=Yale+Door+Handle
MAT02119,Finishing & Interior,Hardware & Fittings,Door Handle,Dorset,Zinc Alloy,piece,Rs.175 - Rs.325,"Dorset Door Handle, Zinc Alloy material, used for doors, cabinets and furniture fittings.",https://placehold.co/400x300/C97B4A/FFFFFF?text=Dorset+Door+Handle
MAT02120,Finishing & Interior,Hardware & Fittings,Door Handle,Hettich,Zinc Alloy,piece,Rs.175 - Rs.325,"Hettich Door Handle, Zinc Alloy material, used for doors, cabinets and furniture fittings.",https://placehold.co/400x300/C97B4A/FFFFFF?text=Hettich+Door+Handle
MAT02121,Finishing & Interior,Hardware & Fittings,Door Handle,Ebco,Zinc Alloy,piece,Rs.175 - Rs.325,"Ebco Door Handle, Zinc Alloy material, used for doors, cabinets and furniture fittings.",https://placehold.co/400x300/C97B4A/FFFFFF?text=Ebco+Door+Handle
MAT02122,Finishing & Interior,Hardware & Fittings,Door Handle,Doorson,Zinc Alloy,piece,Rs.175 - Rs.325,"Doorson Door Handle, Zinc Alloy material, used for doors, cabinets and furniture fittings.",https://placehold.co/400x300/C97B4A/FFFFFF?text=Doorson+Door+Handle
MAT02123,Finishing & Interior,Hardware & Fittings,Door Handle,Europa Locks,Zinc Alloy,piece,Rs.175 - Rs.325,"Europa Locks Door Handle, Zinc Alloy material, used for doors, cabinets and furniture fittings.",https://placehold.co/400x300/C97B4A/FFFFFF?text=Europa+Locks+Door+Handle
MAT02124,Finishing & Interior,Hardware & Fittings,Door Handle,Godrej Locks,Antique Brass Finish,piece,Rs.175 - Rs.325,"Godrej Locks Door Handle, Antique Brass Finish material, used for doors, cabinets and furniture fittings.",https://placehold.co/400x300/C97B4A/FFFFFF?text=Godrej+Locks+Door+Handle
MAT02125,Finishing & Interior,Hardware & Fittings,Door Handle,Yale,Antique Brass Finish,piece,Rs.175 - Rs.325,"Yale Door Handle, Antique Brass Finish material, used for doors, cabinets and furniture fittings.",https://placehold.co/400x300/C97B4A/FFFFFF?text=Yale+Door+Handle
MAT02126,Finishing & Interior,Hardware & Fittings,Door Handle,Dorset,Antique Brass Finish,piece,Rs.175 - Rs.325,"Dorset Door Handle, Antique Brass Finish material, used for doors, cabinets and furniture fittings.",https://placehold.co/400x300/C97B4A/FFFFFF?text=Dorset+Door+Handle
MAT02127,Finishing & Interior,Hardware & Fittings,Door Handle,Hettich,Antique Brass Finish,piece,Rs.175 - Rs.325,"Hettich Door Handle, Antique Brass Finish material, used for doors, cabinets and furniture fittings.",https://placehold.co/400x300/C97B4A/FFFFFF?text=Hettich+Door+Handle
MAT02128,Finishing & Interior,Hardware & Fittings,Door Handle,Ebco,Antique Brass Finish,piece,Rs.175 - Rs.325,"Ebco Door Handle, Antique Brass Finish material, used for doors, cabinets and furniture fittings.",https://placehold.co/400x300/C97B4A/FFFFFF?text=Ebco+Door+Handle
MAT02129,Finishing & Interior,Hardware & Fittings,Door Handle,Doorson,Antique Brass Finish,piece,Rs.175 - Rs.325,"Doorson Door Handle, Antique Brass Finish material, used for doors, cabinets and furniture fittings.",https://placehold.co/400x300/C97B4A/FFFFFF?text=Doorson+Door+Handle
MAT02130,Finishing & Interior,Hardware & Fittings,Door Handle,Europa Locks,Antique Brass Finish,piece,Rs.175 - Rs.325,"Europa Locks Door Handle, Antique Brass Finish material, used for doors, cabinets and furniture fittings.",https://placehold.co/400x300/C97B4A/FFFFFF?text=Europa+Locks+Door+Handle
MAT02131,Finishing & Interior,Hardware & Fittings,Mortise Lock,Godrej Locks,Stainless Steel,piece,Rs.175 - Rs.325,"Godrej Locks Mortise Lock, Stainless Steel material, used for doors, cabinets and furniture fittings.",https://placehold.co/400x300/C97B4A/FFFFFF?text=Godrej+Locks+Mortise+Lock
MAT02132,Finishing & Interior,Hardware & Fittings,Mortise Lock,Yale,Stainless Steel,piece,Rs.175 - Rs.325,"Yale Mortise Lock, Stainless Steel material, used for doors, cabinets and furniture fittings.",https://placehold.co/400x300/C97B4A/FFFFFF?text=Yale+Mortise+Lock
MAT02133,Finishing & Interior,Hardware & Fittings,Mortise Lock,Dorset,Stainless Steel,piece,Rs.175 - Rs.325,"Dorset Mortise Lock, Stainless Steel material, used for doors, cabinets and furniture fittings.",https://placehold.co/400x300/C97B4A/FFFFFF?text=Dorset+Mortise+Lock
MAT02134,Finishing & Interior,Hardware & Fittings,Mortise Lock,Hettich,Stainless Steel,piece,Rs.175 - Rs.325,"Hettich Mortise Lock, Stainless Steel material, used for doors, cabinets and furniture fittings.",https://placehold.co/400x300/C97B4A/FFFFFF?text=Hettich+Mortise+Lock
MAT02135,Finishing & Interior,Hardware & Fittings,Mortise Lock,Ebco,Stainless Steel,piece,Rs.175 - Rs.325,"Ebco Mortise Lock, Stainless Steel material, used for doors, cabinets and furniture fittings.",https://placehold.co/400x300/C97B4A/FFFFFF?text=Ebco+Mortise+Lock
MAT02136,Finishing & Interior,Hardware & Fittings,Mortise Lock,Doorson,Stainless Steel,piece,Rs.175 - Rs.325,"Doorson Mortise Lock, Stainless Steel material, used for doors, cabinets and furniture fittings.",https://placehold.co/400x300/C97B4A/FFFFFF?text=Doorson+Mortise+Lock
MAT02137,Finishing & Interior,Hardware & Fittings,Mortise Lock,Europa Locks,Stainless Steel,piece,Rs.175 - Rs.325,"Europa Locks Mortise Lock, Stainless Steel material, used for doors, cabinets and furniture fittings.",https://placehold.co/400x300/C97B4A/FFFFFF?text=Europa+Locks+Mortise+Lock
MAT02138,Finishing & Interior,Hardware & Fittings,Mortise Lock,Godrej Locks,Brass,piece,Rs.175 - Rs.325,"Godrej Locks Mortise Lock, Brass material, used for doors, cabinets and furniture fittings.",https://placehold.co/400x300/C97B4A/FFFFFF?text=Godrej+Locks+Mortise+Lock
MAT02139,Finishing & Interior,Hardware & Fittings,Mortise Lock,Yale,Brass,piece,Rs.175 - Rs.325,"Yale Mortise Lock, Brass material, used for doors, cabinets and furniture fittings.",https://placehold.co/400x300/C97B4A/FFFFFF?text=Yale+Mortise+Lock
MAT02140,Finishing & Interior,Hardware & Fittings,Mortise Lock,Dorset,Brass,piece,Rs.175 - Rs.325,"Dorset Mortise Lock, Brass material, used for doors, cabinets and furniture fittings.",https://placehold.co/400x300/C97B4A/FFFFFF?text=Dorset+Mortise+Lock
MAT02141,Finishing & Interior,Hardware & Fittings,Mortise Lock,Hettich,Brass,piece,Rs.175 - Rs.325,"Hettich Mortise Lock, Brass material, used for doors, cabinets and furniture fittings.",https://placehold.co/400x300/C97B4A/FFFFFF?text=Hettich+Mortise+Lock
MAT02142,Finishing & Interior,Hardware & Fittings,Mortise Lock,Ebco,Brass,piece,Rs.175 - Rs.325,"Ebco Mortise Lock, Brass material, used for doors, cabinets and furniture fittings.",https://placehold.co/400x300/C97B4A/FFFFFF?text=Ebco+Mortise+Lock
MAT02143,Finishing & Interior,Hardware & Fittings,Mortise Lock,Doorson,Brass,piece,Rs.175 - Rs.325,"Doorson Mortise Lock, Brass material, used for doors, cabinets and furniture fittings.",https://placehold.co/400x300/C97B4A/FFFFFF?text=Doorson+Mortise+Lock
MAT02144,Finishing & Interior,Hardware & Fittings,Mortise Lock,Europa Locks,Brass,piece,Rs.175 - Rs.325,"Europa Locks Mortise Lock, Brass material, used for doors, cabinets and furniture fittings.",https://placehold.co/400x300/C97B4A/FFFFFF?text=Europa+Locks+Mortise+Lock
MAT02145,Finishing & Interior,Hardware & Fittings,Mortise Lock,Godrej Locks,Aluminium,piece,Rs.175 - Rs.325,"Godrej Locks Mortise Lock, Aluminium material, used for doors, cabinets and furniture fittings.",https://placehold.co/400x300/C97B4A/FFFFFF?text=Godrej+Locks+Mortise+Lock
MAT02146,Finishing & Interior,Hardware & Fittings,Mortise Lock,Yale,Aluminium,piece,Rs.175 - Rs.325,"Yale Mortise Lock, Aluminium material, used for doors, cabinets and furniture fittings.",https://placehold.co/400x300/C97B4A/FFFFFF?text=Yale+Mortise+Lock
MAT02147,Finishing & Interior,Hardware & Fittings,Mortise Lock,Dorset,Aluminium,piece,Rs.175 - Rs.325,"Dorset Mortise Lock, Aluminium material, used for doors, cabinets and furniture fittings.",https://placehold.co/400x300/C97B4A/FFFFFF?text=Dorset+Mortise+Lock
MAT02148,Finishing & Interior,Hardware & Fittings,Mortise Lock,Hettich,Aluminium,piece,Rs.175 - Rs.325,"Hettich Mortise Lock, Aluminium material, used for doors, cabinets and furniture fittings.",https://placehold.co/400x300/C97B4A/FFFFFF?text=Hettich+Mortise+Lock
MAT02149,Finishing & Interior,Hardware & Fittings,Mortise Lock,Ebco,Aluminium,piece,Rs.175 - Rs.325,"Ebco Mortise Lock, Aluminium material, used for doors, cabinets and furniture fittings.",https://placehold.co/400x300/C97B4A/FFFFFF?text=Ebco+Mortise+Lock
MAT02150,Finishing & Interior,Hardware & Fittings,Mortise Lock,Doorson,Aluminium,piece,Rs.175 - Rs.325,"Doorson Mortise Lock, Aluminium material, used for doors, cabinets and furniture fittings.",https://placehold.co/400x300/C97B4A/FFFFFF?text=Doorson+Mortise+Lock
MAT02151,Finishing & Interior,Hardware & Fittings,Mortise Lock,Europa Locks,Aluminium,piece,Rs.175 - Rs.325,"Europa Locks Mortise Lock, Aluminium material, used for doors, cabinets and furniture fittings.",https://placehold.co/400x300/C97B4A/FFFFFF?text=Europa+Locks+Mortise+Lock
MAT02152,Finishing & Interior,Hardware & Fittings,Mortise Lock,Godrej Locks,Zinc Alloy,piece,Rs.175 - Rs.325,"Godrej Locks Mortise Lock, Zinc Alloy material, used for doors, cabinets and furniture fittings.",https://placehold.co/400x300/C97B4A/FFFFFF?text=Godrej+Locks+Mortise+Lock
MAT02153,Finishing & Interior,Hardware & Fittings,Mortise Lock,Yale,Zinc Alloy,piece,Rs.175 - Rs.325,"Yale Mortise Lock, Zinc Alloy material, used for doors, cabinets and furniture fittings.",https://placehold.co/400x300/C97B4A/FFFFFF?text=Yale+Mortise+Lock
MAT02154,Finishing & Interior,Hardware & Fittings,Mortise Lock,Dorset,Zinc Alloy,piece,Rs.175 - Rs.325,"Dorset Mortise Lock, Zinc Alloy material, used for doors, cabinets and furniture fittings.",https://placehold.co/400x300/C97B4A/FFFFFF?text=Dorset+Mortise+Lock
MAT02155,Finishing & Interior,Hardware & Fittings,Mortise Lock,Hettich,Zinc Alloy,piece,Rs.175 - Rs.325,"Hettich Mortise Lock, Zinc Alloy material, used for doors, cabinets and furniture fittings.",https://placehold.co/400x300/C97B4A/FFFFFF?text=Hettich+Mortise+Lock
MAT02156,Finishing & Interior,Hardware & Fittings,Mortise Lock,Ebco,Zinc Alloy,piece,Rs.175 - Rs.325,"Ebco Mortise Lock, Zinc Alloy material, used for doors, cabinets and furniture fittings.",https://placehold.co/400x300/C97B4A/FFFFFF?text=Ebco+Mortise+Lock
MAT02157,Finishing & Interior,Hardware & Fittings,Mortise Lock,Doorson,Zinc Alloy,piece,Rs.175 - Rs.325,"Doorson Mortise Lock, Zinc Alloy material, used for doors, cabinets and furniture fittings.",https://placehold.co/400x300/C97B4A/FFFFFF?text=Doorson+Mortise+Lock
MAT02158,Finishing & Interior,Hardware & Fittings,Mortise Lock,Europa Locks,Zinc Alloy,piece,Rs.175 - Rs.325,"Europa Locks Mortise Lock, Zinc Alloy material, used for doors, cabinets and furniture fittings.",https://placehold.co/400x300/C97B4A/FFFFFF?text=Europa+Locks+Mortise+Lock
MAT02159,Finishing & Interior,Hardware & Fittings,Mortise Lock,Godrej Locks,Antique Brass Finish,piece,Rs.175 - Rs.325,"Godrej Locks Mortise Lock, Antique Brass Finish material, used for doors, cabinets and furniture fittings.",https://placehold.co/400x300/C97B4A/FFFFFF?text=Godrej+Locks+Mortise+Lock
MAT02160,Finishing & Interior,Hardware & Fittings,Mortise Lock,Yale,Antique Brass Finish,piece,Rs.175 - Rs.325,"Yale Mortise Lock, Antique Brass Finish material, used for doors, cabinets and furniture fittings.",https://placehold.co/400x300/C97B4A/FFFFFF?text=Yale+Mortise+Lock
MAT02161,Finishing & Interior,Hardware & Fittings,Mortise Lock,Dorset,Antique Brass Finish,piece,Rs.175 - Rs.325,"Dorset Mortise Lock, Antique Brass Finish material, used for doors, cabinets and furniture fittings.",https://placehold.co/400x300/C97B4A/FFFFFF?text=Dorset+Mortise+Lock
MAT02162,Finishing & Interior,Hardware & Fittings,Mortise Lock,Hettich,Antique Brass Finish,piece,Rs.175 - Rs.325,"Hettich Mortise Lock, Antique Brass Finish material, used for doors, cabinets and furniture fittings.",https://placehold.co/400x300/C97B4A/FFFFFF?text=Hettich+Mortise+Lock
MAT02163,Finishing & Interior,Hardware & Fittings,Mortise Lock,Ebco,Antique Brass Finish,piece,Rs.175 - Rs.325,"Ebco Mortise Lock, Antique Brass Finish material, used for doors, cabinets and furniture fittings.",https://placehold.co/400x300/C97B4A/FFFFFF?text=Ebco+Mortise+Lock
MAT02164,Finishing & Interior,Hardware & Fittings,Mortise Lock,Doorson,Antique Brass Finish,piece,Rs.175 - Rs.325,"Doorson Mortise Lock, Antique Brass Finish material, used for doors, cabinets and furniture fittings.",https://placehold.co/400x300/C97B4A/FFFFFF?text=Doorson+Mortise+Lock
MAT02165,Finishing & Interior,Hardware & Fittings,Mortise Lock,Europa Locks,Antique Brass Finish,piece,Rs.175 - Rs.325,"Europa Locks Mortise Lock, Antique Brass Finish material, used for doors, cabinets and furniture fittings.",https://placehold.co/400x300/C97B4A/FFFFFF?text=Europa+Locks+Mortise+Lock
MAT02166,Finishing & Interior,Hardware & Fittings,Cylindrical Lock,Godrej Locks,Stainless Steel,piece,Rs.175 - Rs.325,"Godrej Locks Cylindrical Lock, Stainless Steel material, used for doors, cabinets and furniture fittings.",https://placehold.co/400x300/C97B4A/FFFFFF?text=Godrej+Locks+Cylindrical+Lock
MAT02167,Finishing & Interior,Hardware & Fittings,Cylindrical Lock,Yale,Stainless Steel,piece,Rs.175 - Rs.325,"Yale Cylindrical Lock, Stainless Steel material, used for doors, cabinets and furniture fittings.",https://placehold.co/400x300/C97B4A/FFFFFF?text=Yale+Cylindrical+Lock
MAT02168,Finishing & Interior,Hardware & Fittings,Cylindrical Lock,Dorset,Stainless Steel,piece,Rs.175 - Rs.325,"Dorset Cylindrical Lock, Stainless Steel material, used for doors, cabinets and furniture fittings.",https://placehold.co/400x300/C97B4A/FFFFFF?text=Dorset+Cylindrical+Lock
MAT02169,Finishing & Interior,Hardware & Fittings,Cylindrical Lock,Hettich,Stainless Steel,piece,Rs.175 - Rs.325,"Hettich Cylindrical Lock, Stainless Steel material, used for doors, cabinets and furniture fittings.",https://placehold.co/400x300/C97B4A/FFFFFF?text=Hettich+Cylindrical+Lock
MAT02170,Finishing & Interior,Hardware & Fittings,Cylindrical Lock,Ebco,Stainless Steel,piece,Rs.175 - Rs.325,"Ebco Cylindrical Lock, Stainless Steel material, used for doors, cabinets and furniture fittings.",https://placehold.co/400x300/C97B4A/FFFFFF?text=Ebco+Cylindrical+Lock
MAT02171,Roofing & Insulation,Roofing Sheets & Tiles,Galvanized Iron (GI) Roofing Sheet (0.4mm),Tata Bluescope,0.4mm,sq.ft / sheet,Rs.59 - Rs.110,"Tata Bluescope Galvanized Iron (GI) Roofing Sheet, thickness 0.4mm, used for roof covering and weatherproofing.",https://placehold.co/400x300/6B4F4F/FFFFFF?text=Tata+Bluescope+Galvanized+Iron+%28GI%29+Roofing+S
MAT02172,Roofing & Insulation,Roofing Sheets & Tiles,Galvanized Iron (GI) Roofing Sheet (0.4mm),JSW Roofing,0.4mm,sq.ft / sheet,Rs.59 - Rs.110,"JSW Roofing Galvanized Iron (GI) Roofing Sheet, thickness 0.4mm, used for roof covering and weatherproofing.",https://placehold.co/400x300/6B4F4F/FFFFFF?text=JSW+Roofing+Galvanized+Iron+%28GI%29+Roofing+Shee
MAT02173,Roofing & Insulation,Roofing Sheets & Tiles,Galvanized Iron (GI) Roofing Sheet (0.4mm),Everest Roofing,0.4mm,sq.ft / sheet,Rs.59 - Rs.110,"Everest Roofing Galvanized Iron (GI) Roofing Sheet, thickness 0.4mm, used for roof covering and weatherproofing.",https://placehold.co/400x300/6B4F4F/FFFFFF?text=Everest+Roofing+Galvanized+Iron+%28GI%29+Roofing+
MAT02174,Roofing & Insulation,Roofing Sheets & Tiles,Galvanized Iron (GI) Roofing Sheet (0.4mm),Ramco Roofing,0.4mm,sq.ft / sheet,Rs.59 - Rs.110,"Ramco Roofing Galvanized Iron (GI) Roofing Sheet, thickness 0.4mm, used for roof covering and weatherproofing.",https://placehold.co/400x300/6B4F4F/FFFFFF?text=Ramco+Roofing+Galvanized+Iron+%28GI%29+Roofing+Sh
MAT02175,Roofing & Insulation,Roofing Sheets & Tiles,Galvanized Iron (GI) Roofing Sheet (0.4mm),Century Roofing,0.4mm,sq.ft / sheet,Rs.59 - Rs.110,"Century Roofing Galvanized Iron (GI) Roofing Sheet, thickness 0.4mm, used for roof covering and weatherproofing.",https://placehold.co/400x300/6B4F4F/FFFFFF?text=Century+Roofing+Galvanized+Iron+%28GI%29+Roofing+
MAT02176,Roofing & Insulation,Roofing Sheets & Tiles,Galvanized Iron (GI) Roofing Sheet (0.4mm),Vishakha Roofing,0.4mm,sq.ft / sheet,Rs.59 - Rs.110,"Vishakha Roofing Galvanized Iron (GI) Roofing Sheet, thickness 0.4mm, used for roof covering and weatherproofing.",https://placehold.co/400x300/6B4F4F/FFFFFF?text=Vishakha+Roofing+Galvanized+Iron+%28GI%29+Roofing
MAT02177,Roofing & Insulation,Roofing Sheets & Tiles,Galvanized Iron (GI) Roofing Sheet (0.5mm),Tata Bluescope,0.5mm,sq.ft / sheet,Rs.59 - Rs.110,"Tata Bluescope Galvanized Iron (GI) Roofing Sheet, thickness 0.5mm, used for roof covering and weatherproofing.",https://placehold.co/400x300/6B4F4F/FFFFFF?text=Tata+Bluescope+Galvanized+Iron+%28GI%29+Roofing+S
MAT02178,Roofing & Insulation,Roofing Sheets & Tiles,Galvanized Iron (GI) Roofing Sheet (0.5mm),JSW Roofing,0.5mm,sq.ft / sheet,Rs.59 - Rs.110,"JSW Roofing Galvanized Iron (GI) Roofing Sheet, thickness 0.5mm, used for roof covering and weatherproofing.",https://placehold.co/400x300/6B4F4F/FFFFFF?text=JSW+Roofing+Galvanized+Iron+%28GI%29+Roofing+Shee
MAT02179,Roofing & Insulation,Roofing Sheets & Tiles,Galvanized Iron (GI) Roofing Sheet (0.5mm),Everest Roofing,0.5mm,sq.ft / sheet,Rs.59 - Rs.110,"Everest Roofing Galvanized Iron (GI) Roofing Sheet, thickness 0.5mm, used for roof covering and weatherproofing.",https://placehold.co/400x300/6B4F4F/FFFFFF?text=Everest+Roofing+Galvanized+Iron+%28GI%29+Roofing+
MAT02180,Roofing & Insulation,Roofing Sheets & Tiles,Galvanized Iron (GI) Roofing Sheet (0.5mm),Ramco Roofing,0.5mm,sq.ft / sheet,Rs.59 - Rs.110,"Ramco Roofing Galvanized Iron (GI) Roofing Sheet, thickness 0.5mm, used for roof covering and weatherproofing.",https://placehold.co/400x300/6B4F4F/FFFFFF?text=Ramco+Roofing+Galvanized+Iron+%28GI%29+Roofing+Sh
MAT02181,Roofing & Insulation,Roofing Sheets & Tiles,Galvanized Iron (GI) Roofing Sheet (0.5mm),Century Roofing,0.5mm,sq.ft / sheet,Rs.59 - Rs.110,"Century Roofing Galvanized Iron (GI) Roofing Sheet, thickness 0.5mm, used for roof covering and weatherproofing.",https://placehold.co/400x300/6B4F4F/FFFFFF?text=Century+Roofing+Galvanized+Iron+%28GI%29+Roofing+
MAT02182,Roofing & Insulation,Roofing Sheets & Tiles,Galvanized Iron (GI) Roofing Sheet (0.5mm),Vishakha Roofing,0.5mm,sq.ft / sheet,Rs.59 - Rs.110,"Vishakha Roofing Galvanized Iron (GI) Roofing Sheet, thickness 0.5mm, used for roof covering and weatherproofing.",https://placehold.co/400x300/6B4F4F/FFFFFF?text=Vishakha+Roofing+Galvanized+Iron+%28GI%29+Roofing
MAT02183,Roofing & Insulation,Roofing Sheets & Tiles,Galvanized Iron (GI) Roofing Sheet (0.6mm),Tata Bluescope,0.6mm,sq.ft / sheet,Rs.59 - Rs.110,"Tata Bluescope Galvanized Iron (GI) Roofing Sheet, thickness 0.6mm, used for roof covering and weatherproofing.",https://placehold.co/400x300/6B4F4F/FFFFFF?text=Tata+Bluescope+Galvanized+Iron+%28GI%29+Roofing+S
MAT02184,Roofing & Insulation,Roofing Sheets & Tiles,Galvanized Iron (GI) Roofing Sheet (0.6mm),JSW Roofing,0.6mm,sq.ft / sheet,Rs.59 - Rs.110,"JSW Roofing Galvanized Iron (GI) Roofing Sheet, thickness 0.6mm, used for roof covering and weatherproofing.",https://placehold.co/400x300/6B4F4F/FFFFFF?text=JSW+Roofing+Galvanized+Iron+%28GI%29+Roofing+Shee
MAT02185,Roofing & Insulation,Roofing Sheets & Tiles,Galvanized Iron (GI) Roofing Sheet (0.6mm),Everest Roofing,0.6mm,sq.ft / sheet,Rs.59 - Rs.110,"Everest Roofing Galvanized Iron (GI) Roofing Sheet, thickness 0.6mm, used for roof covering and weatherproofing.",https://placehold.co/400x300/6B4F4F/FFFFFF?text=Everest+Roofing+Galvanized+Iron+%28GI%29+Roofing+
MAT02186,Roofing & Insulation,Roofing Sheets & Tiles,Galvanized Iron (GI) Roofing Sheet (0.6mm),Ramco Roofing,0.6mm,sq.ft / sheet,Rs.59 - Rs.110,"Ramco Roofing Galvanized Iron (GI) Roofing Sheet, thickness 0.6mm, used for roof covering and weatherproofing.",https://placehold.co/400x300/6B4F4F/FFFFFF?text=Ramco+Roofing+Galvanized+Iron+%28GI%29+Roofing+Sh
MAT02187,Roofing & Insulation,Roofing Sheets & Tiles,Galvanized Iron (GI) Roofing Sheet (0.6mm),Century Roofing,0.6mm,sq.ft / sheet,Rs.59 - Rs.110,"Century Roofing Galvanized Iron (GI) Roofing Sheet, thickness 0.6mm, used for roof covering and weatherproofing.",https://placehold.co/400x300/6B4F4F/FFFFFF?text=Century+Roofing+Galvanized+Iron+%28GI%29+Roofing+
MAT02188,Roofing & Insulation,Roofing Sheets & Tiles,Galvanized Iron (GI) Roofing Sheet (0.6mm),Vishakha Roofing,0.6mm,sq.ft / sheet,Rs.59 - Rs.110,"Vishakha Roofing Galvanized Iron (GI) Roofing Sheet, thickness 0.6mm, used for roof covering and weatherproofing.",https://placehold.co/400x300/6B4F4F/FFFFFF?text=Vishakha+Roofing+Galvanized+Iron+%28GI%29+Roofing
MAT02189,Roofing & Insulation,Roofing Sheets & Tiles,Galvanized Iron (GI) Roofing Sheet (8mm),Tata Bluescope,8mm,sq.ft / sheet,Rs.59 - Rs.110,"Tata Bluescope Galvanized Iron (GI) Roofing Sheet, thickness 8mm, used for roof covering and weatherproofing.",https://placehold.co/400x300/6B4F4F/FFFFFF?text=Tata+Bluescope+Galvanized+Iron+%28GI%29+Roofing+S
MAT02190,Roofing & Insulation,Roofing Sheets & Tiles,Galvanized Iron (GI) Roofing Sheet (8mm),JSW Roofing,8mm,sq.ft / sheet,Rs.59 - Rs.110,"JSW Roofing Galvanized Iron (GI) Roofing Sheet, thickness 8mm, used for roof covering and weatherproofing.",https://placehold.co/400x300/6B4F4F/FFFFFF?text=JSW+Roofing+Galvanized+Iron+%28GI%29+Roofing+Shee
MAT02191,Roofing & Insulation,Roofing Sheets & Tiles,Galvanized Iron (GI) Roofing Sheet (8mm),Everest Roofing,8mm,sq.ft / sheet,Rs.59 - Rs.110,"Everest Roofing Galvanized Iron (GI) Roofing Sheet, thickness 8mm, used for roof covering and weatherproofing.",https://placehold.co/400x300/6B4F4F/FFFFFF?text=Everest+Roofing+Galvanized+Iron+%28GI%29+Roofing+
MAT02192,Roofing & Insulation,Roofing Sheets & Tiles,Galvanized Iron (GI) Roofing Sheet (8mm),Ramco Roofing,8mm,sq.ft / sheet,Rs.59 - Rs.110,"Ramco Roofing Galvanized Iron (GI) Roofing Sheet, thickness 8mm, used for roof covering and weatherproofing.",https://placehold.co/400x300/6B4F4F/FFFFFF?text=Ramco+Roofing+Galvanized+Iron+%28GI%29+Roofing+Sh
MAT02193,Roofing & Insulation,Roofing Sheets & Tiles,Galvanized Iron (GI) Roofing Sheet (8mm),Century Roofing,8mm,sq.ft / sheet,Rs.59 - Rs.110,"Century Roofing Galvanized Iron (GI) Roofing Sheet, thickness 8mm, used for roof covering and weatherproofing.",https://placehold.co/400x300/6B4F4F/FFFFFF?text=Century+Roofing+Galvanized+Iron+%28GI%29+Roofing+
MAT02194,Roofing & Insulation,Roofing Sheets & Tiles,Galvanized Iron (GI) Roofing Sheet (8mm),Vishakha Roofing,8mm,sq.ft / sheet,Rs.59 - Rs.110,"Vishakha Roofing Galvanized Iron (GI) Roofing Sheet, thickness 8mm, used for roof covering and weatherproofing.",https://placehold.co/400x300/6B4F4F/FFFFFF?text=Vishakha+Roofing+Galvanized+Iron+%28GI%29+Roofing
MAT02195,Roofing & Insulation,Roofing Sheets & Tiles,Galvanized Iron (GI) Roofing Sheet (10mm),Tata Bluescope,10mm,sq.ft / sheet,Rs.59 - Rs.110,"Tata Bluescope Galvanized Iron (GI) Roofing Sheet, thickness 10mm, used for roof covering and weatherproofing.",https://placehold.co/400x300/6B4F4F/FFFFFF?text=Tata+Bluescope+Galvanized+Iron+%28GI%29+Roofing+S
MAT02196,Roofing & Insulation,Roofing Sheets & Tiles,Galvanized Iron (GI) Roofing Sheet (10mm),JSW Roofing,10mm,sq.ft / sheet,Rs.59 - Rs.110,"JSW Roofing Galvanized Iron (GI) Roofing Sheet, thickness 10mm, used for roof covering and weatherproofing.",https://placehold.co/400x300/6B4F4F/FFFFFF?text=JSW+Roofing+Galvanized+Iron+%28GI%29+Roofing+Shee
MAT02197,Roofing & Insulation,Roofing Sheets & Tiles,Galvanized Iron (GI) Roofing Sheet (10mm),Everest Roofing,10mm,sq.ft / sheet,Rs.59 - Rs.110,"Everest Roofing Galvanized Iron (GI) Roofing Sheet, thickness 10mm, used for roof covering and weatherproofing.",https://placehold.co/400x300/6B4F4F/FFFFFF?text=Everest+Roofing+Galvanized+Iron+%28GI%29+Roofing+
MAT02198,Roofing & Insulation,Roofing Sheets & Tiles,Galvanized Iron (GI) Roofing Sheet (10mm),Ramco Roofing,10mm,sq.ft / sheet,Rs.59 - Rs.110,"Ramco Roofing Galvanized Iron (GI) Roofing Sheet, thickness 10mm, used for roof covering and weatherproofing.",https://placehold.co/400x300/6B4F4F/FFFFFF?text=Ramco+Roofing+Galvanized+Iron+%28GI%29+Roofing+Sh
MAT02199,Roofing & Insulation,Roofing Sheets & Tiles,Galvanized Iron (GI) Roofing Sheet (10mm),Century Roofing,10mm,sq.ft / sheet,Rs.59 - Rs.110,"Century Roofing Galvanized Iron (GI) Roofing Sheet, thickness 10mm, used for roof covering and weatherproofing.",https://placehold.co/400x300/6B4F4F/FFFFFF?text=Century+Roofing+Galvanized+Iron+%28GI%29+Roofing+
MAT02200,Roofing & Insulation,Roofing Sheets & Tiles,Galvanized Iron (GI) Roofing Sheet (10mm),Vishakha Roofing,10mm,sq.ft / sheet,Rs.59 - Rs.110,"Vishakha Roofing Galvanized Iron (GI) Roofing Sheet, thickness 10mm, used for roof covering and weatherproofing.",https://placehold.co/400x300/6B4F4F/FFFFFF?text=Vishakha+Roofing+Galvanized+Iron+%28GI%29+Roofing
MAT02201,Roofing & Insulation,Roofing Sheets & Tiles,Galvanized Iron (GI) Roofing Sheet (12mm),Tata Bluescope,12mm,sq.ft / sheet,Rs.59 - Rs.110,"Tata Bluescope Galvanized Iron (GI) Roofing Sheet, thickness 12mm, used for roof covering and weatherproofing.",https://placehold.co/400x300/6B4F4F/FFFFFF?text=Tata+Bluescope+Galvanized+Iron+%28GI%29+Roofing+S
MAT02202,Roofing & Insulation,Roofing Sheets & Tiles,Galvanized Iron (GI) Roofing Sheet (12mm),JSW Roofing,12mm,sq.ft / sheet,Rs.59 - Rs.110,"JSW Roofing Galvanized Iron (GI) Roofing Sheet, thickness 12mm, used for roof covering and weatherproofing.",https://placehold.co/400x300/6B4F4F/FFFFFF?text=JSW+Roofing+Galvanized+Iron+%28GI%29+Roofing+Shee
MAT02203,Roofing & Insulation,Roofing Sheets & Tiles,Galvanized Iron (GI) Roofing Sheet (12mm),Everest Roofing,12mm,sq.ft / sheet,Rs.59 - Rs.110,"Everest Roofing Galvanized Iron (GI) Roofing Sheet, thickness 12mm, used for roof covering and weatherproofing.",https://placehold.co/400x300/6B4F4F/FFFFFF?text=Everest+Roofing+Galvanized+Iron+%28GI%29+Roofing+
MAT02204,Roofing & Insulation,Roofing Sheets & Tiles,Galvanized Iron (GI) Roofing Sheet (12mm),Ramco Roofing,12mm,sq.ft / sheet,Rs.59 - Rs.110,"Ramco Roofing Galvanized Iron (GI) Roofing Sheet, thickness 12mm, used for roof covering and weatherproofing.",https://placehold.co/400x300/6B4F4F/FFFFFF?text=Ramco+Roofing+Galvanized+Iron+%28GI%29+Roofing+Sh
MAT02205,Roofing & Insulation,Roofing Sheets & Tiles,Galvanized Iron (GI) Roofing Sheet (12mm),Century Roofing,12mm,sq.ft / sheet,Rs.59 - Rs.110,"Century Roofing Galvanized Iron (GI) Roofing Sheet, thickness 12mm, used for roof covering and weatherproofing.",https://placehold.co/400x300/6B4F4F/FFFFFF?text=Century+Roofing+Galvanized+Iron+%28GI%29+Roofing+
MAT02206,Roofing & Insulation,Roofing Sheets & Tiles,Galvanized Iron (GI) Roofing Sheet (12mm),Vishakha Roofing,12mm,sq.ft / sheet,Rs.59 - Rs.110,"Vishakha Roofing Galvanized Iron (GI) Roofing Sheet, thickness 12mm, used for roof covering and weatherproofing.",https://placehold.co/400x300/6B4F4F/FFFFFF?text=Vishakha+Roofing+Galvanized+Iron+%28GI%29+Roofing
MAT02207,Roofing & Insulation,Roofing Sheets & Tiles,Colour Coated Steel Sheet (0.4mm),Tata Bluescope,0.4mm,sq.ft / sheet,Rs.59 - Rs.110,"Tata Bluescope Colour Coated Steel Sheet, thickness 0.4mm, used for roof covering and weatherproofing.",https://placehold.co/400x300/6B4F4F/FFFFFF?text=Tata+Bluescope+Colour+Coated+Steel+Sheet+%280.4
MAT02208,Roofing & Insulation,Roofing Sheets & Tiles,Colour Coated Steel Sheet (0.4mm),JSW Roofing,0.4mm,sq.ft / sheet,Rs.59 - Rs.110,"JSW Roofing Colour Coated Steel Sheet, thickness 0.4mm, used for roof covering and weatherproofing.",https://placehold.co/400x300/6B4F4F/FFFFFF?text=JSW+Roofing+Colour+Coated+Steel+Sheet+%280.4mm%29
MAT02209,Roofing & Insulation,Roofing Sheets & Tiles,Colour Coated Steel Sheet (0.4mm),Everest Roofing,0.4mm,sq.ft / sheet,Rs.59 - Rs.110,"Everest Roofing Colour Coated Steel Sheet, thickness 0.4mm, used for roof covering and weatherproofing.",https://placehold.co/400x300/6B4F4F/FFFFFF?text=Everest+Roofing+Colour+Coated+Steel+Sheet+%280.
MAT02210,Roofing & Insulation,Roofing Sheets & Tiles,Colour Coated Steel Sheet (0.4mm),Ramco Roofing,0.4mm,sq.ft / sheet,Rs.59 - Rs.110,"Ramco Roofing Colour Coated Steel Sheet, thickness 0.4mm, used for roof covering and weatherproofing.",https://placehold.co/400x300/6B4F4F/FFFFFF?text=Ramco+Roofing+Colour+Coated+Steel+Sheet+%280.4m
MAT02211,Roofing & Insulation,Roofing Sheets & Tiles,Colour Coated Steel Sheet (0.4mm),Century Roofing,0.4mm,sq.ft / sheet,Rs.59 - Rs.110,"Century Roofing Colour Coated Steel Sheet, thickness 0.4mm, used for roof covering and weatherproofing.",https://placehold.co/400x300/6B4F4F/FFFFFF?text=Century+Roofing+Colour+Coated+Steel+Sheet+%280.
MAT02212,Roofing & Insulation,Roofing Sheets & Tiles,Colour Coated Steel Sheet (0.4mm),Vishakha Roofing,0.4mm,sq.ft / sheet,Rs.59 - Rs.110,"Vishakha Roofing Colour Coated Steel Sheet, thickness 0.4mm, used for roof covering and weatherproofing.",https://placehold.co/400x300/6B4F4F/FFFFFF?text=Vishakha+Roofing+Colour+Coated+Steel+Sheet+%280
MAT02213,Roofing & Insulation,Roofing Sheets & Tiles,Colour Coated Steel Sheet (0.5mm),Tata Bluescope,0.5mm,sq.ft / sheet,Rs.59 - Rs.110,"Tata Bluescope Colour Coated Steel Sheet, thickness 0.5mm, used for roof covering and weatherproofing.",https://placehold.co/400x300/6B4F4F/FFFFFF?text=Tata+Bluescope+Colour+Coated+Steel+Sheet+%280.5
MAT02214,Roofing & Insulation,Roofing Sheets & Tiles,Colour Coated Steel Sheet (0.5mm),JSW Roofing,0.5mm,sq.ft / sheet,Rs.59 - Rs.110,"JSW Roofing Colour Coated Steel Sheet, thickness 0.5mm, used for roof covering and weatherproofing.",https://placehold.co/400x300/6B4F4F/FFFFFF?text=JSW+Roofing+Colour+Coated+Steel+Sheet+%280.5mm%29
MAT02215,Roofing & Insulation,Roofing Sheets & Tiles,Colour Coated Steel Sheet (0.5mm),Everest Roofing,0.5mm,sq.ft / sheet,Rs.59 - Rs.110,"Everest Roofing Colour Coated Steel Sheet, thickness 0.5mm, used for roof covering and weatherproofing.",https://placehold.co/400x300/6B4F4F/FFFFFF?text=Everest+Roofing+Colour+Coated+Steel+Sheet+%280.
MAT02216,Roofing & Insulation,Roofing Sheets & Tiles,Colour Coated Steel Sheet (0.5mm),Ramco Roofing,0.5mm,sq.ft / sheet,Rs.59 - Rs.110,"Ramco Roofing Colour Coated Steel Sheet, thickness 0.5mm, used for roof covering and weatherproofing.",https://placehold.co/400x300/6B4F4F/FFFFFF?text=Ramco+Roofing+Colour+Coated+Steel+Sheet+%280.5m
MAT02217,Roofing & Insulation,Roofing Sheets & Tiles,Colour Coated Steel Sheet (0.5mm),Century Roofing,0.5mm,sq.ft / sheet,Rs.59 - Rs.110,"Century Roofing Colour Coated Steel Sheet, thickness 0.5mm, used for roof covering and weatherproofing.",https://placehold.co/400x300/6B4F4F/FFFFFF?text=Century+Roofing+Colour+Coated+Steel+Sheet+%280.
MAT02218,Roofing & Insulation,Roofing Sheets & Tiles,Colour Coated Steel Sheet (0.5mm),Vishakha Roofing,0.5mm,sq.ft / sheet,Rs.59 - Rs.110,"Vishakha Roofing Colour Coated Steel Sheet, thickness 0.5mm, used for roof covering and weatherproofing.",https://placehold.co/400x300/6B4F4F/FFFFFF?text=Vishakha+Roofing+Colour+Coated+Steel+Sheet+%280
MAT02219,Roofing & Insulation,Roofing Sheets & Tiles,Colour Coated Steel Sheet (0.6mm),Tata Bluescope,0.6mm,sq.ft / sheet,Rs.59 - Rs.110,"Tata Bluescope Colour Coated Steel Sheet, thickness 0.6mm, used for roof covering and weatherproofing.",https://placehold.co/400x300/6B4F4F/FFFFFF?text=Tata+Bluescope+Colour+Coated+Steel+Sheet+%280.6
MAT02220,Roofing & Insulation,Roofing Sheets & Tiles,Colour Coated Steel Sheet (0.6mm),JSW Roofing,0.6mm,sq.ft / sheet,Rs.59 - Rs.110,"JSW Roofing Colour Coated Steel Sheet, thickness 0.6mm, used for roof covering and weatherproofing.",https://placehold.co/400x300/6B4F4F/FFFFFF?text=JSW+Roofing+Colour+Coated+Steel+Sheet+%280.6mm%29
MAT02221,Roofing & Insulation,Roofing Sheets & Tiles,Colour Coated Steel Sheet (0.6mm),Everest Roofing,0.6mm,sq.ft / sheet,Rs.59 - Rs.110,"Everest Roofing Colour Coated Steel Sheet, thickness 0.6mm, used for roof covering and weatherproofing.",https://placehold.co/400x300/6B4F4F/FFFFFF?text=Everest+Roofing+Colour+Coated+Steel+Sheet+%280.
MAT02222,Roofing & Insulation,Roofing Sheets & Tiles,Colour Coated Steel Sheet (0.6mm),Ramco Roofing,0.6mm,sq.ft / sheet,Rs.59 - Rs.110,"Ramco Roofing Colour Coated Steel Sheet, thickness 0.6mm, used for roof covering and weatherproofing.",https://placehold.co/400x300/6B4F4F/FFFFFF?text=Ramco+Roofing+Colour+Coated+Steel+Sheet+%280.6m
MAT02223,Roofing & Insulation,Roofing Sheets & Tiles,Colour Coated Steel Sheet (0.6mm),Century Roofing,0.6mm,sq.ft / sheet,Rs.59 - Rs.110,"Century Roofing Colour Coated Steel Sheet, thickness 0.6mm, used for roof covering and weatherproofing.",https://placehold.co/400x300/6B4F4F/FFFFFF?text=Century+Roofing+Colour+Coated+Steel+Sheet+%280.
MAT02224,Roofing & Insulation,Roofing Sheets & Tiles,Colour Coated Steel Sheet (0.6mm),Vishakha Roofing,0.6mm,sq.ft / sheet,Rs.59 - Rs.110,"Vishakha Roofing Colour Coated Steel Sheet, thickness 0.6mm, used for roof covering and weatherproofing.",https://placehold.co/400x300/6B4F4F/FFFFFF?text=Vishakha+Roofing+Colour+Coated+Steel+Sheet+%280
MAT02225,Roofing & Insulation,Roofing Sheets & Tiles,Colour Coated Steel Sheet (8mm),Tata Bluescope,8mm,sq.ft / sheet,Rs.59 - Rs.110,"Tata Bluescope Colour Coated Steel Sheet, thickness 8mm, used for roof covering and weatherproofing.",https://placehold.co/400x300/6B4F4F/FFFFFF?text=Tata+Bluescope+Colour+Coated+Steel+Sheet+%288mm
MAT02226,Roofing & Insulation,Roofing Sheets & Tiles,Colour Coated Steel Sheet (8mm),JSW Roofing,8mm,sq.ft / sheet,Rs.59 - Rs.110,"JSW Roofing Colour Coated Steel Sheet, thickness 8mm, used for roof covering and weatherproofing.",https://placehold.co/400x300/6B4F4F/FFFFFF?text=JSW+Roofing+Colour+Coated+Steel+Sheet+%288mm%29
MAT02227,Roofing & Insulation,Roofing Sheets & Tiles,Colour Coated Steel Sheet (8mm),Everest Roofing,8mm,sq.ft / sheet,Rs.59 - Rs.110,"Everest Roofing Colour Coated Steel Sheet, thickness 8mm, used for roof covering and weatherproofing.",https://placehold.co/400x300/6B4F4F/FFFFFF?text=Everest+Roofing+Colour+Coated+Steel+Sheet+%288m
MAT02228,Roofing & Insulation,Roofing Sheets & Tiles,Colour Coated Steel Sheet (8mm),Ramco Roofing,8mm,sq.ft / sheet,Rs.59 - Rs.110,"Ramco Roofing Colour Coated Steel Sheet, thickness 8mm, used for roof covering and weatherproofing.",https://placehold.co/400x300/6B4F4F/FFFFFF?text=Ramco+Roofing+Colour+Coated+Steel+Sheet+%288mm%29
MAT02229,Roofing & Insulation,Roofing Sheets & Tiles,Colour Coated Steel Sheet (8mm),Century Roofing,8mm,sq.ft / sheet,Rs.59 - Rs.110,"Century Roofing Colour Coated Steel Sheet, thickness 8mm, used for roof covering and weatherproofing.",https://placehold.co/400x300/6B4F4F/FFFFFF?text=Century+Roofing+Colour+Coated+Steel+Sheet+%288m
MAT02230,Roofing & Insulation,Roofing Sheets & Tiles,Colour Coated Steel Sheet (8mm),Vishakha Roofing,8mm,sq.ft / sheet,Rs.59 - Rs.110,"Vishakha Roofing Colour Coated Steel Sheet, thickness 8mm, used for roof covering and weatherproofing.",https://placehold.co/400x300/6B4F4F/FFFFFF?text=Vishakha+Roofing+Colour+Coated+Steel+Sheet+%288
MAT02231,Roofing & Insulation,Roofing Sheets & Tiles,Colour Coated Steel Sheet (10mm),Tata Bluescope,10mm,sq.ft / sheet,Rs.59 - Rs.110,"Tata Bluescope Colour Coated Steel Sheet, thickness 10mm, used for roof covering and weatherproofing.",https://placehold.co/400x300/6B4F4F/FFFFFF?text=Tata+Bluescope+Colour+Coated+Steel+Sheet+%2810m
MAT02232,Roofing & Insulation,Roofing Sheets & Tiles,Colour Coated Steel Sheet (10mm),JSW Roofing,10mm,sq.ft / sheet,Rs.59 - Rs.110,"JSW Roofing Colour Coated Steel Sheet, thickness 10mm, used for roof covering and weatherproofing.",https://placehold.co/400x300/6B4F4F/FFFFFF?text=JSW+Roofing+Colour+Coated+Steel+Sheet+%2810mm%29
MAT02233,Roofing & Insulation,Roofing Sheets & Tiles,Colour Coated Steel Sheet (10mm),Everest Roofing,10mm,sq.ft / sheet,Rs.59 - Rs.110,"Everest Roofing Colour Coated Steel Sheet, thickness 10mm, used for roof covering and weatherproofing.",https://placehold.co/400x300/6B4F4F/FFFFFF?text=Everest+Roofing+Colour+Coated+Steel+Sheet+%2810
MAT02234,Roofing & Insulation,Roofing Sheets & Tiles,Colour Coated Steel Sheet (10mm),Ramco Roofing,10mm,sq.ft / sheet,Rs.59 - Rs.110,"Ramco Roofing Colour Coated Steel Sheet, thickness 10mm, used for roof covering and weatherproofing.",https://placehold.co/400x300/6B4F4F/FFFFFF?text=Ramco+Roofing+Colour+Coated+Steel+Sheet+%2810mm
MAT02235,Roofing & Insulation,Roofing Sheets & Tiles,Colour Coated Steel Sheet (10mm),Century Roofing,10mm,sq.ft / sheet,Rs.59 - Rs.110,"Century Roofing Colour Coated Steel Sheet, thickness 10mm, used for roof covering and weatherproofing.",https://placehold.co/400x300/6B4F4F/FFFFFF?text=Century+Roofing+Colour+Coated+Steel+Sheet+%2810
MAT02236,Roofing & Insulation,Roofing Sheets & Tiles,Colour Coated Steel Sheet (10mm),Vishakha Roofing,10mm,sq.ft / sheet,Rs.59 - Rs.110,"Vishakha Roofing Colour Coated Steel Sheet, thickness 10mm, used for roof covering and weatherproofing.",https://placehold.co/400x300/6B4F4F/FFFFFF?text=Vishakha+Roofing+Colour+Coated+Steel+Sheet+%281
MAT02237,Roofing & Insulation,Roofing Sheets & Tiles,Colour Coated Steel Sheet (12mm),Tata Bluescope,12mm,sq.ft / sheet,Rs.59 - Rs.110,"Tata Bluescope Colour Coated Steel Sheet, thickness 12mm, used for roof covering and weatherproofing.",https://placehold.co/400x300/6B4F4F/FFFFFF?text=Tata+Bluescope+Colour+Coated+Steel+Sheet+%2812m
MAT02238,Roofing & Insulation,Roofing Sheets & Tiles,Colour Coated Steel Sheet (12mm),JSW Roofing,12mm,sq.ft / sheet,Rs.59 - Rs.110,"JSW Roofing Colour Coated Steel Sheet, thickness 12mm, used for roof covering and weatherproofing.",https://placehold.co/400x300/6B4F4F/FFFFFF?text=JSW+Roofing+Colour+Coated+Steel+Sheet+%2812mm%29
MAT02239,Roofing & Insulation,Roofing Sheets & Tiles,Colour Coated Steel Sheet (12mm),Everest Roofing,12mm,sq.ft / sheet,Rs.59 - Rs.110,"Everest Roofing Colour Coated Steel Sheet, thickness 12mm, used for roof covering and weatherproofing.",https://placehold.co/400x300/6B4F4F/FFFFFF?text=Everest+Roofing+Colour+Coated+Steel+Sheet+%2812
MAT02240,Roofing & Insulation,Roofing Sheets & Tiles,Colour Coated Steel Sheet (12mm),Ramco Roofing,12mm,sq.ft / sheet,Rs.59 - Rs.110,"Ramco Roofing Colour Coated Steel Sheet, thickness 12mm, used for roof covering and weatherproofing.",https://placehold.co/400x300/6B4F4F/FFFFFF?text=Ramco+Roofing+Colour+Coated+Steel+Sheet+%2812mm
MAT02241,Roofing & Insulation,Roofing Sheets & Tiles,Colour Coated Steel Sheet (12mm),Century Roofing,12mm,sq.ft / sheet,Rs.59 - Rs.110,"Century Roofing Colour Coated Steel Sheet, thickness 12mm, used for roof covering and weatherproofing.",https://placehold.co/400x300/6B4F4F/FFFFFF?text=Century+Roofing+Colour+Coated+Steel+Sheet+%2812
MAT02242,Roofing & Insulation,Roofing Sheets & Tiles,Colour Coated Steel Sheet (12mm),Vishakha Roofing,12mm,sq.ft / sheet,Rs.59 - Rs.110,"Vishakha Roofing Colour Coated Steel Sheet, thickness 12mm, used for roof covering and weatherproofing.",https://placehold.co/400x300/6B4F4F/FFFFFF?text=Vishakha+Roofing+Colour+Coated+Steel+Sheet+%281
MAT02243,Roofing & Insulation,Roofing Sheets & Tiles,Polycarbonate Roofing Sheet (0.4mm),Tata Bluescope,0.4mm,sq.ft / sheet,Rs.59 - Rs.110,"Tata Bluescope Polycarbonate Roofing Sheet, thickness 0.4mm, used for roof covering and weatherproofing.",https://placehold.co/400x300/6B4F4F/FFFFFF?text=Tata+Bluescope+Polycarbonate+Roofing+Sheet+%280
MAT02244,Roofing & Insulation,Roofing Sheets & Tiles,Polycarbonate Roofing Sheet (0.4mm),JSW Roofing,0.4mm,sq.ft / sheet,Rs.59 - Rs.110,"JSW Roofing Polycarbonate Roofing Sheet, thickness 0.4mm, used for roof covering and weatherproofing.",https://placehold.co/400x300/6B4F4F/FFFFFF?text=JSW+Roofing+Polycarbonate+Roofing+Sheet+%280.4m
MAT02245,Roofing & Insulation,Roofing Sheets & Tiles,Polycarbonate Roofing Sheet (0.4mm),Everest Roofing,0.4mm,sq.ft / sheet,Rs.59 - Rs.110,"Everest Roofing Polycarbonate Roofing Sheet, thickness 0.4mm, used for roof covering and weatherproofing.",https://placehold.co/400x300/6B4F4F/FFFFFF?text=Everest+Roofing+Polycarbonate+Roofing+Sheet+%28
MAT02246,Roofing & Insulation,Roofing Sheets & Tiles,Polycarbonate Roofing Sheet (0.4mm),Ramco Roofing,0.4mm,sq.ft / sheet,Rs.59 - Rs.110,"Ramco Roofing Polycarbonate Roofing Sheet, thickness 0.4mm, used for roof covering and weatherproofing.",https://placehold.co/400x300/6B4F4F/FFFFFF?text=Ramco+Roofing+Polycarbonate+Roofing+Sheet+%280.
MAT02247,Roofing & Insulation,Roofing Sheets & Tiles,Polycarbonate Roofing Sheet (0.4mm),Century Roofing,0.4mm,sq.ft / sheet,Rs.59 - Rs.110,"Century Roofing Polycarbonate Roofing Sheet, thickness 0.4mm, used for roof covering and weatherproofing.",https://placehold.co/400x300/6B4F4F/FFFFFF?text=Century+Roofing+Polycarbonate+Roofing+Sheet+%28
MAT02248,Roofing & Insulation,Roofing Sheets & Tiles,Polycarbonate Roofing Sheet (0.4mm),Vishakha Roofing,0.4mm,sq.ft / sheet,Rs.59 - Rs.110,"Vishakha Roofing Polycarbonate Roofing Sheet, thickness 0.4mm, used for roof covering and weatherproofing.",https://placehold.co/400x300/6B4F4F/FFFFFF?text=Vishakha+Roofing+Polycarbonate+Roofing+Sheet+
MAT02249,Roofing & Insulation,Roofing Sheets & Tiles,Polycarbonate Roofing Sheet (0.5mm),Tata Bluescope,0.5mm,sq.ft / sheet,Rs.59 - Rs.110,"Tata Bluescope Polycarbonate Roofing Sheet, thickness 0.5mm, used for roof covering and weatherproofing.",https://placehold.co/400x300/6B4F4F/FFFFFF?text=Tata+Bluescope+Polycarbonate+Roofing+Sheet+%280
MAT02250,Roofing & Insulation,Roofing Sheets & Tiles,Polycarbonate Roofing Sheet (0.5mm),JSW Roofing,0.5mm,sq.ft / sheet,Rs.59 - Rs.110,"JSW Roofing Polycarbonate Roofing Sheet, thickness 0.5mm, used for roof covering and weatherproofing.",https://placehold.co/400x300/6B4F4F/FFFFFF?text=JSW+Roofing+Polycarbonate+Roofing+Sheet+%280.5m
MAT02251,Roofing & Insulation,Roofing Sheets & Tiles,Polycarbonate Roofing Sheet (0.5mm),Everest Roofing,0.5mm,sq.ft / sheet,Rs.59 - Rs.110,"Everest Roofing Polycarbonate Roofing Sheet, thickness 0.5mm, used for roof covering and weatherproofing.",https://placehold.co/400x300/6B4F4F/FFFFFF?text=Everest+Roofing+Polycarbonate+Roofing+Sheet+%28
MAT02252,Roofing & Insulation,Roofing Sheets & Tiles,Polycarbonate Roofing Sheet (0.5mm),Ramco Roofing,0.5mm,sq.ft / sheet,Rs.59 - Rs.110,"Ramco Roofing Polycarbonate Roofing Sheet, thickness 0.5mm, used for roof covering and weatherproofing.",https://placehold.co/400x300/6B4F4F/FFFFFF?text=Ramco+Roofing+Polycarbonate+Roofing+Sheet+%280.
MAT02253,Roofing & Insulation,Roofing Sheets & Tiles,Polycarbonate Roofing Sheet (0.5mm),Century Roofing,0.5mm,sq.ft / sheet,Rs.59 - Rs.110,"Century Roofing Polycarbonate Roofing Sheet, thickness 0.5mm, used for roof covering and weatherproofing.",https://placehold.co/400x300/6B4F4F/FFFFFF?text=Century+Roofing+Polycarbonate+Roofing+Sheet+%28
MAT02254,Roofing & Insulation,Roofing Sheets & Tiles,Polycarbonate Roofing Sheet (0.5mm),Vishakha Roofing,0.5mm,sq.ft / sheet,Rs.59 - Rs.110,"Vishakha Roofing Polycarbonate Roofing Sheet, thickness 0.5mm, used for roof covering and weatherproofing.",https://placehold.co/400x300/6B4F4F/FFFFFF?text=Vishakha+Roofing+Polycarbonate+Roofing+Sheet+
MAT02255,Roofing & Insulation,Roofing Sheets & Tiles,Polycarbonate Roofing Sheet (0.6mm),Tata Bluescope,0.6mm,sq.ft / sheet,Rs.59 - Rs.110,"Tata Bluescope Polycarbonate Roofing Sheet, thickness 0.6mm, used for roof covering and weatherproofing.",https://placehold.co/400x300/6B4F4F/FFFFFF?text=Tata+Bluescope+Polycarbonate+Roofing+Sheet+%280
MAT02256,Roofing & Insulation,Roofing Sheets & Tiles,Polycarbonate Roofing Sheet (0.6mm),JSW Roofing,0.6mm,sq.ft / sheet,Rs.59 - Rs.110,"JSW Roofing Polycarbonate Roofing Sheet, thickness 0.6mm, used for roof covering and weatherproofing.",https://placehold.co/400x300/6B4F4F/FFFFFF?text=JSW+Roofing+Polycarbonate+Roofing+Sheet+%280.6m
MAT02257,Roofing & Insulation,Roofing Sheets & Tiles,Polycarbonate Roofing Sheet (0.6mm),Everest Roofing,0.6mm,sq.ft / sheet,Rs.59 - Rs.110,"Everest Roofing Polycarbonate Roofing Sheet, thickness 0.6mm, used for roof covering and weatherproofing.",https://placehold.co/400x300/6B4F4F/FFFFFF?text=Everest+Roofing+Polycarbonate+Roofing+Sheet+%28
MAT02258,Roofing & Insulation,Roofing Sheets & Tiles,Polycarbonate Roofing Sheet (0.6mm),Ramco Roofing,0.6mm,sq.ft / sheet,Rs.59 - Rs.110,"Ramco Roofing Polycarbonate Roofing Sheet, thickness 0.6mm, used for roof covering and weatherproofing.",https://placehold.co/400x300/6B4F4F/FFFFFF?text=Ramco+Roofing+Polycarbonate+Roofing+Sheet+%280.
MAT02259,Roofing & Insulation,Roofing Sheets & Tiles,Polycarbonate Roofing Sheet (0.6mm),Century Roofing,0.6mm,sq.ft / sheet,Rs.59 - Rs.110,"Century Roofing Polycarbonate Roofing Sheet, thickness 0.6mm, used for roof covering and weatherproofing.",https://placehold.co/400x300/6B4F4F/FFFFFF?text=Century+Roofing+Polycarbonate+Roofing+Sheet+%28
MAT02260,Roofing & Insulation,Roofing Sheets & Tiles,Polycarbonate Roofing Sheet (0.6mm),Vishakha Roofing,0.6mm,sq.ft / sheet,Rs.59 - Rs.110,"Vishakha Roofing Polycarbonate Roofing Sheet, thickness 0.6mm, used for roof covering and weatherproofing.",https://placehold.co/400x300/6B4F4F/FFFFFF?text=Vishakha+Roofing+Polycarbonate+Roofing+Sheet+
MAT02261,Roofing & Insulation,Roofing Sheets & Tiles,Polycarbonate Roofing Sheet (8mm),Tata Bluescope,8mm,sq.ft / sheet,Rs.59 - Rs.110,"Tata Bluescope Polycarbonate Roofing Sheet, thickness 8mm, used for roof covering and weatherproofing.",https://placehold.co/400x300/6B4F4F/FFFFFF?text=Tata+Bluescope+Polycarbonate+Roofing+Sheet+%288
MAT02262,Roofing & Insulation,Roofing Sheets & Tiles,Polycarbonate Roofing Sheet (8mm),JSW Roofing,8mm,sq.ft / sheet,Rs.59 - Rs.110,"JSW Roofing Polycarbonate Roofing Sheet, thickness 8mm, used for roof covering and weatherproofing.",https://placehold.co/400x300/6B4F4F/FFFFFF?text=JSW+Roofing+Polycarbonate+Roofing+Sheet+%288mm%29
MAT02263,Roofing & Insulation,Roofing Sheets & Tiles,Polycarbonate Roofing Sheet (8mm),Everest Roofing,8mm,sq.ft / sheet,Rs.59 - Rs.110,"Everest Roofing Polycarbonate Roofing Sheet, thickness 8mm, used for roof covering and weatherproofing.",https://placehold.co/400x300/6B4F4F/FFFFFF?text=Everest+Roofing+Polycarbonate+Roofing+Sheet+%28
MAT02264,Roofing & Insulation,Roofing Sheets & Tiles,Polycarbonate Roofing Sheet (8mm),Ramco Roofing,8mm,sq.ft / sheet,Rs.59 - Rs.110,"Ramco Roofing Polycarbonate Roofing Sheet, thickness 8mm, used for roof covering and weatherproofing.",https://placehold.co/400x300/6B4F4F/FFFFFF?text=Ramco+Roofing+Polycarbonate+Roofing+Sheet+%288m
MAT02265,Roofing & Insulation,Roofing Sheets & Tiles,Polycarbonate Roofing Sheet (8mm),Century Roofing,8mm,sq.ft / sheet,Rs.59 - Rs.110,"Century Roofing Polycarbonate Roofing Sheet, thickness 8mm, used for roof covering and weatherproofing.",https://placehold.co/400x300/6B4F4F/FFFFFF?text=Century+Roofing+Polycarbonate+Roofing+Sheet+%28
MAT02266,Roofing & Insulation,Roofing Sheets & Tiles,Polycarbonate Roofing Sheet (8mm),Vishakha Roofing,8mm,sq.ft / sheet,Rs.59 - Rs.110,"Vishakha Roofing Polycarbonate Roofing Sheet, thickness 8mm, used for roof covering and weatherproofing.",https://placehold.co/400x300/6B4F4F/FFFFFF?text=Vishakha+Roofing+Polycarbonate+Roofing+Sheet+
MAT02267,Roofing & Insulation,Roofing Sheets & Tiles,Polycarbonate Roofing Sheet (10mm),Tata Bluescope,10mm,sq.ft / sheet,Rs.59 - Rs.110,"Tata Bluescope Polycarbonate Roofing Sheet, thickness 10mm, used for roof covering and weatherproofing.",https://placehold.co/400x300/6B4F4F/FFFFFF?text=Tata+Bluescope+Polycarbonate+Roofing+Sheet+%281
MAT02268,Roofing & Insulation,Roofing Sheets & Tiles,Polycarbonate Roofing Sheet (10mm),JSW Roofing,10mm,sq.ft / sheet,Rs.59 - Rs.110,"JSW Roofing Polycarbonate Roofing Sheet, thickness 10mm, used for roof covering and weatherproofing.",https://placehold.co/400x300/6B4F4F/FFFFFF?text=JSW+Roofing+Polycarbonate+Roofing+Sheet+%2810mm
MAT02269,Roofing & Insulation,Roofing Sheets & Tiles,Polycarbonate Roofing Sheet (10mm),Everest Roofing,10mm,sq.ft / sheet,Rs.59 - Rs.110,"Everest Roofing Polycarbonate Roofing Sheet, thickness 10mm, used for roof covering and weatherproofing.",https://placehold.co/400x300/6B4F4F/FFFFFF?text=Everest+Roofing+Polycarbonate+Roofing+Sheet+%28
MAT02270,Roofing & Insulation,Roofing Sheets & Tiles,Polycarbonate Roofing Sheet (10mm),Ramco Roofing,10mm,sq.ft / sheet,Rs.59 - Rs.110,"Ramco Roofing Polycarbonate Roofing Sheet, thickness 10mm, used for roof covering and weatherproofing.",https://placehold.co/400x300/6B4F4F/FFFFFF?text=Ramco+Roofing+Polycarbonate+Roofing+Sheet+%2810
MAT02271,Roofing & Insulation,Roofing Sheets & Tiles,Polycarbonate Roofing Sheet (10mm),Century Roofing,10mm,sq.ft / sheet,Rs.59 - Rs.110,"Century Roofing Polycarbonate Roofing Sheet, thickness 10mm, used for roof covering and weatherproofing.",https://placehold.co/400x300/6B4F4F/FFFFFF?text=Century+Roofing+Polycarbonate+Roofing+Sheet+%28
MAT02272,Roofing & Insulation,Roofing Sheets & Tiles,Polycarbonate Roofing Sheet (10mm),Vishakha Roofing,10mm,sq.ft / sheet,Rs.59 - Rs.110,"Vishakha Roofing Polycarbonate Roofing Sheet, thickness 10mm, used for roof covering and weatherproofing.",https://placehold.co/400x300/6B4F4F/FFFFFF?text=Vishakha+Roofing+Polycarbonate+Roofing+Sheet+
MAT02273,Roofing & Insulation,Roofing Sheets & Tiles,Polycarbonate Roofing Sheet (12mm),Tata Bluescope,12mm,sq.ft / sheet,Rs.59 - Rs.110,"Tata Bluescope Polycarbonate Roofing Sheet, thickness 12mm, used for roof covering and weatherproofing.",https://placehold.co/400x300/6B4F4F/FFFFFF?text=Tata+Bluescope+Polycarbonate+Roofing+Sheet+%281
MAT02274,Roofing & Insulation,Roofing Sheets & Tiles,Polycarbonate Roofing Sheet (12mm),JSW Roofing,12mm,sq.ft / sheet,Rs.59 - Rs.110,"JSW Roofing Polycarbonate Roofing Sheet, thickness 12mm, used for roof covering and weatherproofing.",https://placehold.co/400x300/6B4F4F/FFFFFF?text=JSW+Roofing+Polycarbonate+Roofing+Sheet+%2812mm
MAT02275,Roofing & Insulation,Roofing Sheets & Tiles,Polycarbonate Roofing Sheet (12mm),Everest Roofing,12mm,sq.ft / sheet,Rs.59 - Rs.110,"Everest Roofing Polycarbonate Roofing Sheet, thickness 12mm, used for roof covering and weatherproofing.",https://placehold.co/400x300/6B4F4F/FFFFFF?text=Everest+Roofing+Polycarbonate+Roofing+Sheet+%28
MAT02276,Roofing & Insulation,Roofing Sheets & Tiles,Polycarbonate Roofing Sheet (12mm),Ramco Roofing,12mm,sq.ft / sheet,Rs.59 - Rs.110,"Ramco Roofing Polycarbonate Roofing Sheet, thickness 12mm, used for roof covering and weatherproofing.",https://placehold.co/400x300/6B4F4F/FFFFFF?text=Ramco+Roofing+Polycarbonate+Roofing+Sheet+%2812
MAT02277,Roofing & Insulation,Roofing Sheets & Tiles,Polycarbonate Roofing Sheet (12mm),Century Roofing,12mm,sq.ft / sheet,Rs.59 - Rs.110,"Century Roofing Polycarbonate Roofing Sheet, thickness 12mm, used for roof covering and weatherproofing.",https://placehold.co/400x300/6B4F4F/FFFFFF?text=Century+Roofing+Polycarbonate+Roofing+Sheet+%28
MAT02278,Roofing & Insulation,Roofing Sheets & Tiles,Polycarbonate Roofing Sheet (12mm),Vishakha Roofing,12mm,sq.ft / sheet,Rs.59 - Rs.110,"Vishakha Roofing Polycarbonate Roofing Sheet, thickness 12mm, used for roof covering and weatherproofing.",https://placehold.co/400x300/6B4F4F/FFFFFF?text=Vishakha+Roofing+Polycarbonate+Roofing+Sheet+
MAT02279,Roofing & Insulation,Roofing Sheets & Tiles,Fiber Cement Roofing Sheet (0.4mm),Tata Bluescope,0.4mm,sq.ft / sheet,Rs.59 - Rs.110,"Tata Bluescope Fiber Cement Roofing Sheet, thickness 0.4mm, used for roof covering and weatherproofing.",https://placehold.co/400x300/6B4F4F/FFFFFF?text=Tata+Bluescope+Fiber+Cement+Roofing+Sheet+%280.
MAT02280,Roofing & Insulation,Roofing Sheets & Tiles,Fiber Cement Roofing Sheet (0.4mm),JSW Roofing,0.4mm,sq.ft / sheet,Rs.59 - Rs.110,"JSW Roofing Fiber Cement Roofing Sheet, thickness 0.4mm, used for roof covering and weatherproofing.",https://placehold.co/400x300/6B4F4F/FFFFFF?text=JSW+Roofing+Fiber+Cement+Roofing+Sheet+%280.4mm
MAT02281,Roofing & Insulation,Roofing Sheets & Tiles,Fiber Cement Roofing Sheet (0.4mm),Everest Roofing,0.4mm,sq.ft / sheet,Rs.59 - Rs.110,"Everest Roofing Fiber Cement Roofing Sheet, thickness 0.4mm, used for roof covering and weatherproofing.",https://placehold.co/400x300/6B4F4F/FFFFFF?text=Everest+Roofing+Fiber+Cement+Roofing+Sheet+%280
MAT02282,Roofing & Insulation,Roofing Sheets & Tiles,Fiber Cement Roofing Sheet (0.4mm),Ramco Roofing,0.4mm,sq.ft / sheet,Rs.59 - Rs.110,"Ramco Roofing Fiber Cement Roofing Sheet, thickness 0.4mm, used for roof covering and weatherproofing.",https://placehold.co/400x300/6B4F4F/FFFFFF?text=Ramco+Roofing+Fiber+Cement+Roofing+Sheet+%280.4
MAT02283,Roofing & Insulation,Roofing Sheets & Tiles,Fiber Cement Roofing Sheet (0.4mm),Century Roofing,0.4mm,sq.ft / sheet,Rs.59 - Rs.110,"Century Roofing Fiber Cement Roofing Sheet, thickness 0.4mm, used for roof covering and weatherproofing.",https://placehold.co/400x300/6B4F4F/FFFFFF?text=Century+Roofing+Fiber+Cement+Roofing+Sheet+%280
MAT02284,Roofing & Insulation,Roofing Sheets & Tiles,Fiber Cement Roofing Sheet (0.4mm),Vishakha Roofing,0.4mm,sq.ft / sheet,Rs.59 - Rs.110,"Vishakha Roofing Fiber Cement Roofing Sheet, thickness 0.4mm, used for roof covering and weatherproofing.",https://placehold.co/400x300/6B4F4F/FFFFFF?text=Vishakha+Roofing+Fiber+Cement+Roofing+Sheet+%28
MAT02285,Roofing & Insulation,Roofing Sheets & Tiles,Fiber Cement Roofing Sheet (0.5mm),Tata Bluescope,0.5mm,sq.ft / sheet,Rs.59 - Rs.110,"Tata Bluescope Fiber Cement Roofing Sheet, thickness 0.5mm, used for roof covering and weatherproofing.",https://placehold.co/400x300/6B4F4F/FFFFFF?text=Tata+Bluescope+Fiber+Cement+Roofing+Sheet+%280.
MAT02286,Roofing & Insulation,Roofing Sheets & Tiles,Fiber Cement Roofing Sheet (0.5mm),JSW Roofing,0.5mm,sq.ft / sheet,Rs.59 - Rs.110,"JSW Roofing Fiber Cement Roofing Sheet, thickness 0.5mm, used for roof covering and weatherproofing.",https://placehold.co/400x300/6B4F4F/FFFFFF?text=JSW+Roofing+Fiber+Cement+Roofing+Sheet+%280.5mm
MAT02287,Roofing & Insulation,Roofing Sheets & Tiles,Fiber Cement Roofing Sheet (0.5mm),Everest Roofing,0.5mm,sq.ft / sheet,Rs.59 - Rs.110,"Everest Roofing Fiber Cement Roofing Sheet, thickness 0.5mm, used for roof covering and weatherproofing.",https://placehold.co/400x300/6B4F4F/FFFFFF?text=Everest+Roofing+Fiber+Cement+Roofing+Sheet+%280
MAT02288,Roofing & Insulation,Roofing Sheets & Tiles,Fiber Cement Roofing Sheet (0.5mm),Ramco Roofing,0.5mm,sq.ft / sheet,Rs.59 - Rs.110,"Ramco Roofing Fiber Cement Roofing Sheet, thickness 0.5mm, used for roof covering and weatherproofing.",https://placehold.co/400x300/6B4F4F/FFFFFF?text=Ramco+Roofing+Fiber+Cement+Roofing+Sheet+%280.5
MAT02289,Roofing & Insulation,Roofing Sheets & Tiles,Fiber Cement Roofing Sheet (0.5mm),Century Roofing,0.5mm,sq.ft / sheet,Rs.59 - Rs.110,"Century Roofing Fiber Cement Roofing Sheet, thickness 0.5mm, used for roof covering and weatherproofing.",https://placehold.co/400x300/6B4F4F/FFFFFF?text=Century+Roofing+Fiber+Cement+Roofing+Sheet+%280
MAT02290,Roofing & Insulation,Roofing Sheets & Tiles,Fiber Cement Roofing Sheet (0.5mm),Vishakha Roofing,0.5mm,sq.ft / sheet,Rs.59 - Rs.110,"Vishakha Roofing Fiber Cement Roofing Sheet, thickness 0.5mm, used for roof covering and weatherproofing.",https://placehold.co/400x300/6B4F4F/FFFFFF?text=Vishakha+Roofing+Fiber+Cement+Roofing+Sheet+%28
MAT02291,Roofing & Insulation,Roofing Sheets & Tiles,Fiber Cement Roofing Sheet (0.6mm),Tata Bluescope,0.6mm,sq.ft / sheet,Rs.59 - Rs.110,"Tata Bluescope Fiber Cement Roofing Sheet, thickness 0.6mm, used for roof covering and weatherproofing.",https://placehold.co/400x300/6B4F4F/FFFFFF?text=Tata+Bluescope+Fiber+Cement+Roofing+Sheet+%280.
MAT02292,Roofing & Insulation,Roofing Sheets & Tiles,Fiber Cement Roofing Sheet (0.6mm),JSW Roofing,0.6mm,sq.ft / sheet,Rs.59 - Rs.110,"JSW Roofing Fiber Cement Roofing Sheet, thickness 0.6mm, used for roof covering and weatherproofing.",https://placehold.co/400x300/6B4F4F/FFFFFF?text=JSW+Roofing+Fiber+Cement+Roofing+Sheet+%280.6mm
MAT02293,Roofing & Insulation,Roofing Sheets & Tiles,Fiber Cement Roofing Sheet (0.6mm),Everest Roofing,0.6mm,sq.ft / sheet,Rs.59 - Rs.110,"Everest Roofing Fiber Cement Roofing Sheet, thickness 0.6mm, used for roof covering and weatherproofing.",https://placehold.co/400x300/6B4F4F/FFFFFF?text=Everest+Roofing+Fiber+Cement+Roofing+Sheet+%280
MAT02294,Roofing & Insulation,Roofing Sheets & Tiles,Fiber Cement Roofing Sheet (0.6mm),Ramco Roofing,0.6mm,sq.ft / sheet,Rs.59 - Rs.110,"Ramco Roofing Fiber Cement Roofing Sheet, thickness 0.6mm, used for roof covering and weatherproofing.",https://placehold.co/400x300/6B4F4F/FFFFFF?text=Ramco+Roofing+Fiber+Cement+Roofing+Sheet+%280.6
MAT02295,Roofing & Insulation,Roofing Sheets & Tiles,Fiber Cement Roofing Sheet (0.6mm),Century Roofing,0.6mm,sq.ft / sheet,Rs.59 - Rs.110,"Century Roofing Fiber Cement Roofing Sheet, thickness 0.6mm, used for roof covering and weatherproofing.",https://placehold.co/400x300/6B4F4F/FFFFFF?text=Century+Roofing+Fiber+Cement+Roofing+Sheet+%280
MAT02296,Roofing & Insulation,Roofing Sheets & Tiles,Fiber Cement Roofing Sheet (0.6mm),Vishakha Roofing,0.6mm,sq.ft / sheet,Rs.59 - Rs.110,"Vishakha Roofing Fiber Cement Roofing Sheet, thickness 0.6mm, used for roof covering and weatherproofing.",https://placehold.co/400x300/6B4F4F/FFFFFF?text=Vishakha+Roofing+Fiber+Cement+Roofing+Sheet+%28
MAT02297,Roofing & Insulation,Roofing Sheets & Tiles,Fiber Cement Roofing Sheet (8mm),Tata Bluescope,8mm,sq.ft / sheet,Rs.59 - Rs.110,"Tata Bluescope Fiber Cement Roofing Sheet, thickness 8mm, used for roof covering and weatherproofing.",https://placehold.co/400x300/6B4F4F/FFFFFF?text=Tata+Bluescope+Fiber+Cement+Roofing+Sheet+%288m
MAT02298,Roofing & Insulation,Roofing Sheets & Tiles,Fiber Cement Roofing Sheet (8mm),JSW Roofing,8mm,sq.ft / sheet,Rs.59 - Rs.110,"JSW Roofing Fiber Cement Roofing Sheet, thickness 8mm, used for roof covering and weatherproofing.",https://placehold.co/400x300/6B4F4F/FFFFFF?text=JSW+Roofing+Fiber+Cement+Roofing+Sheet+%288mm%29
MAT02299,Roofing & Insulation,Roofing Sheets & Tiles,Fiber Cement Roofing Sheet (8mm),Everest Roofing,8mm,sq.ft / sheet,Rs.59 - Rs.110,"Everest Roofing Fiber Cement Roofing Sheet, thickness 8mm, used for roof covering and weatherproofing.",https://placehold.co/400x300/6B4F4F/FFFFFF?text=Everest+Roofing+Fiber+Cement+Roofing+Sheet+%288
MAT02300,Roofing & Insulation,Roofing Sheets & Tiles,Fiber Cement Roofing Sheet (8mm),Ramco Roofing,8mm,sq.ft / sheet,Rs.59 - Rs.110,"Ramco Roofing Fiber Cement Roofing Sheet, thickness 8mm, used for roof covering and weatherproofing.",https://placehold.co/400x300/6B4F4F/FFFFFF?text=Ramco+Roofing+Fiber+Cement+Roofing+Sheet+%288mm
MAT02301,Roofing & Insulation,Waterproofing Materials,Waterproofing Membrane (1kg),Dr. Fixit,1kg,kg / roll,Rs.454 - Rs.845,"Dr. Fixit Waterproofing Membrane, 1kg pack, used for terrace, basement and wet-area waterproofing.",https://placehold.co/400x300/6B4F4F/FFFFFF?text=Dr.+Fixit+Waterproofing+Membrane+%281kg%29
MAT02302,Roofing & Insulation,Waterproofing Materials,Waterproofing Membrane (1kg),Sika,1kg,kg / roll,Rs.454 - Rs.845,"Sika Waterproofing Membrane, 1kg pack, used for terrace, basement and wet-area waterproofing.",https://placehold.co/400x300/6B4F4F/FFFFFF?text=Sika+Waterproofing+Membrane+%281kg%29
MAT02303,Roofing & Insulation,Waterproofing Materials,Waterproofing Membrane (1kg),BASF Master Builders,1kg,kg / roll,Rs.454 - Rs.845,"BASF Master Builders Waterproofing Membrane, 1kg pack, used for terrace, basement and wet-area waterproofing.",https://placehold.co/400x300/6B4F4F/FFFFFF?text=BASF+Master+Builders+Waterproofing+Membrane+%28
MAT02304,Roofing & Insulation,Waterproofing Materials,Waterproofing Membrane (1kg),Pidilite,1kg,kg / roll,Rs.454 - Rs.845,"Pidilite Waterproofing Membrane, 1kg pack, used for terrace, basement and wet-area waterproofing.",https://placehold.co/400x300/6B4F4F/FFFFFF?text=Pidilite+Waterproofing+Membrane+%281kg%29
MAT02305,Roofing & Insulation,Waterproofing Materials,Waterproofing Membrane (1kg),Fosroc,1kg,kg / roll,Rs.454 - Rs.845,"Fosroc Waterproofing Membrane, 1kg pack, used for terrace, basement and wet-area waterproofing.",https://placehold.co/400x300/6B4F4F/FFFFFF?text=Fosroc+Waterproofing+Membrane+%281kg%29
MAT02306,Roofing & Insulation,Waterproofing Materials,Waterproofing Membrane (1kg),Asian Paints SmartCare,1kg,kg / roll,Rs.454 - Rs.845,"Asian Paints SmartCare Waterproofing Membrane, 1kg pack, used for terrace, basement and wet-area waterproofing.",https://placehold.co/400x300/6B4F4F/FFFFFF?text=Asian+Paints+SmartCare+Waterproofing+Membrane
MAT02307,Roofing & Insulation,Waterproofing Materials,Waterproofing Membrane (5kg),Dr. Fixit,5kg,kg / roll,Rs.454 - Rs.845,"Dr. Fixit Waterproofing Membrane, 5kg pack, used for terrace, basement and wet-area waterproofing.",https://placehold.co/400x300/6B4F4F/FFFFFF?text=Dr.+Fixit+Waterproofing+Membrane+%285kg%29
MAT02308,Roofing & Insulation,Waterproofing Materials,Waterproofing Membrane (5kg),Sika,5kg,kg / roll,Rs.454 - Rs.845,"Sika Waterproofing Membrane, 5kg pack, used for terrace, basement and wet-area waterproofing.",https://placehold.co/400x300/6B4F4F/FFFFFF?text=Sika+Waterproofing+Membrane+%285kg%29
MAT02309,Roofing & Insulation,Waterproofing Materials,Waterproofing Membrane (5kg),BASF Master Builders,5kg,kg / roll,Rs.454 - Rs.845,"BASF Master Builders Waterproofing Membrane, 5kg pack, used for terrace, basement and wet-area waterproofing.",https://placehold.co/400x300/6B4F4F/FFFFFF?text=BASF+Master+Builders+Waterproofing+Membrane+%28
MAT02310,Roofing & Insulation,Waterproofing Materials,Waterproofing Membrane (5kg),Pidilite,5kg,kg / roll,Rs.454 - Rs.845,"Pidilite Waterproofing Membrane, 5kg pack, used for terrace, basement and wet-area waterproofing.",https://placehold.co/400x300/6B4F4F/FFFFFF?text=Pidilite+Waterproofing+Membrane+%285kg%29
MAT02311,Roofing & Insulation,Waterproofing Materials,Waterproofing Membrane (5kg),Fosroc,5kg,kg / roll,Rs.454 - Rs.845,"Fosroc Waterproofing Membrane, 5kg pack, used for terrace, basement and wet-area waterproofing.",https://placehold.co/400x300/6B4F4F/FFFFFF?text=Fosroc+Waterproofing+Membrane+%285kg%29
MAT02312,Roofing & Insulation,Waterproofing Materials,Waterproofing Membrane (5kg),Asian Paints SmartCare,5kg,kg / roll,Rs.454 - Rs.845,"Asian Paints SmartCare Waterproofing Membrane, 5kg pack, used for terrace, basement and wet-area waterproofing.",https://placehold.co/400x300/6B4F4F/FFFFFF?text=Asian+Paints+SmartCare+Waterproofing+Membrane
MAT02313,Roofing & Insulation,Waterproofing Materials,Waterproofing Membrane (10kg),Dr. Fixit,10kg,kg / roll,Rs.454 - Rs.845,"Dr. Fixit Waterproofing Membrane, 10kg pack, used for terrace, basement and wet-area waterproofing.",https://placehold.co/400x300/6B4F4F/FFFFFF?text=Dr.+Fixit+Waterproofing+Membrane+%2810kg%29
MAT02314,Roofing & Insulation,Waterproofing Materials,Waterproofing Membrane (10kg),Sika,10kg,kg / roll,Rs.454 - Rs.845,"Sika Waterproofing Membrane, 10kg pack, used for terrace, basement and wet-area waterproofing.",https://placehold.co/400x300/6B4F4F/FFFFFF?text=Sika+Waterproofing+Membrane+%2810kg%29
MAT02315,Roofing & Insulation,Waterproofing Materials,Waterproofing Membrane (10kg),BASF Master Builders,10kg,kg / roll,Rs.454 - Rs.845,"BASF Master Builders Waterproofing Membrane, 10kg pack, used for terrace, basement and wet-area waterproofing.",https://placehold.co/400x300/6B4F4F/FFFFFF?text=BASF+Master+Builders+Waterproofing+Membrane+%28
MAT02316,Roofing & Insulation,Waterproofing Materials,Waterproofing Membrane (10kg),Pidilite,10kg,kg / roll,Rs.454 - Rs.845,"Pidilite Waterproofing Membrane, 10kg pack, used for terrace, basement and wet-area waterproofing.",https://placehold.co/400x300/6B4F4F/FFFFFF?text=Pidilite+Waterproofing+Membrane+%2810kg%29
MAT02317,Roofing & Insulation,Waterproofing Materials,Waterproofing Membrane (10kg),Fosroc,10kg,kg / roll,Rs.454 - Rs.845,"Fosroc Waterproofing Membrane, 10kg pack, used for terrace, basement and wet-area waterproofing.",https://placehold.co/400x300/6B4F4F/FFFFFF?text=Fosroc+Waterproofing+Membrane+%2810kg%29
MAT02318,Roofing & Insulation,Waterproofing Materials,Waterproofing Membrane (10kg),Asian Paints SmartCare,10kg,kg / roll,Rs.454 - Rs.845,"Asian Paints SmartCare Waterproofing Membrane, 10kg pack, used for terrace, basement and wet-area waterproofing.",https://placehold.co/400x300/6B4F4F/FFFFFF?text=Asian+Paints+SmartCare+Waterproofing+Membrane
MAT02319,Roofing & Insulation,Waterproofing Materials,Waterproofing Membrane (20kg),Dr. Fixit,20kg,kg / roll,Rs.454 - Rs.845,"Dr. Fixit Waterproofing Membrane, 20kg pack, used for terrace, basement and wet-area waterproofing.",https://placehold.co/400x300/6B4F4F/FFFFFF?text=Dr.+Fixit+Waterproofing+Membrane+%2820kg%29
MAT02320,Roofing & Insulation,Waterproofing Materials,Waterproofing Membrane (20kg),Sika,20kg,kg / roll,Rs.454 - Rs.845,"Sika Waterproofing Membrane, 20kg pack, used for terrace, basement and wet-area waterproofing.",https://placehold.co/400x300/6B4F4F/FFFFFF?text=Sika+Waterproofing+Membrane+%2820kg%29
MAT02321,Roofing & Insulation,Waterproofing Materials,Waterproofing Membrane (20kg),BASF Master Builders,20kg,kg / roll,Rs.454 - Rs.845,"BASF Master Builders Waterproofing Membrane, 20kg pack, used for terrace, basement and wet-area waterproofing.",https://placehold.co/400x300/6B4F4F/FFFFFF?text=BASF+Master+Builders+Waterproofing+Membrane+%28
MAT02322,Roofing & Insulation,Waterproofing Materials,Waterproofing Membrane (20kg),Pidilite,20kg,kg / roll,Rs.454 - Rs.845,"Pidilite Waterproofing Membrane, 20kg pack, used for terrace, basement and wet-area waterproofing.",https://placehold.co/400x300/6B4F4F/FFFFFF?text=Pidilite+Waterproofing+Membrane+%2820kg%29
MAT02323,Roofing & Insulation,Waterproofing Materials,Waterproofing Membrane (20kg),Fosroc,20kg,kg / roll,Rs.454 - Rs.845,"Fosroc Waterproofing Membrane, 20kg pack, used for terrace, basement and wet-area waterproofing.",https://placehold.co/400x300/6B4F4F/FFFFFF?text=Fosroc+Waterproofing+Membrane+%2820kg%29
MAT02324,Roofing & Insulation,Waterproofing Materials,Waterproofing Membrane (20kg),Asian Paints SmartCare,20kg,kg / roll,Rs.454 - Rs.845,"Asian Paints SmartCare Waterproofing Membrane, 20kg pack, used for terrace, basement and wet-area waterproofing.",https://placehold.co/400x300/6B4F4F/FFFFFF?text=Asian+Paints+SmartCare+Waterproofing+Membrane
MAT02325,Roofing & Insulation,Waterproofing Materials,Waterproofing Membrane (1L Roll),Dr. Fixit,1L Roll,kg / roll,Rs.454 - Rs.845,"Dr. Fixit Waterproofing Membrane, 1L Roll pack, used for terrace, basement and wet-area waterproofing.",https://placehold.co/400x300/6B4F4F/FFFFFF?text=Dr.+Fixit+Waterproofing+Membrane+%281L+Roll%29
MAT02326,Roofing & Insulation,Waterproofing Materials,Waterproofing Membrane (1L Roll),Sika,1L Roll,kg / roll,Rs.454 - Rs.845,"Sika Waterproofing Membrane, 1L Roll pack, used for terrace, basement and wet-area waterproofing.",https://placehold.co/400x300/6B4F4F/FFFFFF?text=Sika+Waterproofing+Membrane+%281L+Roll%29
MAT02327,Roofing & Insulation,Waterproofing Materials,Waterproofing Membrane (1L Roll),BASF Master Builders,1L Roll,kg / roll,Rs.454 - Rs.845,"BASF Master Builders Waterproofing Membrane, 1L Roll pack, used for terrace, basement and wet-area waterproofing.",https://placehold.co/400x300/6B4F4F/FFFFFF?text=BASF+Master+Builders+Waterproofing+Membrane+%28
MAT02328,Roofing & Insulation,Waterproofing Materials,Waterproofing Membrane (1L Roll),Pidilite,1L Roll,kg / roll,Rs.454 - Rs.845,"Pidilite Waterproofing Membrane, 1L Roll pack, used for terrace, basement and wet-area waterproofing.",https://placehold.co/400x300/6B4F4F/FFFFFF?text=Pidilite+Waterproofing+Membrane+%281L+Roll%29
MAT02329,Roofing & Insulation,Waterproofing Materials,Waterproofing Membrane (1L Roll),Fosroc,1L Roll,kg / roll,Rs.454 - Rs.845,"Fosroc Waterproofing Membrane, 1L Roll pack, used for terrace, basement and wet-area waterproofing.",https://placehold.co/400x300/6B4F4F/FFFFFF?text=Fosroc+Waterproofing+Membrane+%281L+Roll%29
MAT02330,Roofing & Insulation,Waterproofing Materials,Waterproofing Membrane (1L Roll),Asian Paints SmartCare,1L Roll,kg / roll,Rs.454 - Rs.845,"Asian Paints SmartCare Waterproofing Membrane, 1L Roll pack, used for terrace, basement and wet-area waterproofing.",https://placehold.co/400x300/6B4F4F/FFFFFF?text=Asian+Paints+SmartCare+Waterproofing+Membrane
MAT02331,Roofing & Insulation,Waterproofing Materials,Waterproof Coating Compound (1kg),Dr. Fixit,1kg,kg / roll,Rs.454 - Rs.845,"Dr. Fixit Waterproof Coating Compound, 1kg pack, used for terrace, basement and wet-area waterproofing.",https://placehold.co/400x300/6B4F4F/FFFFFF?text=Dr.+Fixit+Waterproof+Coating+Compound+%281kg%29
MAT02332,Roofing & Insulation,Waterproofing Materials,Waterproof Coating Compound (1kg),Sika,1kg,kg / roll,Rs.454 - Rs.845,"Sika Waterproof Coating Compound, 1kg pack, used for terrace, basement and wet-area waterproofing.",https://placehold.co/400x300/6B4F4F/FFFFFF?text=Sika+Waterproof+Coating+Compound+%281kg%29
MAT02333,Roofing & Insulation,Waterproofing Materials,Waterproof Coating Compound (1kg),BASF Master Builders,1kg,kg / roll,Rs.454 - Rs.845,"BASF Master Builders Waterproof Coating Compound, 1kg pack, used for terrace, basement and wet-area waterproofing.",https://placehold.co/400x300/6B4F4F/FFFFFF?text=BASF+Master+Builders+Waterproof+Coating+Compo
MAT02334,Roofing & Insulation,Waterproofing Materials,Waterproof Coating Compound (1kg),Pidilite,1kg,kg / roll,Rs.454 - Rs.845,"Pidilite Waterproof Coating Compound, 1kg pack, used for terrace, basement and wet-area waterproofing.",https://placehold.co/400x300/6B4F4F/FFFFFF?text=Pidilite+Waterproof+Coating+Compound+%281kg%29
MAT02335,Roofing & Insulation,Waterproofing Materials,Waterproof Coating Compound (1kg),Fosroc,1kg,kg / roll,Rs.454 - Rs.845,"Fosroc Waterproof Coating Compound, 1kg pack, used for terrace, basement and wet-area waterproofing.",https://placehold.co/400x300/6B4F4F/FFFFFF?text=Fosroc+Waterproof+Coating+Compound+%281kg%29
MAT02336,Roofing & Insulation,Waterproofing Materials,Waterproof Coating Compound (1kg),Asian Paints SmartCare,1kg,kg / roll,Rs.454 - Rs.845,"Asian Paints SmartCare Waterproof Coating Compound, 1kg pack, used for terrace, basement and wet-area waterproofing.",https://placehold.co/400x300/6B4F4F/FFFFFF?text=Asian+Paints+SmartCare+Waterproof+Coating+Com
MAT02337,Roofing & Insulation,Waterproofing Materials,Waterproof Coating Compound (5kg),Dr. Fixit,5kg,kg / roll,Rs.454 - Rs.845,"Dr. Fixit Waterproof Coating Compound, 5kg pack, used for terrace, basement and wet-area waterproofing.",https://placehold.co/400x300/6B4F4F/FFFFFF?text=Dr.+Fixit+Waterproof+Coating+Compound+%285kg%29
MAT02338,Roofing & Insulation,Waterproofing Materials,Waterproof Coating Compound (5kg),Sika,5kg,kg / roll,Rs.454 - Rs.845,"Sika Waterproof Coating Compound, 5kg pack, used for terrace, basement and wet-area waterproofing.",https://placehold.co/400x300/6B4F4F/FFFFFF?text=Sika+Waterproof+Coating+Compound+%285kg%29
MAT02339,Roofing & Insulation,Waterproofing Materials,Waterproof Coating Compound (5kg),BASF Master Builders,5kg,kg / roll,Rs.454 - Rs.845,"BASF Master Builders Waterproof Coating Compound, 5kg pack, used for terrace, basement and wet-area waterproofing.",https://placehold.co/400x300/6B4F4F/FFFFFF?text=BASF+Master+Builders+Waterproof+Coating+Compo
MAT02340,Roofing & Insulation,Waterproofing Materials,Waterproof Coating Compound (5kg),Pidilite,5kg,kg / roll,Rs.454 - Rs.845,"Pidilite Waterproof Coating Compound, 5kg pack, used for terrace, basement and wet-area waterproofing.",https://placehold.co/400x300/6B4F4F/FFFFFF?text=Pidilite+Waterproof+Coating+Compound+%285kg%29
MAT02341,Roofing & Insulation,Waterproofing Materials,Waterproof Coating Compound (5kg),Fosroc,5kg,kg / roll,Rs.454 - Rs.845,"Fosroc Waterproof Coating Compound, 5kg pack, used for terrace, basement and wet-area waterproofing.",https://placehold.co/400x300/6B4F4F/FFFFFF?text=Fosroc+Waterproof+Coating+Compound+%285kg%29
MAT02342,Roofing & Insulation,Waterproofing Materials,Waterproof Coating Compound (5kg),Asian Paints SmartCare,5kg,kg / roll,Rs.454 - Rs.845,"Asian Paints SmartCare Waterproof Coating Compound, 5kg pack, used for terrace, basement and wet-area waterproofing.",https://placehold.co/400x300/6B4F4F/FFFFFF?text=Asian+Paints+SmartCare+Waterproof+Coating+Com
MAT02343,Roofing & Insulation,Waterproofing Materials,Waterproof Coating Compound (10kg),Dr. Fixit,10kg,kg / roll,Rs.454 - Rs.845,"Dr. Fixit Waterproof Coating Compound, 10kg pack, used for terrace, basement and wet-area waterproofing.",https://placehold.co/400x300/6B4F4F/FFFFFF?text=Dr.+Fixit+Waterproof+Coating+Compound+%2810kg%29
MAT02344,Roofing & Insulation,Waterproofing Materials,Waterproof Coating Compound (10kg),Sika,10kg,kg / roll,Rs.454 - Rs.845,"Sika Waterproof Coating Compound, 10kg pack, used for terrace, basement and wet-area waterproofing.",https://placehold.co/400x300/6B4F4F/FFFFFF?text=Sika+Waterproof+Coating+Compound+%2810kg%29
MAT02345,Roofing & Insulation,Waterproofing Materials,Waterproof Coating Compound (10kg),BASF Master Builders,10kg,kg / roll,Rs.454 - Rs.845,"BASF Master Builders Waterproof Coating Compound, 10kg pack, used for terrace, basement and wet-area waterproofing.",https://placehold.co/400x300/6B4F4F/FFFFFF?text=BASF+Master+Builders+Waterproof+Coating+Compo
MAT02346,Roofing & Insulation,Waterproofing Materials,Waterproof Coating Compound (10kg),Pidilite,10kg,kg / roll,Rs.454 - Rs.845,"Pidilite Waterproof Coating Compound, 10kg pack, used for terrace, basement and wet-area waterproofing.",https://placehold.co/400x300/6B4F4F/FFFFFF?text=Pidilite+Waterproof+Coating+Compound+%2810kg%29
MAT02347,Roofing & Insulation,Waterproofing Materials,Waterproof Coating Compound (10kg),Fosroc,10kg,kg / roll,Rs.454 - Rs.845,"Fosroc Waterproof Coating Compound, 10kg pack, used for terrace, basement and wet-area waterproofing.",https://placehold.co/400x300/6B4F4F/FFFFFF?text=Fosroc+Waterproof+Coating+Compound+%2810kg%29
MAT02348,Roofing & Insulation,Waterproofing Materials,Waterproof Coating Compound (10kg),Asian Paints SmartCare,10kg,kg / roll,Rs.454 - Rs.845,"Asian Paints SmartCare Waterproof Coating Compound, 10kg pack, used for terrace, basement and wet-area waterproofing.",https://placehold.co/400x300/6B4F4F/FFFFFF?text=Asian+Paints+SmartCare+Waterproof+Coating+Com
MAT02349,Roofing & Insulation,Waterproofing Materials,Waterproof Coating Compound (20kg),Dr. Fixit,20kg,kg / roll,Rs.454 - Rs.845,"Dr. Fixit Waterproof Coating Compound, 20kg pack, used for terrace, basement and wet-area waterproofing.",https://placehold.co/400x300/6B4F4F/FFFFFF?text=Dr.+Fixit+Waterproof+Coating+Compound+%2820kg%29
MAT02350,Roofing & Insulation,Waterproofing Materials,Waterproof Coating Compound (20kg),Sika,20kg,kg / roll,Rs.454 - Rs.845,"Sika Waterproof Coating Compound, 20kg pack, used for terrace, basement and wet-area waterproofing.",https://placehold.co/400x300/6B4F4F/FFFFFF?text=Sika+Waterproof+Coating+Compound+%2820kg%29
MAT02351,Roofing & Insulation,Waterproofing Materials,Waterproof Coating Compound (20kg),BASF Master Builders,20kg,kg / roll,Rs.454 - Rs.845,"BASF Master Builders Waterproof Coating Compound, 20kg pack, used for terrace, basement and wet-area waterproofing.",https://placehold.co/400x300/6B4F4F/FFFFFF?text=BASF+Master+Builders+Waterproof+Coating+Compo
MAT02352,Roofing & Insulation,Waterproofing Materials,Waterproof Coating Compound (20kg),Pidilite,20kg,kg / roll,Rs.454 - Rs.845,"Pidilite Waterproof Coating Compound, 20kg pack, used for terrace, basement and wet-area waterproofing.",https://placehold.co/400x300/6B4F4F/FFFFFF?text=Pidilite+Waterproof+Coating+Compound+%2820kg%29
MAT02353,Roofing & Insulation,Waterproofing Materials,Waterproof Coating Compound (20kg),Fosroc,20kg,kg / roll,Rs.454 - Rs.845,"Fosroc Waterproof Coating Compound, 20kg pack, used for terrace, basement and wet-area waterproofing.",https://placehold.co/400x300/6B4F4F/FFFFFF?text=Fosroc+Waterproof+Coating+Compound+%2820kg%29
MAT02354,Roofing & Insulation,Waterproofing Materials,Waterproof Coating Compound (20kg),Asian Paints SmartCare,20kg,kg / roll,Rs.454 - Rs.845,"Asian Paints SmartCare Waterproof Coating Compound, 20kg pack, used for terrace, basement and wet-area waterproofing.",https://placehold.co/400x300/6B4F4F/FFFFFF?text=Asian+Paints+SmartCare+Waterproof+Coating+Com
MAT02355,Roofing & Insulation,Waterproofing Materials,Waterproof Coating Compound (1L Roll),Dr. Fixit,1L Roll,kg / roll,Rs.454 - Rs.845,"Dr. Fixit Waterproof Coating Compound, 1L Roll pack, used for terrace, basement and wet-area waterproofing.",https://placehold.co/400x300/6B4F4F/FFFFFF?text=Dr.+Fixit+Waterproof+Coating+Compound+%281L+Rol
MAT02356,Roofing & Insulation,Waterproofing Materials,Waterproof Coating Compound (1L Roll),Sika,1L Roll,kg / roll,Rs.454 - Rs.845,"Sika Waterproof Coating Compound, 1L Roll pack, used for terrace, basement and wet-area waterproofing.",https://placehold.co/400x300/6B4F4F/FFFFFF?text=Sika+Waterproof+Coating+Compound+%281L+Roll%29
MAT02357,Roofing & Insulation,Waterproofing Materials,Waterproof Coating Compound (1L Roll),BASF Master Builders,1L Roll,kg / roll,Rs.454 - Rs.845,"BASF Master Builders Waterproof Coating Compound, 1L Roll pack, used for terrace, basement and wet-area waterproofing.",https://placehold.co/400x300/6B4F4F/FFFFFF?text=BASF+Master+Builders+Waterproof+Coating+Compo
MAT02358,Roofing & Insulation,Waterproofing Materials,Waterproof Coating Compound (1L Roll),Pidilite,1L Roll,kg / roll,Rs.454 - Rs.845,"Pidilite Waterproof Coating Compound, 1L Roll pack, used for terrace, basement and wet-area waterproofing.",https://placehold.co/400x300/6B4F4F/FFFFFF?text=Pidilite+Waterproof+Coating+Compound+%281L+Roll
MAT02359,Roofing & Insulation,Waterproofing Materials,Waterproof Coating Compound (1L Roll),Fosroc,1L Roll,kg / roll,Rs.454 - Rs.845,"Fosroc Waterproof Coating Compound, 1L Roll pack, used for terrace, basement and wet-area waterproofing.",https://placehold.co/400x300/6B4F4F/FFFFFF?text=Fosroc+Waterproof+Coating+Compound+%281L+Roll%29
MAT02360,Roofing & Insulation,Waterproofing Materials,Waterproof Coating Compound (1L Roll),Asian Paints SmartCare,1L Roll,kg / roll,Rs.454 - Rs.845,"Asian Paints SmartCare Waterproof Coating Compound, 1L Roll pack, used for terrace, basement and wet-area waterproofing.",https://placehold.co/400x300/6B4F4F/FFFFFF?text=Asian+Paints+SmartCare+Waterproof+Coating+Com
MAT02361,Roofing & Insulation,Waterproofing Materials,Bituminous Sealant (1kg),Dr. Fixit,1kg,kg / roll,Rs.454 - Rs.845,"Dr. Fixit Bituminous Sealant, 1kg pack, used for terrace, basement and wet-area waterproofing.",https://placehold.co/400x300/6B4F4F/FFFFFF?text=Dr.+Fixit+Bituminous+Sealant+%281kg%29
MAT02362,Roofing & Insulation,Waterproofing Materials,Bituminous Sealant (1kg),Sika,1kg,kg / roll,Rs.454 - Rs.845,"Sika Bituminous Sealant, 1kg pack, used for terrace, basement and wet-area waterproofing.",https://placehold.co/400x300/6B4F4F/FFFFFF?text=Sika+Bituminous+Sealant+%281kg%29
MAT02363,Roofing & Insulation,Waterproofing Materials,Bituminous Sealant (1kg),BASF Master Builders,1kg,kg / roll,Rs.454 - Rs.845,"BASF Master Builders Bituminous Sealant, 1kg pack, used for terrace, basement and wet-area waterproofing.",https://placehold.co/400x300/6B4F4F/FFFFFF?text=BASF+Master+Builders+Bituminous+Sealant+%281kg%29
MAT02364,Roofing & Insulation,Waterproofing Materials,Bituminous Sealant (1kg),Pidilite,1kg,kg / roll,Rs.454 - Rs.845,"Pidilite Bituminous Sealant, 1kg pack, used for terrace, basement and wet-area waterproofing.",https://placehold.co/400x300/6B4F4F/FFFFFF?text=Pidilite+Bituminous+Sealant+%281kg%29
MAT02365,Roofing & Insulation,Waterproofing Materials,Bituminous Sealant (1kg),Fosroc,1kg,kg / roll,Rs.454 - Rs.845,"Fosroc Bituminous Sealant, 1kg pack, used for terrace, basement and wet-area waterproofing.",https://placehold.co/400x300/6B4F4F/FFFFFF?text=Fosroc+Bituminous+Sealant+%281kg%29
MAT02366,Roofing & Insulation,Waterproofing Materials,Bituminous Sealant (1kg),Asian Paints SmartCare,1kg,kg / roll,Rs.454 - Rs.845,"Asian Paints SmartCare Bituminous Sealant, 1kg pack, used for terrace, basement and wet-area waterproofing.",https://placehold.co/400x300/6B4F4F/FFFFFF?text=Asian+Paints+SmartCare+Bituminous+Sealant+%281k
MAT02367,Roofing & Insulation,Waterproofing Materials,Bituminous Sealant (5kg),Dr. Fixit,5kg,kg / roll,Rs.454 - Rs.845,"Dr. Fixit Bituminous Sealant, 5kg pack, used for terrace, basement and wet-area waterproofing.",https://placehold.co/400x300/6B4F4F/FFFFFF?text=Dr.+Fixit+Bituminous+Sealant+%285kg%29
MAT02368,Roofing & Insulation,Waterproofing Materials,Bituminous Sealant (5kg),Sika,5kg,kg / roll,Rs.454 - Rs.845,"Sika Bituminous Sealant, 5kg pack, used for terrace, basement and wet-area waterproofing.",https://placehold.co/400x300/6B4F4F/FFFFFF?text=Sika+Bituminous+Sealant+%285kg%29
MAT02369,Roofing & Insulation,Waterproofing Materials,Bituminous Sealant (5kg),BASF Master Builders,5kg,kg / roll,Rs.454 - Rs.845,"BASF Master Builders Bituminous Sealant, 5kg pack, used for terrace, basement and wet-area waterproofing.",https://placehold.co/400x300/6B4F4F/FFFFFF?text=BASF+Master+Builders+Bituminous+Sealant+%285kg%29
MAT02370,Roofing & Insulation,Waterproofing Materials,Bituminous Sealant (5kg),Pidilite,5kg,kg / roll,Rs.454 - Rs.845,"Pidilite Bituminous Sealant, 5kg pack, used for terrace, basement and wet-area waterproofing.",https://placehold.co/400x300/6B4F4F/FFFFFF?text=Pidilite+Bituminous+Sealant+%285kg%29
MAT02371,Roofing & Insulation,Waterproofing Materials,Bituminous Sealant (5kg),Fosroc,5kg,kg / roll,Rs.454 - Rs.845,"Fosroc Bituminous Sealant, 5kg pack, used for terrace, basement and wet-area waterproofing.",https://placehold.co/400x300/6B4F4F/FFFFFF?text=Fosroc+Bituminous+Sealant+%285kg%29
MAT02372,Roofing & Insulation,Waterproofing Materials,Bituminous Sealant (5kg),Asian Paints SmartCare,5kg,kg / roll,Rs.454 - Rs.845,"Asian Paints SmartCare Bituminous Sealant, 5kg pack, used for terrace, basement and wet-area waterproofing.",https://placehold.co/400x300/6B4F4F/FFFFFF?text=Asian+Paints+SmartCare+Bituminous+Sealant+%285k
MAT02373,Roofing & Insulation,Waterproofing Materials,Bituminous Sealant (10kg),Dr. Fixit,10kg,kg / roll,Rs.454 - Rs.845,"Dr. Fixit Bituminous Sealant, 10kg pack, used for terrace, basement and wet-area waterproofing.",https://placehold.co/400x300/6B4F4F/FFFFFF?text=Dr.+Fixit+Bituminous+Sealant+%2810kg%29
MAT02374,Roofing & Insulation,Waterproofing Materials,Bituminous Sealant (10kg),Sika,10kg,kg / roll,Rs.454 - Rs.845,"Sika Bituminous Sealant, 10kg pack, used for terrace, basement and wet-area waterproofing.",https://placehold.co/400x300/6B4F4F/FFFFFF?text=Sika+Bituminous+Sealant+%2810kg%29
MAT02375,Roofing & Insulation,Waterproofing Materials,Bituminous Sealant (10kg),BASF Master Builders,10kg,kg / roll,Rs.454 - Rs.845,"BASF Master Builders Bituminous Sealant, 10kg pack, used for terrace, basement and wet-area waterproofing.",https://placehold.co/400x300/6B4F4F/FFFFFF?text=BASF+Master+Builders+Bituminous+Sealant+%2810kg
MAT02376,Roofing & Insulation,Waterproofing Materials,Bituminous Sealant (10kg),Pidilite,10kg,kg / roll,Rs.454 - Rs.845,"Pidilite Bituminous Sealant, 10kg pack, used for terrace, basement and wet-area waterproofing.",https://placehold.co/400x300/6B4F4F/FFFFFF?text=Pidilite+Bituminous+Sealant+%2810kg%29
MAT02377,Roofing & Insulation,Waterproofing Materials,Bituminous Sealant (10kg),Fosroc,10kg,kg / roll,Rs.454 - Rs.845,"Fosroc Bituminous Sealant, 10kg pack, used for terrace, basement and wet-area waterproofing.",https://placehold.co/400x300/6B4F4F/FFFFFF?text=Fosroc+Bituminous+Sealant+%2810kg%29
MAT02378,Roofing & Insulation,Waterproofing Materials,Bituminous Sealant (10kg),Asian Paints SmartCare,10kg,kg / roll,Rs.454 - Rs.845,"Asian Paints SmartCare Bituminous Sealant, 10kg pack, used for terrace, basement and wet-area waterproofing.",https://placehold.co/400x300/6B4F4F/FFFFFF?text=Asian+Paints+SmartCare+Bituminous+Sealant+%2810
MAT02379,Roofing & Insulation,Waterproofing Materials,Bituminous Sealant (20kg),Dr. Fixit,20kg,kg / roll,Rs.454 - Rs.845,"Dr. Fixit Bituminous Sealant, 20kg pack, used for terrace, basement and wet-area waterproofing.",https://placehold.co/400x300/6B4F4F/FFFFFF?text=Dr.+Fixit+Bituminous+Sealant+%2820kg%29
MAT02380,Roofing & Insulation,Waterproofing Materials,Bituminous Sealant (20kg),Sika,20kg,kg / roll,Rs.454 - Rs.845,"Sika Bituminous Sealant, 20kg pack, used for terrace, basement and wet-area waterproofing.",https://placehold.co/400x300/6B4F4F/FFFFFF?text=Sika+Bituminous+Sealant+%2820kg%29
MAT02381,Roofing & Insulation,Waterproofing Materials,Bituminous Sealant (20kg),BASF Master Builders,20kg,kg / roll,Rs.454 - Rs.845,"BASF Master Builders Bituminous Sealant, 20kg pack, used for terrace, basement and wet-area waterproofing.",https://placehold.co/400x300/6B4F4F/FFFFFF?text=BASF+Master+Builders+Bituminous+Sealant+%2820kg
MAT02382,Roofing & Insulation,Waterproofing Materials,Bituminous Sealant (20kg),Pidilite,20kg,kg / roll,Rs.454 - Rs.845,"Pidilite Bituminous Sealant, 20kg pack, used for terrace, basement and wet-area waterproofing.",https://placehold.co/400x300/6B4F4F/FFFFFF?text=Pidilite+Bituminous+Sealant+%2820kg%29
MAT02383,Roofing & Insulation,Waterproofing Materials,Bituminous Sealant (20kg),Fosroc,20kg,kg / roll,Rs.454 - Rs.845,"Fosroc Bituminous Sealant, 20kg pack, used for terrace, basement and wet-area waterproofing.",https://placehold.co/400x300/6B4F4F/FFFFFF?text=Fosroc+Bituminous+Sealant+%2820kg%29
MAT02384,Roofing & Insulation,Waterproofing Materials,Bituminous Sealant (20kg),Asian Paints SmartCare,20kg,kg / roll,Rs.454 - Rs.845,"Asian Paints SmartCare Bituminous Sealant, 20kg pack, used for terrace, basement and wet-area waterproofing.",https://placehold.co/400x300/6B4F4F/FFFFFF?text=Asian+Paints+SmartCare+Bituminous+Sealant+%2820
MAT02385,Roofing & Insulation,Waterproofing Materials,Bituminous Sealant (1L Roll),Dr. Fixit,1L Roll,kg / roll,Rs.454 - Rs.845,"Dr. Fixit Bituminous Sealant, 1L Roll pack, used for terrace, basement and wet-area waterproofing.",https://placehold.co/400x300/6B4F4F/FFFFFF?text=Dr.+Fixit+Bituminous+Sealant+%281L+Roll%29
MAT02386,Roofing & Insulation,Waterproofing Materials,Bituminous Sealant (1L Roll),Sika,1L Roll,kg / roll,Rs.454 - Rs.845,"Sika Bituminous Sealant, 1L Roll pack, used for terrace, basement and wet-area waterproofing.",https://placehold.co/400x300/6B4F4F/FFFFFF?text=Sika+Bituminous+Sealant+%281L+Roll%29
MAT02387,Roofing & Insulation,Waterproofing Materials,Bituminous Sealant (1L Roll),BASF Master Builders,1L Roll,kg / roll,Rs.454 - Rs.845,"BASF Master Builders Bituminous Sealant, 1L Roll pack, used for terrace, basement and wet-area waterproofing.",https://placehold.co/400x300/6B4F4F/FFFFFF?text=BASF+Master+Builders+Bituminous+Sealant+%281L+R
MAT02388,Roofing & Insulation,Waterproofing Materials,Bituminous Sealant (1L Roll),Pidilite,1L Roll,kg / roll,Rs.454 - Rs.845,"Pidilite Bituminous Sealant, 1L Roll pack, used for terrace, basement and wet-area waterproofing.",https://placehold.co/400x300/6B4F4F/FFFFFF?text=Pidilite+Bituminous+Sealant+%281L+Roll%29
MAT02389,Roofing & Insulation,Waterproofing Materials,Bituminous Sealant (1L Roll),Fosroc,1L Roll,kg / roll,Rs.454 - Rs.845,"Fosroc Bituminous Sealant, 1L Roll pack, used for terrace, basement and wet-area waterproofing.",https://placehold.co/400x300/6B4F4F/FFFFFF?text=Fosroc+Bituminous+Sealant+%281L+Roll%29
MAT02390,Roofing & Insulation,Waterproofing Materials,Bituminous Sealant (1L Roll),Asian Paints SmartCare,1L Roll,kg / roll,Rs.454 - Rs.845,"Asian Paints SmartCare Bituminous Sealant, 1L Roll pack, used for terrace, basement and wet-area waterproofing.",https://placehold.co/400x300/6B4F4F/FFFFFF?text=Asian+Paints+SmartCare+Bituminous+Sealant+%281L
MAT02391,Roofing & Insulation,Waterproofing Materials,Crystalline Waterproofing Slurry (1kg),Dr. Fixit,1kg,kg / roll,Rs.454 - Rs.845,"Dr. Fixit Crystalline Waterproofing Slurry, 1kg pack, used for terrace, basement and wet-area waterproofing.",https://placehold.co/400x300/6B4F4F/FFFFFF?text=Dr.+Fixit+Crystalline+Waterproofing+Slurry+%281
MAT02392,Roofing & Insulation,Waterproofing Materials,Crystalline Waterproofing Slurry (1kg),Sika,1kg,kg / roll,Rs.454 - Rs.845,"Sika Crystalline Waterproofing Slurry, 1kg pack, used for terrace, basement and wet-area waterproofing.",https://placehold.co/400x300/6B4F4F/FFFFFF?text=Sika+Crystalline+Waterproofing+Slurry+%281kg%29
MAT02393,Roofing & Insulation,Waterproofing Materials,Crystalline Waterproofing Slurry (1kg),BASF Master Builders,1kg,kg / roll,Rs.454 - Rs.845,"BASF Master Builders Crystalline Waterproofing Slurry, 1kg pack, used for terrace, basement and wet-area waterproofing.",https://placehold.co/400x300/6B4F4F/FFFFFF?text=BASF+Master+Builders+Crystalline+Waterproofin
MAT02394,Roofing & Insulation,Waterproofing Materials,Crystalline Waterproofing Slurry (1kg),Pidilite,1kg,kg / roll,Rs.454 - Rs.845,"Pidilite Crystalline Waterproofing Slurry, 1kg pack, used for terrace, basement and wet-area waterproofing.",https://placehold.co/400x300/6B4F4F/FFFFFF?text=Pidilite+Crystalline+Waterproofing+Slurry+%281k
MAT02395,Roofing & Insulation,Waterproofing Materials,Crystalline Waterproofing Slurry (1kg),Fosroc,1kg,kg / roll,Rs.454 - Rs.845,"Fosroc Crystalline Waterproofing Slurry, 1kg pack, used for terrace, basement and wet-area waterproofing.",https://placehold.co/400x300/6B4F4F/FFFFFF?text=Fosroc+Crystalline+Waterproofing+Slurry+%281kg%29
MAT02396,Roofing & Insulation,Waterproofing Materials,Crystalline Waterproofing Slurry (1kg),Asian Paints SmartCare,1kg,kg / roll,Rs.454 - Rs.845,"Asian Paints SmartCare Crystalline Waterproofing Slurry, 1kg pack, used for terrace, basement and wet-area waterproofing.",https://placehold.co/400x300/6B4F4F/FFFFFF?text=Asian+Paints+SmartCare+Crystalline+Waterproof
MAT02397,Roofing & Insulation,Waterproofing Materials,Crystalline Waterproofing Slurry (5kg),Dr. Fixit,5kg,kg / roll,Rs.454 - Rs.845,"Dr. Fixit Crystalline Waterproofing Slurry, 5kg pack, used for terrace, basement and wet-area waterproofing.",https://placehold.co/400x300/6B4F4F/FFFFFF?text=Dr.+Fixit+Crystalline+Waterproofing+Slurry+%285
MAT02398,Roofing & Insulation,Waterproofing Materials,Crystalline Waterproofing Slurry (5kg),Sika,5kg,kg / roll,Rs.454 - Rs.845,"Sika Crystalline Waterproofing Slurry, 5kg pack, used for terrace, basement and wet-area waterproofing.",https://placehold.co/400x300/6B4F4F/FFFFFF?text=Sika+Crystalline+Waterproofing+Slurry+%285kg%29
MAT02399,Roofing & Insulation,Waterproofing Materials,Crystalline Waterproofing Slurry (5kg),BASF Master Builders,5kg,kg / roll,Rs.454 - Rs.845,"BASF Master Builders Crystalline Waterproofing Slurry, 5kg pack, used for terrace, basement and wet-area waterproofing.",https://placehold.co/400x300/6B4F4F/FFFFFF?text=BASF+Master+Builders+Crystalline+Waterproofin
MAT02400,Roofing & Insulation,Waterproofing Materials,Crystalline Waterproofing Slurry (5kg),Pidilite,5kg,kg / roll,Rs.454 - Rs.845,"Pidilite Crystalline Waterproofing Slurry, 5kg pack, used for terrace, basement and wet-area waterproofing.",https://placehold.co/400x300/6B4F4F/FFFFFF?text=Pidilite+Crystalline+Waterproofing+Slurry+%285k
MAT02401,Roofing & Insulation,Waterproofing Materials,Crystalline Waterproofing Slurry (5kg),Fosroc,5kg,kg / roll,Rs.454 - Rs.845,"Fosroc Crystalline Waterproofing Slurry, 5kg pack, used for terrace, basement and wet-area waterproofing.",https://placehold.co/400x300/6B4F4F/FFFFFF?text=Fosroc+Crystalline+Waterproofing+Slurry+%285kg%29
MAT02402,Roofing & Insulation,Waterproofing Materials,Crystalline Waterproofing Slurry (5kg),Asian Paints SmartCare,5kg,kg / roll,Rs.454 - Rs.845,"Asian Paints SmartCare Crystalline Waterproofing Slurry, 5kg pack, used for terrace, basement and wet-area waterproofing.",https://placehold.co/400x300/6B4F4F/FFFFFF?text=Asian+Paints+SmartCare+Crystalline+Waterproof
MAT02403,Roofing & Insulation,Waterproofing Materials,Crystalline Waterproofing Slurry (10kg),Dr. Fixit,10kg,kg / roll,Rs.454 - Rs.845,"Dr. Fixit Crystalline Waterproofing Slurry, 10kg pack, used for terrace, basement and wet-area waterproofing.",https://placehold.co/400x300/6B4F4F/FFFFFF?text=Dr.+Fixit+Crystalline+Waterproofing+Slurry+%281
MAT02404,Roofing & Insulation,Waterproofing Materials,Crystalline Waterproofing Slurry (10kg),Sika,10kg,kg / roll,Rs.454 - Rs.845,"Sika Crystalline Waterproofing Slurry, 10kg pack, used for terrace, basement and wet-area waterproofing.",https://placehold.co/400x300/6B4F4F/FFFFFF?text=Sika+Crystalline+Waterproofing+Slurry+%2810kg%29
MAT02405,Roofing & Insulation,Waterproofing Materials,Crystalline Waterproofing Slurry (10kg),BASF Master Builders,10kg,kg / roll,Rs.454 - Rs.845,"BASF Master Builders Crystalline Waterproofing Slurry, 10kg pack, used for terrace, basement and wet-area waterproofing.",https://placehold.co/400x300/6B4F4F/FFFFFF?text=BASF+Master+Builders+Crystalline+Waterproofin
MAT02406,Roofing & Insulation,Waterproofing Materials,Crystalline Waterproofing Slurry (10kg),Pidilite,10kg,kg / roll,Rs.454 - Rs.845,"Pidilite Crystalline Waterproofing Slurry, 10kg pack, used for terrace, basement and wet-area waterproofing.",https://placehold.co/400x300/6B4F4F/FFFFFF?text=Pidilite+Crystalline+Waterproofing+Slurry+%2810
MAT02407,Roofing & Insulation,Waterproofing Materials,Crystalline Waterproofing Slurry (10kg),Fosroc,10kg,kg / roll,Rs.454 - Rs.845,"Fosroc Crystalline Waterproofing Slurry, 10kg pack, used for terrace, basement and wet-area waterproofing.",https://placehold.co/400x300/6B4F4F/FFFFFF?text=Fosroc+Crystalline+Waterproofing+Slurry+%2810kg
MAT02408,Roofing & Insulation,Waterproofing Materials,Crystalline Waterproofing Slurry (10kg),Asian Paints SmartCare,10kg,kg / roll,Rs.454 - Rs.845,"Asian Paints SmartCare Crystalline Waterproofing Slurry, 10kg pack, used for terrace, basement and wet-area waterproofing.",https://placehold.co/400x300/6B4F4F/FFFFFF?text=Asian+Paints+SmartCare+Crystalline+Waterproof
MAT02409,Roofing & Insulation,Waterproofing Materials,Crystalline Waterproofing Slurry (20kg),Dr. Fixit,20kg,kg / roll,Rs.454 - Rs.845,"Dr. Fixit Crystalline Waterproofing Slurry, 20kg pack, used for terrace, basement and wet-area waterproofing.",https://placehold.co/400x300/6B4F4F/FFFFFF?text=Dr.+Fixit+Crystalline+Waterproofing+Slurry+%282
MAT02410,Roofing & Insulation,Waterproofing Materials,Crystalline Waterproofing Slurry (20kg),Sika,20kg,kg / roll,Rs.454 - Rs.845,"Sika Crystalline Waterproofing Slurry, 20kg pack, used for terrace, basement and wet-area waterproofing.",https://placehold.co/400x300/6B4F4F/FFFFFF?text=Sika+Crystalline+Waterproofing+Slurry+%2820kg%29
MAT02411,Roofing & Insulation,Waterproofing Materials,Crystalline Waterproofing Slurry (20kg),BASF Master Builders,20kg,kg / roll,Rs.454 - Rs.845,"BASF Master Builders Crystalline Waterproofing Slurry, 20kg pack, used for terrace, basement and wet-area waterproofing.",https://placehold.co/400x300/6B4F4F/FFFFFF?text=BASF+Master+Builders+Crystalline+Waterproofin
MAT02412,Roofing & Insulation,Waterproofing Materials,Crystalline Waterproofing Slurry (20kg),Pidilite,20kg,kg / roll,Rs.454 - Rs.845,"Pidilite Crystalline Waterproofing Slurry, 20kg pack, used for terrace, basement and wet-area waterproofing.",https://placehold.co/400x300/6B4F4F/FFFFFF?text=Pidilite+Crystalline+Waterproofing+Slurry+%2820
MAT02413,Roofing & Insulation,Waterproofing Materials,Crystalline Waterproofing Slurry (20kg),Fosroc,20kg,kg / roll,Rs.454 - Rs.845,"Fosroc Crystalline Waterproofing Slurry, 20kg pack, used for terrace, basement and wet-area waterproofing.",https://placehold.co/400x300/6B4F4F/FFFFFF?text=Fosroc+Crystalline+Waterproofing+Slurry+%2820kg
MAT02414,Roofing & Insulation,Waterproofing Materials,Crystalline Waterproofing Slurry (20kg),Asian Paints SmartCare,20kg,kg / roll,Rs.454 - Rs.845,"Asian Paints SmartCare Crystalline Waterproofing Slurry, 20kg pack, used for terrace, basement and wet-area waterproofing.",https://placehold.co/400x300/6B4F4F/FFFFFF?text=Asian+Paints+SmartCare+Crystalline+Waterproof
MAT02415,Roofing & Insulation,Waterproofing Materials,Crystalline Waterproofing Slurry (1L Roll),Dr. Fixit,1L Roll,kg / roll,Rs.454 - Rs.845,"Dr. Fixit Crystalline Waterproofing Slurry, 1L Roll pack, used for terrace, basement and wet-area waterproofing.",https://placehold.co/400x300/6B4F4F/FFFFFF?text=Dr.+Fixit+Crystalline+Waterproofing+Slurry+%281
MAT02416,Roofing & Insulation,Waterproofing Materials,Crystalline Waterproofing Slurry (1L Roll),Sika,1L Roll,kg / roll,Rs.454 - Rs.845,"Sika Crystalline Waterproofing Slurry, 1L Roll pack, used for terrace, basement and wet-area waterproofing.",https://placehold.co/400x300/6B4F4F/FFFFFF?text=Sika+Crystalline+Waterproofing+Slurry+%281L+Rol
MAT02417,Roofing & Insulation,Waterproofing Materials,Crystalline Waterproofing Slurry (1L Roll),BASF Master Builders,1L Roll,kg / roll,Rs.454 - Rs.845,"BASF Master Builders Crystalline Waterproofing Slurry, 1L Roll pack, used for terrace, basement and wet-area waterproofing.",https://placehold.co/400x300/6B4F4F/FFFFFF?text=BASF+Master+Builders+Crystalline+Waterproofin
MAT02418,Roofing & Insulation,Waterproofing Materials,Crystalline Waterproofing Slurry (1L Roll),Pidilite,1L Roll,kg / roll,Rs.454 - Rs.845,"Pidilite Crystalline Waterproofing Slurry, 1L Roll pack, used for terrace, basement and wet-area waterproofing.",https://placehold.co/400x300/6B4F4F/FFFFFF?text=Pidilite+Crystalline+Waterproofing+Slurry+%281L
MAT02419,Roofing & Insulation,Waterproofing Materials,Crystalline Waterproofing Slurry (1L Roll),Fosroc,1L Roll,kg / roll,Rs.454 - Rs.845,"Fosroc Crystalline Waterproofing Slurry, 1L Roll pack, used for terrace, basement and wet-area waterproofing.",https://placehold.co/400x300/6B4F4F/FFFFFF?text=Fosroc+Crystalline+Waterproofing+Slurry+%281L+R
MAT02420,Roofing & Insulation,Waterproofing Materials,Crystalline Waterproofing Slurry (1L Roll),Asian Paints SmartCare,1L Roll,kg / roll,Rs.454 - Rs.845,"Asian Paints SmartCare Crystalline Waterproofing Slurry, 1L Roll pack, used for terrace, basement and wet-area waterproofing.",https://placehold.co/400x300/6B4F4F/FFFFFF?text=Asian+Paints+SmartCare+Crystalline+Waterproof
MAT02421,Roofing & Insulation,Waterproofing Materials,Injection Grouting Chemical (1kg),Dr. Fixit,1kg,kg / roll,Rs.454 - Rs.845,"Dr. Fixit Injection Grouting Chemical, 1kg pack, used for terrace, basement and wet-area waterproofing.",https://placehold.co/400x300/6B4F4F/FFFFFF?text=Dr.+Fixit+Injection+Grouting+Chemical+%281kg%29
MAT02422,Roofing & Insulation,Waterproofing Materials,Injection Grouting Chemical (1kg),Sika,1kg,kg / roll,Rs.454 - Rs.845,"Sika Injection Grouting Chemical, 1kg pack, used for terrace, basement and wet-area waterproofing.",https://placehold.co/400x300/6B4F4F/FFFFFF?text=Sika+Injection+Grouting+Chemical+%281kg%29
MAT02423,Roofing & Insulation,Waterproofing Materials,Injection Grouting Chemical (1kg),BASF Master Builders,1kg,kg / roll,Rs.454 - Rs.845,"BASF Master Builders Injection Grouting Chemical, 1kg pack, used for terrace, basement and wet-area waterproofing.",https://placehold.co/400x300/6B4F4F/FFFFFF?text=BASF+Master+Builders+Injection+Grouting+Chemi
MAT02424,Roofing & Insulation,Waterproofing Materials,Injection Grouting Chemical (1kg),Pidilite,1kg,kg / roll,Rs.454 - Rs.845,"Pidilite Injection Grouting Chemical, 1kg pack, used for terrace, basement and wet-area waterproofing.",https://placehold.co/400x300/6B4F4F/FFFFFF?text=Pidilite+Injection+Grouting+Chemical+%281kg%29
MAT02425,Roofing & Insulation,Waterproofing Materials,Injection Grouting Chemical (1kg),Fosroc,1kg,kg / roll,Rs.454 - Rs.845,"Fosroc Injection Grouting Chemical, 1kg pack, used for terrace, basement and wet-area waterproofing.",https://placehold.co/400x300/6B4F4F/FFFFFF?text=Fosroc+Injection+Grouting+Chemical+%281kg%29
MAT02426,Roofing & Insulation,Waterproofing Materials,Injection Grouting Chemical (1kg),Asian Paints SmartCare,1kg,kg / roll,Rs.454 - Rs.845,"Asian Paints SmartCare Injection Grouting Chemical, 1kg pack, used for terrace, basement and wet-area waterproofing.",https://placehold.co/400x300/6B4F4F/FFFFFF?text=Asian+Paints+SmartCare+Injection+Grouting+Che
MAT02427,Roofing & Insulation,Waterproofing Materials,Injection Grouting Chemical (5kg),Dr. Fixit,5kg,kg / roll,Rs.454 - Rs.845,"Dr. Fixit Injection Grouting Chemical, 5kg pack, used for terrace, basement and wet-area waterproofing.",https://placehold.co/400x300/6B4F4F/FFFFFF?text=Dr.+Fixit+Injection+Grouting+Chemical+%285kg%29
MAT02428,Roofing & Insulation,Waterproofing Materials,Injection Grouting Chemical (5kg),Sika,5kg,kg / roll,Rs.454 - Rs.845,"Sika Injection Grouting Chemical, 5kg pack, used for terrace, basement and wet-area waterproofing.",https://placehold.co/400x300/6B4F4F/FFFFFF?text=Sika+Injection+Grouting+Chemical+%285kg%29
MAT02429,Roofing & Insulation,Waterproofing Materials,Injection Grouting Chemical (5kg),BASF Master Builders,5kg,kg / roll,Rs.454 - Rs.845,"BASF Master Builders Injection Grouting Chemical, 5kg pack, used for terrace, basement and wet-area waterproofing.",https://placehold.co/400x300/6B4F4F/FFFFFF?text=BASF+Master+Builders+Injection+Grouting+Chemi
MAT02430,Roofing & Insulation,Waterproofing Materials,Injection Grouting Chemical (5kg),Pidilite,5kg,kg / roll,Rs.454 - Rs.845,"Pidilite Injection Grouting Chemical, 5kg pack, used for terrace, basement and wet-area waterproofing.",https://placehold.co/400x300/6B4F4F/FFFFFF?text=Pidilite+Injection+Grouting+Chemical+%285kg%29
MAT02431,Roofing & Insulation,Insulation Materials,Thermal Insulation Sheet (25mm),UltraTech Insulation,25mm,sq.ft / panel,Rs.84 - Rs.156,"UltraTech Insulation Thermal Insulation Sheet, thickness 25mm, used for thermal and acoustic insulation of roofs and walls.",https://placehold.co/400x300/6B4F4F/FFFFFF?text=UltraTech+Insulation+Thermal+Insulation+Sheet
MAT02432,Roofing & Insulation,Insulation Materials,Thermal Insulation Sheet (25mm),Owens Corning,25mm,sq.ft / panel,Rs.84 - Rs.156,"Owens Corning Thermal Insulation Sheet, thickness 25mm, used for thermal and acoustic insulation of roofs and walls.",https://placehold.co/400x300/6B4F4F/FFFFFF?text=Owens+Corning+Thermal+Insulation+Sheet+%2825mm%29
MAT02433,Roofing & Insulation,Insulation Materials,Thermal Insulation Sheet (25mm),Kingspan,25mm,sq.ft / panel,Rs.84 - Rs.156,"Kingspan Thermal Insulation Sheet, thickness 25mm, used for thermal and acoustic insulation of roofs and walls.",https://placehold.co/400x300/6B4F4F/FFFFFF?text=Kingspan+Thermal+Insulation+Sheet+%2825mm%29
MAT02434,Roofing & Insulation,Insulation Materials,Thermal Insulation Sheet (25mm),Lloyd Insulation,25mm,sq.ft / panel,Rs.84 - Rs.156,"Lloyd Insulation Thermal Insulation Sheet, thickness 25mm, used for thermal and acoustic insulation of roofs and walls.",https://placehold.co/400x300/6B4F4F/FFFFFF?text=Lloyd+Insulation+Thermal+Insulation+Sheet+%2825
MAT02435,Roofing & Insulation,Insulation Materials,Thermal Insulation Sheet (25mm),Supreme Insulation,25mm,sq.ft / panel,Rs.84 - Rs.156,"Supreme Insulation Thermal Insulation Sheet, thickness 25mm, used for thermal and acoustic insulation of roofs and walls.",https://placehold.co/400x300/6B4F4F/FFFFFF?text=Supreme+Insulation+Thermal+Insulation+Sheet+%28
MAT02436,Roofing & Insulation,Insulation Materials,Thermal Insulation Sheet (50mm),UltraTech Insulation,50mm,sq.ft / panel,Rs.84 - Rs.156,"UltraTech Insulation Thermal Insulation Sheet, thickness 50mm, used for thermal and acoustic insulation of roofs and walls.",https://placehold.co/400x300/6B4F4F/FFFFFF?text=UltraTech+Insulation+Thermal+Insulation+Sheet
MAT02437,Roofing & Insulation,Insulation Materials,Thermal Insulation Sheet (50mm),Owens Corning,50mm,sq.ft / panel,Rs.84 - Rs.156,"Owens Corning Thermal Insulation Sheet, thickness 50mm, used for thermal and acoustic insulation of roofs and walls.",https://placehold.co/400x300/6B4F4F/FFFFFF?text=Owens+Corning+Thermal+Insulation+Sheet+%2850mm%29
MAT02438,Roofing & Insulation,Insulation Materials,Thermal Insulation Sheet (50mm),Kingspan,50mm,sq.ft / panel,Rs.84 - Rs.156,"Kingspan Thermal Insulation Sheet, thickness 50mm, used for thermal and acoustic insulation of roofs and walls.",https://placehold.co/400x300/6B4F4F/FFFFFF?text=Kingspan+Thermal+Insulation+Sheet+%2850mm%29
MAT02439,Roofing & Insulation,Insulation Materials,Thermal Insulation Sheet (50mm),Lloyd Insulation,50mm,sq.ft / panel,Rs.84 - Rs.156,"Lloyd Insulation Thermal Insulation Sheet, thickness 50mm, used for thermal and acoustic insulation of roofs and walls.",https://placehold.co/400x300/6B4F4F/FFFFFF?text=Lloyd+Insulation+Thermal+Insulation+Sheet+%2850
MAT02440,Roofing & Insulation,Insulation Materials,Thermal Insulation Sheet (50mm),Supreme Insulation,50mm,sq.ft / panel,Rs.84 - Rs.156,"Supreme Insulation Thermal Insulation Sheet, thickness 50mm, used for thermal and acoustic insulation of roofs and walls.",https://placehold.co/400x300/6B4F4F/FFFFFF?text=Supreme+Insulation+Thermal+Insulation+Sheet+%28
MAT02441,Roofing & Insulation,Insulation Materials,Thermal Insulation Sheet (75mm),UltraTech Insulation,75mm,sq.ft / panel,Rs.84 - Rs.156,"UltraTech Insulation Thermal Insulation Sheet, thickness 75mm, used for thermal and acoustic insulation of roofs and walls.",https://placehold.co/400x300/6B4F4F/FFFFFF?text=UltraTech+Insulation+Thermal+Insulation+Sheet
MAT02442,Roofing & Insulation,Insulation Materials,Thermal Insulation Sheet (75mm),Owens Corning,75mm,sq.ft / panel,Rs.84 - Rs.156,"Owens Corning Thermal Insulation Sheet, thickness 75mm, used for thermal and acoustic insulation of roofs and walls.",https://placehold.co/400x300/6B4F4F/FFFFFF?text=Owens+Corning+Thermal+Insulation+Sheet+%2875mm%29
MAT02443,Roofing & Insulation,Insulation Materials,Thermal Insulation Sheet (75mm),Kingspan,75mm,sq.ft / panel,Rs.84 - Rs.156,"Kingspan Thermal Insulation Sheet, thickness 75mm, used for thermal and acoustic insulation of roofs and walls.",https://placehold.co/400x300/6B4F4F/FFFFFF?text=Kingspan+Thermal+Insulation+Sheet+%2875mm%29
MAT02444,Roofing & Insulation,Insulation Materials,Thermal Insulation Sheet (75mm),Lloyd Insulation,75mm,sq.ft / panel,Rs.84 - Rs.156,"Lloyd Insulation Thermal Insulation Sheet, thickness 75mm, used for thermal and acoustic insulation of roofs and walls.",https://placehold.co/400x300/6B4F4F/FFFFFF?text=Lloyd+Insulation+Thermal+Insulation+Sheet+%2875
MAT02445,Roofing & Insulation,Insulation Materials,Thermal Insulation Sheet (75mm),Supreme Insulation,75mm,sq.ft / panel,Rs.84 - Rs.156,"Supreme Insulation Thermal Insulation Sheet, thickness 75mm, used for thermal and acoustic insulation of roofs and walls.",https://placehold.co/400x300/6B4F4F/FFFFFF?text=Supreme+Insulation+Thermal+Insulation+Sheet+%28
MAT02446,Roofing & Insulation,Insulation Materials,Thermal Insulation Sheet (100mm),UltraTech Insulation,100mm,sq.ft / panel,Rs.84 - Rs.156,"UltraTech Insulation Thermal Insulation Sheet, thickness 100mm, used for thermal and acoustic insulation of roofs and walls.",https://placehold.co/400x300/6B4F4F/FFFFFF?text=UltraTech+Insulation+Thermal+Insulation+Sheet
MAT02447,Roofing & Insulation,Insulation Materials,Thermal Insulation Sheet (100mm),Owens Corning,100mm,sq.ft / panel,Rs.84 - Rs.156,"Owens Corning Thermal Insulation Sheet, thickness 100mm, used for thermal and acoustic insulation of roofs and walls.",https://placehold.co/400x300/6B4F4F/FFFFFF?text=Owens+Corning+Thermal+Insulation+Sheet+%28100mm
MAT02448,Roofing & Insulation,Insulation Materials,Thermal Insulation Sheet (100mm),Kingspan,100mm,sq.ft / panel,Rs.84 - Rs.156,"Kingspan Thermal Insulation Sheet, thickness 100mm, used for thermal and acoustic insulation of roofs and walls.",https://placehold.co/400x300/6B4F4F/FFFFFF?text=Kingspan+Thermal+Insulation+Sheet+%28100mm%29
MAT02449,Roofing & Insulation,Insulation Materials,Thermal Insulation Sheet (100mm),Lloyd Insulation,100mm,sq.ft / panel,Rs.84 - Rs.156,"Lloyd Insulation Thermal Insulation Sheet, thickness 100mm, used for thermal and acoustic insulation of roofs and walls.",https://placehold.co/400x300/6B4F4F/FFFFFF?text=Lloyd+Insulation+Thermal+Insulation+Sheet+%2810
MAT02450,Roofing & Insulation,Insulation Materials,Thermal Insulation Sheet (100mm),Supreme Insulation,100mm,sq.ft / panel,Rs.84 - Rs.156,"Supreme Insulation Thermal Insulation Sheet, thickness 100mm, used for thermal and acoustic insulation of roofs and walls.",https://placehold.co/400x300/6B4F4F/FFFFFF?text=Supreme+Insulation+Thermal+Insulation+Sheet+%28
MAT02451,Roofing & Insulation,Insulation Materials,Glass Wool Insulation (25mm),UltraTech Insulation,25mm,sq.ft / panel,Rs.84 - Rs.156,"UltraTech Insulation Glass Wool Insulation, thickness 25mm, used for thermal and acoustic insulation of roofs and walls.",https://placehold.co/400x300/6B4F4F/FFFFFF?text=UltraTech+Insulation+Glass+Wool+Insulation+%282
MAT02452,Roofing & Insulation,Insulation Materials,Glass Wool Insulation (25mm),Owens Corning,25mm,sq.ft / panel,Rs.84 - Rs.156,"Owens Corning Glass Wool Insulation, thickness 25mm, used for thermal and acoustic insulation of roofs and walls.",https://placehold.co/400x300/6B4F4F/FFFFFF?text=Owens+Corning+Glass+Wool+Insulation+%2825mm%29
MAT02453,Roofing & Insulation,Insulation Materials,Glass Wool Insulation (25mm),Kingspan,25mm,sq.ft / panel,Rs.84 - Rs.156,"Kingspan Glass Wool Insulation, thickness 25mm, used for thermal and acoustic insulation of roofs and walls.",https://placehold.co/400x300/6B4F4F/FFFFFF?text=Kingspan+Glass+Wool+Insulation+%2825mm%29
MAT02454,Roofing & Insulation,Insulation Materials,Glass Wool Insulation (25mm),Lloyd Insulation,25mm,sq.ft / panel,Rs.84 - Rs.156,"Lloyd Insulation Glass Wool Insulation, thickness 25mm, used for thermal and acoustic insulation of roofs and walls.",https://placehold.co/400x300/6B4F4F/FFFFFF?text=Lloyd+Insulation+Glass+Wool+Insulation+%2825mm%29
MAT02455,Roofing & Insulation,Insulation Materials,Glass Wool Insulation (25mm),Supreme Insulation,25mm,sq.ft / panel,Rs.84 - Rs.156,"Supreme Insulation Glass Wool Insulation, thickness 25mm, used for thermal and acoustic insulation of roofs and walls.",https://placehold.co/400x300/6B4F4F/FFFFFF?text=Supreme+Insulation+Glass+Wool+Insulation+%2825m
MAT02456,Roofing & Insulation,Insulation Materials,Glass Wool Insulation (50mm),UltraTech Insulation,50mm,sq.ft / panel,Rs.84 - Rs.156,"UltraTech Insulation Glass Wool Insulation, thickness 50mm, used for thermal and acoustic insulation of roofs and walls.",https://placehold.co/400x300/6B4F4F/FFFFFF?text=UltraTech+Insulation+Glass+Wool+Insulation+%285
MAT02457,Roofing & Insulation,Insulation Materials,Glass Wool Insulation (50mm),Owens Corning,50mm,sq.ft / panel,Rs.84 - Rs.156,"Owens Corning Glass Wool Insulation, thickness 50mm, used for thermal and acoustic insulation of roofs and walls.",https://placehold.co/400x300/6B4F4F/FFFFFF?text=Owens+Corning+Glass+Wool+Insulation+%2850mm%29
MAT02458,Roofing & Insulation,Insulation Materials,Glass Wool Insulation (50mm),Kingspan,50mm,sq.ft / panel,Rs.84 - Rs.156,"Kingspan Glass Wool Insulation, thickness 50mm, used for thermal and acoustic insulation of roofs and walls.",https://placehold.co/400x300/6B4F4F/FFFFFF?text=Kingspan+Glass+Wool+Insulation+%2850mm%29
MAT02459,Roofing & Insulation,Insulation Materials,Glass Wool Insulation (50mm),Lloyd Insulation,50mm,sq.ft / panel,Rs.84 - Rs.156,"Lloyd Insulation Glass Wool Insulation, thickness 50mm, used for thermal and acoustic insulation of roofs and walls.",https://placehold.co/400x300/6B4F4F/FFFFFF?text=Lloyd+Insulation+Glass+Wool+Insulation+%2850mm%29
MAT02460,Roofing & Insulation,Insulation Materials,Glass Wool Insulation (50mm),Supreme Insulation,50mm,sq.ft / panel,Rs.84 - Rs.156,"Supreme Insulation Glass Wool Insulation, thickness 50mm, used for thermal and acoustic insulation of roofs and walls.",https://placehold.co/400x300/6B4F4F/FFFFFF?text=Supreme+Insulation+Glass+Wool+Insulation+%2850m
MAT02461,Roofing & Insulation,Insulation Materials,Glass Wool Insulation (75mm),UltraTech Insulation,75mm,sq.ft / panel,Rs.84 - Rs.156,"UltraTech Insulation Glass Wool Insulation, thickness 75mm, used for thermal and acoustic insulation of roofs and walls.",https://placehold.co/400x300/6B4F4F/FFFFFF?text=UltraTech+Insulation+Glass+Wool+Insulation+%287
MAT02462,Roofing & Insulation,Insulation Materials,Glass Wool Insulation (75mm),Owens Corning,75mm,sq.ft / panel,Rs.84 - Rs.156,"Owens Corning Glass Wool Insulation, thickness 75mm, used for thermal and acoustic insulation of roofs and walls.",https://placehold.co/400x300/6B4F4F/FFFFFF?text=Owens+Corning+Glass+Wool+Insulation+%2875mm%29
MAT02463,Roofing & Insulation,Insulation Materials,Glass Wool Insulation (75mm),Kingspan,75mm,sq.ft / panel,Rs.84 - Rs.156,"Kingspan Glass Wool Insulation, thickness 75mm, used for thermal and acoustic insulation of roofs and walls.",https://placehold.co/400x300/6B4F4F/FFFFFF?text=Kingspan+Glass+Wool+Insulation+%2875mm%29
MAT02464,Roofing & Insulation,Insulation Materials,Glass Wool Insulation (75mm),Lloyd Insulation,75mm,sq.ft / panel,Rs.84 - Rs.156,"Lloyd Insulation Glass Wool Insulation, thickness 75mm, used for thermal and acoustic insulation of roofs and walls.",https://placehold.co/400x300/6B4F4F/FFFFFF?text=Lloyd+Insulation+Glass+Wool+Insulation+%2875mm%29
MAT02465,Roofing & Insulation,Insulation Materials,Glass Wool Insulation (75mm),Supreme Insulation,75mm,sq.ft / panel,Rs.84 - Rs.156,"Supreme Insulation Glass Wool Insulation, thickness 75mm, used for thermal and acoustic insulation of roofs and walls.",https://placehold.co/400x300/6B4F4F/FFFFFF?text=Supreme+Insulation+Glass+Wool+Insulation+%2875m
MAT02466,Roofing & Insulation,Insulation Materials,Glass Wool Insulation (100mm),UltraTech Insulation,100mm,sq.ft / panel,Rs.84 - Rs.156,"UltraTech Insulation Glass Wool Insulation, thickness 100mm, used for thermal and acoustic insulation of roofs and walls.",https://placehold.co/400x300/6B4F4F/FFFFFF?text=UltraTech+Insulation+Glass+Wool+Insulation+%281
MAT02467,Roofing & Insulation,Insulation Materials,Glass Wool Insulation (100mm),Owens Corning,100mm,sq.ft / panel,Rs.84 - Rs.156,"Owens Corning Glass Wool Insulation, thickness 100mm, used for thermal and acoustic insulation of roofs and walls.",https://placehold.co/400x300/6B4F4F/FFFFFF?text=Owens+Corning+Glass+Wool+Insulation+%28100mm%29
MAT02468,Roofing & Insulation,Insulation Materials,Glass Wool Insulation (100mm),Kingspan,100mm,sq.ft / panel,Rs.84 - Rs.156,"Kingspan Glass Wool Insulation, thickness 100mm, used for thermal and acoustic insulation of roofs and walls.",https://placehold.co/400x300/6B4F4F/FFFFFF?text=Kingspan+Glass+Wool+Insulation+%28100mm%29
MAT02469,Roofing & Insulation,Insulation Materials,Glass Wool Insulation (100mm),Lloyd Insulation,100mm,sq.ft / panel,Rs.84 - Rs.156,"Lloyd Insulation Glass Wool Insulation, thickness 100mm, used for thermal and acoustic insulation of roofs and walls.",https://placehold.co/400x300/6B4F4F/FFFFFF?text=Lloyd+Insulation+Glass+Wool+Insulation+%28100mm
MAT02470,Roofing & Insulation,Insulation Materials,Glass Wool Insulation (100mm),Supreme Insulation,100mm,sq.ft / panel,Rs.84 - Rs.156,"Supreme Insulation Glass Wool Insulation, thickness 100mm, used for thermal and acoustic insulation of roofs and walls.",https://placehold.co/400x300/6B4F4F/FFFFFF?text=Supreme+Insulation+Glass+Wool+Insulation+%28100
MAT02471,Roofing & Insulation,Insulation Materials,Rock Wool Insulation (25mm),UltraTech Insulation,25mm,sq.ft / panel,Rs.84 - Rs.156,"UltraTech Insulation Rock Wool Insulation, thickness 25mm, used for thermal and acoustic insulation of roofs and walls.",https://placehold.co/400x300/6B4F4F/FFFFFF?text=UltraTech+Insulation+Rock+Wool+Insulation+%2825
MAT02472,Roofing & Insulation,Insulation Materials,Rock Wool Insulation (25mm),Owens Corning,25mm,sq.ft / panel,Rs.84 - Rs.156,"Owens Corning Rock Wool Insulation, thickness 25mm, used for thermal and acoustic insulation of roofs and walls.",https://placehold.co/400x300/6B4F4F/FFFFFF?text=Owens+Corning+Rock+Wool+Insulation+%2825mm%29
MAT02473,Roofing & Insulation,Insulation Materials,Rock Wool Insulation (25mm),Kingspan,25mm,sq.ft / panel,Rs.84 - Rs.156,"Kingspan Rock Wool Insulation, thickness 25mm, used for thermal and acoustic insulation of roofs and walls.",https://placehold.co/400x300/6B4F4F/FFFFFF?text=Kingspan+Rock+Wool+Insulation+%2825mm%29
MAT02474,Roofing & Insulation,Insulation Materials,Rock Wool Insulation (25mm),Lloyd Insulation,25mm,sq.ft / panel,Rs.84 - Rs.156,"Lloyd Insulation Rock Wool Insulation, thickness 25mm, used for thermal and acoustic insulation of roofs and walls.",https://placehold.co/400x300/6B4F4F/FFFFFF?text=Lloyd+Insulation+Rock+Wool+Insulation+%2825mm%29
MAT02475,Roofing & Insulation,Insulation Materials,Rock Wool Insulation (25mm),Supreme Insulation,25mm,sq.ft / panel,Rs.84 - Rs.156,"Supreme Insulation Rock Wool Insulation, thickness 25mm, used for thermal and acoustic insulation of roofs and walls.",https://placehold.co/400x300/6B4F4F/FFFFFF?text=Supreme+Insulation+Rock+Wool+Insulation+%2825mm
MAT02476,Roofing & Insulation,Insulation Materials,Rock Wool Insulation (50mm),UltraTech Insulation,50mm,sq.ft / panel,Rs.84 - Rs.156,"UltraTech Insulation Rock Wool Insulation, thickness 50mm, used for thermal and acoustic insulation of roofs and walls.",https://placehold.co/400x300/6B4F4F/FFFFFF?text=UltraTech+Insulation+Rock+Wool+Insulation+%2850
MAT02477,Roofing & Insulation,Insulation Materials,Rock Wool Insulation (50mm),Owens Corning,50mm,sq.ft / panel,Rs.84 - Rs.156,"Owens Corning Rock Wool Insulation, thickness 50mm, used for thermal and acoustic insulation of roofs and walls.",https://placehold.co/400x300/6B4F4F/FFFFFF?text=Owens+Corning+Rock+Wool+Insulation+%2850mm%29
MAT02478,Roofing & Insulation,Insulation Materials,Rock Wool Insulation (50mm),Kingspan,50mm,sq.ft / panel,Rs.84 - Rs.156,"Kingspan Rock Wool Insulation, thickness 50mm, used for thermal and acoustic insulation of roofs and walls.",https://placehold.co/400x300/6B4F4F/FFFFFF?text=Kingspan+Rock+Wool+Insulation+%2850mm%29
MAT02479,Roofing & Insulation,Insulation Materials,Rock Wool Insulation (50mm),Lloyd Insulation,50mm,sq.ft / panel,Rs.84 - Rs.156,"Lloyd Insulation Rock Wool Insulation, thickness 50mm, used for thermal and acoustic insulation of roofs and walls.",https://placehold.co/400x300/6B4F4F/FFFFFF?text=Lloyd+Insulation+Rock+Wool+Insulation+%2850mm%29
MAT02480,Roofing & Insulation,Insulation Materials,Rock Wool Insulation (50mm),Supreme Insulation,50mm,sq.ft / panel,Rs.84 - Rs.156,"Supreme Insulation Rock Wool Insulation, thickness 50mm, used for thermal and acoustic insulation of roofs and walls.",https://placehold.co/400x300/6B4F4F/FFFFFF?text=Supreme+Insulation+Rock+Wool+Insulation+%2850mm
MAT02481,Roofing & Insulation,Insulation Materials,Rock Wool Insulation (75mm),UltraTech Insulation,75mm,sq.ft / panel,Rs.84 - Rs.156,"UltraTech Insulation Rock Wool Insulation, thickness 75mm, used for thermal and acoustic insulation of roofs and walls.",https://placehold.co/400x300/6B4F4F/FFFFFF?text=UltraTech+Insulation+Rock+Wool+Insulation+%2875
MAT02482,Roofing & Insulation,Insulation Materials,Rock Wool Insulation (75mm),Owens Corning,75mm,sq.ft / panel,Rs.84 - Rs.156,"Owens Corning Rock Wool Insulation, thickness 75mm, used for thermal and acoustic insulation of roofs and walls.",https://placehold.co/400x300/6B4F4F/FFFFFF?text=Owens+Corning+Rock+Wool+Insulation+%2875mm%29
MAT02483,Roofing & Insulation,Insulation Materials,Rock Wool Insulation (75mm),Kingspan,75mm,sq.ft / panel,Rs.84 - Rs.156,"Kingspan Rock Wool Insulation, thickness 75mm, used for thermal and acoustic insulation of roofs and walls.",https://placehold.co/400x300/6B4F4F/FFFFFF?text=Kingspan+Rock+Wool+Insulation+%2875mm%29
MAT02484,Roofing & Insulation,Insulation Materials,Rock Wool Insulation (75mm),Lloyd Insulation,75mm,sq.ft / panel,Rs.84 - Rs.156,"Lloyd Insulation Rock Wool Insulation, thickness 75mm, used for thermal and acoustic insulation of roofs and walls.",https://placehold.co/400x300/6B4F4F/FFFFFF?text=Lloyd+Insulation+Rock+Wool+Insulation+%2875mm%29
MAT02485,Roofing & Insulation,Insulation Materials,Rock Wool Insulation (75mm),Supreme Insulation,75mm,sq.ft / panel,Rs.84 - Rs.156,"Supreme Insulation Rock Wool Insulation, thickness 75mm, used for thermal and acoustic insulation of roofs and walls.",https://placehold.co/400x300/6B4F4F/FFFFFF?text=Supreme+Insulation+Rock+Wool+Insulation+%2875mm
MAT02486,Roofing & Insulation,Insulation Materials,Rock Wool Insulation (100mm),UltraTech Insulation,100mm,sq.ft / panel,Rs.84 - Rs.156,"UltraTech Insulation Rock Wool Insulation, thickness 100mm, used for thermal and acoustic insulation of roofs and walls.",https://placehold.co/400x300/6B4F4F/FFFFFF?text=UltraTech+Insulation+Rock+Wool+Insulation+%2810
MAT02487,Roofing & Insulation,Insulation Materials,Rock Wool Insulation (100mm),Owens Corning,100mm,sq.ft / panel,Rs.84 - Rs.156,"Owens Corning Rock Wool Insulation, thickness 100mm, used for thermal and acoustic insulation of roofs and walls.",https://placehold.co/400x300/6B4F4F/FFFFFF?text=Owens+Corning+Rock+Wool+Insulation+%28100mm%29
MAT02488,Roofing & Insulation,Insulation Materials,Rock Wool Insulation (100mm),Kingspan,100mm,sq.ft / panel,Rs.84 - Rs.156,"Kingspan Rock Wool Insulation, thickness 100mm, used for thermal and acoustic insulation of roofs and walls.",https://placehold.co/400x300/6B4F4F/FFFFFF?text=Kingspan+Rock+Wool+Insulation+%28100mm%29
MAT02489,Roofing & Insulation,Insulation Materials,Rock Wool Insulation (100mm),Lloyd Insulation,100mm,sq.ft / panel,Rs.84 - Rs.156,"Lloyd Insulation Rock Wool Insulation, thickness 100mm, used for thermal and acoustic insulation of roofs and walls.",https://placehold.co/400x300/6B4F4F/FFFFFF?text=Lloyd+Insulation+Rock+Wool+Insulation+%28100mm%29
MAT02490,Roofing & Insulation,Insulation Materials,Rock Wool Insulation (100mm),Supreme Insulation,100mm,sq.ft / panel,Rs.84 - Rs.156,"Supreme Insulation Rock Wool Insulation, thickness 100mm, used for thermal and acoustic insulation of roofs and walls.",https://placehold.co/400x300/6B4F4F/FFFFFF?text=Supreme+Insulation+Rock+Wool+Insulation+%28100m
MAT02491,Roofing & Insulation,Insulation Materials,PUF (Polyurethane Foam) Panel (25mm),UltraTech Insulation,25mm,sq.ft / panel,Rs.84 - Rs.156,"UltraTech Insulation PUF (Polyurethane Foam) Panel, thickness 25mm, used for thermal and acoustic insulation of roofs and walls.",https://placehold.co/400x300/6B4F4F/FFFFFF?text=UltraTech+Insulation+PUF+%28Polyurethane+Foam%29+
MAT02492,Roofing & Insulation,Insulation Materials,PUF (Polyurethane Foam) Panel (25mm),Owens Corning,25mm,sq.ft / panel,Rs.84 - Rs.156,"Owens Corning PUF (Polyurethane Foam) Panel, thickness 25mm, used for thermal and acoustic insulation of roofs and walls.",https://placehold.co/400x300/6B4F4F/FFFFFF?text=Owens+Corning+PUF+%28Polyurethane+Foam%29+Panel+%28
MAT02493,Roofing & Insulation,Insulation Materials,PUF (Polyurethane Foam) Panel (25mm),Kingspan,25mm,sq.ft / panel,Rs.84 - Rs.156,"Kingspan PUF (Polyurethane Foam) Panel, thickness 25mm, used for thermal and acoustic insulation of roofs and walls.",https://placehold.co/400x300/6B4F4F/FFFFFF?text=Kingspan+PUF+%28Polyurethane+Foam%29+Panel+%2825mm%29
MAT02494,Roofing & Insulation,Insulation Materials,PUF (Polyurethane Foam) Panel (25mm),Lloyd Insulation,25mm,sq.ft / panel,Rs.84 - Rs.156,"Lloyd Insulation PUF (Polyurethane Foam) Panel, thickness 25mm, used for thermal and acoustic insulation of roofs and walls.",https://placehold.co/400x300/6B4F4F/FFFFFF?text=Lloyd+Insulation+PUF+%28Polyurethane+Foam%29+Pane
MAT02495,Roofing & Insulation,Insulation Materials,PUF (Polyurethane Foam) Panel (25mm),Supreme Insulation,25mm,sq.ft / panel,Rs.84 - Rs.156,"Supreme Insulation PUF (Polyurethane Foam) Panel, thickness 25mm, used for thermal and acoustic insulation of roofs and walls.",https://placehold.co/400x300/6B4F4F/FFFFFF?text=Supreme+Insulation+PUF+%28Polyurethane+Foam%29+Pa
MAT02496,Roofing & Insulation,Insulation Materials,PUF (Polyurethane Foam) Panel (50mm),UltraTech Insulation,50mm,sq.ft / panel,Rs.84 - Rs.156,"UltraTech Insulation PUF (Polyurethane Foam) Panel, thickness 50mm, used for thermal and acoustic insulation of roofs and walls.",https://placehold.co/400x300/6B4F4F/FFFFFF?text=UltraTech+Insulation+PUF+%28Polyurethane+Foam%29+
MAT02497,Roofing & Insulation,Insulation Materials,PUF (Polyurethane Foam) Panel (50mm),Owens Corning,50mm,sq.ft / panel,Rs.84 - Rs.156,"Owens Corning PUF (Polyurethane Foam) Panel, thickness 50mm, used for thermal and acoustic insulation of roofs and walls.",https://placehold.co/400x300/6B4F4F/FFFFFF?text=Owens+Corning+PUF+%28Polyurethane+Foam%29+Panel+%28
MAT02498,Roofing & Insulation,Insulation Materials,PUF (Polyurethane Foam) Panel (50mm),Kingspan,50mm,sq.ft / panel,Rs.84 - Rs.156,"Kingspan PUF (Polyurethane Foam) Panel, thickness 50mm, used for thermal and acoustic insulation of roofs and walls.",https://placehold.co/400x300/6B4F4F/FFFFFF?text=Kingspan+PUF+%28Polyurethane+Foam%29+Panel+%2850mm%29
MAT02499,Roofing & Insulation,Insulation Materials,PUF (Polyurethane Foam) Panel (50mm),Lloyd Insulation,50mm,sq.ft / panel,Rs.84 - Rs.156,"Lloyd Insulation PUF (Polyurethane Foam) Panel, thickness 50mm, used for thermal and acoustic insulation of roofs and walls.",https://placehold.co/400x300/6B4F4F/FFFFFF?text=Lloyd+Insulation+PUF+%28Polyurethane+Foam%29+Pane
MAT02500,Roofing & Insulation,Insulation Materials,PUF (Polyurethane Foam) Panel (50mm),Supreme Insulation,50mm,sq.ft / panel,Rs.84 - Rs.156,"Supreme Insulation PUF (Polyurethane Foam) Panel, thickness 50mm, used for thermal and acoustic insulation of roofs and walls.",https://placehold.co/400x300/6B4F4F/FFFFFF?text=Supreme+Insulation+PUF+%28Polyurethane+Foam%29+Pa
MAT02501,Roofing & Insulation,Insulation Materials,PUF (Polyurethane Foam) Panel (75mm),UltraTech Insulation,75mm,sq.ft / panel,Rs.84 - Rs.156,"UltraTech Insulation PUF (Polyurethane Foam) Panel, thickness 75mm, used for thermal and acoustic insulation of roofs and walls.",https://placehold.co/400x300/6B4F4F/FFFFFF?text=UltraTech+Insulation+PUF+%28Polyurethane+Foam%29+
MAT02502,Roofing & Insulation,Insulation Materials,PUF (Polyurethane Foam) Panel (75mm),Owens Corning,75mm,sq.ft / panel,Rs.84 - Rs.156,"Owens Corning PUF (Polyurethane Foam) Panel, thickness 75mm, used for thermal and acoustic insulation of roofs and walls.",https://placehold.co/400x300/6B4F4F/FFFFFF?text=Owens+Corning+PUF+%28Polyurethane+Foam%29+Panel+%28
MAT02503,Roofing & Insulation,Insulation Materials,PUF (Polyurethane Foam) Panel (75mm),Kingspan,75mm,sq.ft / panel,Rs.84 - Rs.156,"Kingspan PUF (Polyurethane Foam) Panel, thickness 75mm, used for thermal and acoustic insulation of roofs and walls.",https://placehold.co/400x300/6B4F4F/FFFFFF?text=Kingspan+PUF+%28Polyurethane+Foam%29+Panel+%2875mm%29
MAT02504,Roofing & Insulation,Insulation Materials,PUF (Polyurethane Foam) Panel (75mm),Lloyd Insulation,75mm,sq.ft / panel,Rs.84 - Rs.156,"Lloyd Insulation PUF (Polyurethane Foam) Panel, thickness 75mm, used for thermal and acoustic insulation of roofs and walls.",https://placehold.co/400x300/6B4F4F/FFFFFF?text=Lloyd+Insulation+PUF+%28Polyurethane+Foam%29+Pane
MAT02505,Roofing & Insulation,Insulation Materials,PUF (Polyurethane Foam) Panel (75mm),Supreme Insulation,75mm,sq.ft / panel,Rs.84 - Rs.156,"Supreme Insulation PUF (Polyurethane Foam) Panel, thickness 75mm, used for thermal and acoustic insulation of roofs and walls.",https://placehold.co/400x300/6B4F4F/FFFFFF?text=Supreme+Insulation+PUF+%28Polyurethane+Foam%29+Pa
MAT02506,Roofing & Insulation,Insulation Materials,PUF (Polyurethane Foam) Panel (100mm),UltraTech Insulation,100mm,sq.ft / panel,Rs.84 - Rs.156,"UltraTech Insulation PUF (Polyurethane Foam) Panel, thickness 100mm, used for thermal and acoustic insulation of roofs and walls.",https://placehold.co/400x300/6B4F4F/FFFFFF?text=UltraTech+Insulation+PUF+%28Polyurethane+Foam%29+
MAT02507,Roofing & Insulation,Insulation Materials,PUF (Polyurethane Foam) Panel (100mm),Owens Corning,100mm,sq.ft / panel,Rs.84 - Rs.156,"Owens Corning PUF (Polyurethane Foam) Panel, thickness 100mm, used for thermal and acoustic insulation of roofs and walls.",https://placehold.co/400x300/6B4F4F/FFFFFF?text=Owens+Corning+PUF+%28Polyurethane+Foam%29+Panel+%28
MAT02508,Roofing & Insulation,Insulation Materials,PUF (Polyurethane Foam) Panel (100mm),Kingspan,100mm,sq.ft / panel,Rs.84 - Rs.156,"Kingspan PUF (Polyurethane Foam) Panel, thickness 100mm, used for thermal and acoustic insulation of roofs and walls.",https://placehold.co/400x300/6B4F4F/FFFFFF?text=Kingspan+PUF+%28Polyurethane+Foam%29+Panel+%28100mm
MAT02509,Roofing & Insulation,Insulation Materials,PUF (Polyurethane Foam) Panel (100mm),Lloyd Insulation,100mm,sq.ft / panel,Rs.84 - Rs.156,"Lloyd Insulation PUF (Polyurethane Foam) Panel, thickness 100mm, used for thermal and acoustic insulation of roofs and walls.",https://placehold.co/400x300/6B4F4F/FFFFFF?text=Lloyd+Insulation+PUF+%28Polyurethane+Foam%29+Pane
MAT02510,Roofing & Insulation,Insulation Materials,PUF (Polyurethane Foam) Panel (100mm),Supreme Insulation,100mm,sq.ft / panel,Rs.84 - Rs.156,"Supreme Insulation PUF (Polyurethane Foam) Panel, thickness 100mm, used for thermal and acoustic insulation of roofs and walls.",https://placehold.co/400x300/6B4F4F/FFFFFF?text=Supreme+Insulation+PUF+%28Polyurethane+Foam%29+Pa
MAT02511,Roofing & Insulation,Insulation Materials,Reflective Foil Insulation (25mm),UltraTech Insulation,25mm,sq.ft / panel,Rs.84 - Rs.156,"UltraTech Insulation Reflective Foil Insulation, thickness 25mm, used for thermal and acoustic insulation of roofs and walls.",https://placehold.co/400x300/6B4F4F/FFFFFF?text=UltraTech+Insulation+Reflective+Foil+Insulati
MAT02512,Roofing & Insulation,Insulation Materials,Reflective Foil Insulation (25mm),Owens Corning,25mm,sq.ft / panel,Rs.84 - Rs.156,"Owens Corning Reflective Foil Insulation, thickness 25mm, used for thermal and acoustic insulation of roofs and walls.",https://placehold.co/400x300/6B4F4F/FFFFFF?text=Owens+Corning+Reflective+Foil+Insulation+%2825m
MAT02513,Roofing & Insulation,Insulation Materials,Reflective Foil Insulation (25mm),Kingspan,25mm,sq.ft / panel,Rs.84 - Rs.156,"Kingspan Reflective Foil Insulation, thickness 25mm, used for thermal and acoustic insulation of roofs and walls.",https://placehold.co/400x300/6B4F4F/FFFFFF?text=Kingspan+Reflective+Foil+Insulation+%2825mm%29
MAT02514,Roofing & Insulation,Insulation Materials,Reflective Foil Insulation (25mm),Lloyd Insulation,25mm,sq.ft / panel,Rs.84 - Rs.156,"Lloyd Insulation Reflective Foil Insulation, thickness 25mm, used for thermal and acoustic insulation of roofs and walls.",https://placehold.co/400x300/6B4F4F/FFFFFF?text=Lloyd+Insulation+Reflective+Foil+Insulation+%28
MAT02515,Roofing & Insulation,Insulation Materials,Reflective Foil Insulation (25mm),Supreme Insulation,25mm,sq.ft / panel,Rs.84 - Rs.156,"Supreme Insulation Reflective Foil Insulation, thickness 25mm, used for thermal and acoustic insulation of roofs and walls.",https://placehold.co/400x300/6B4F4F/FFFFFF?text=Supreme+Insulation+Reflective+Foil+Insulation
MAT02516,Roofing & Insulation,Insulation Materials,Reflective Foil Insulation (50mm),UltraTech Insulation,50mm,sq.ft / panel,Rs.84 - Rs.156,"UltraTech Insulation Reflective Foil Insulation, thickness 50mm, used for thermal and acoustic insulation of roofs and walls.",https://placehold.co/400x300/6B4F4F/FFFFFF?text=UltraTech+Insulation+Reflective+Foil+Insulati
MAT02517,Roofing & Insulation,Insulation Materials,Reflective Foil Insulation (50mm),Owens Corning,50mm,sq.ft / panel,Rs.84 - Rs.156,"Owens Corning Reflective Foil Insulation, thickness 50mm, used for thermal and acoustic insulation of roofs and walls.",https://placehold.co/400x300/6B4F4F/FFFFFF?text=Owens+Corning+Reflective+Foil+Insulation+%2850m
MAT02518,Roofing & Insulation,Insulation Materials,Reflective Foil Insulation (50mm),Kingspan,50mm,sq.ft / panel,Rs.84 - Rs.156,"Kingspan Reflective Foil Insulation, thickness 50mm, used for thermal and acoustic insulation of roofs and walls.",https://placehold.co/400x300/6B4F4F/FFFFFF?text=Kingspan+Reflective+Foil+Insulation+%2850mm%29
MAT02519,Roofing & Insulation,Insulation Materials,Reflective Foil Insulation (50mm),Lloyd Insulation,50mm,sq.ft / panel,Rs.84 - Rs.156,"Lloyd Insulation Reflective Foil Insulation, thickness 50mm, used for thermal and acoustic insulation of roofs and walls.",https://placehold.co/400x300/6B4F4F/FFFFFF?text=Lloyd+Insulation+Reflective+Foil+Insulation+%28
MAT02520,Roofing & Insulation,Insulation Materials,Reflective Foil Insulation (50mm),Supreme Insulation,50mm,sq.ft / panel,Rs.84 - Rs.156,"Supreme Insulation Reflective Foil Insulation, thickness 50mm, used for thermal and acoustic insulation of roofs and walls.",https://placehold.co/400x300/6B4F4F/FFFFFF?text=Supreme+Insulation+Reflective+Foil+Insulation
MAT02521,Roofing & Insulation,Insulation Materials,Reflective Foil Insulation (75mm),UltraTech Insulation,75mm,sq.ft / panel,Rs.84 - Rs.156,"UltraTech Insulation Reflective Foil Insulation, thickness 75mm, used for thermal and acoustic insulation of roofs and walls.",https://placehold.co/400x300/6B4F4F/FFFFFF?text=UltraTech+Insulation+Reflective+Foil+Insulati
MAT02522,Roofing & Insulation,Insulation Materials,Reflective Foil Insulation (75mm),Owens Corning,75mm,sq.ft / panel,Rs.84 - Rs.156,"Owens Corning Reflective Foil Insulation, thickness 75mm, used for thermal and acoustic insulation of roofs and walls.",https://placehold.co/400x300/6B4F4F/FFFFFF?text=Owens+Corning+Reflective+Foil+Insulation+%2875m
MAT02523,Roofing & Insulation,Insulation Materials,Reflective Foil Insulation (75mm),Kingspan,75mm,sq.ft / panel,Rs.84 - Rs.156,"Kingspan Reflective Foil Insulation, thickness 75mm, used for thermal and acoustic insulation of roofs and walls.",https://placehold.co/400x300/6B4F4F/FFFFFF?text=Kingspan+Reflective+Foil+Insulation+%2875mm%29
MAT02524,Roofing & Insulation,Insulation Materials,Reflective Foil Insulation (75mm),Lloyd Insulation,75mm,sq.ft / panel,Rs.84 - Rs.156,"Lloyd Insulation Reflective Foil Insulation, thickness 75mm, used for thermal and acoustic insulation of roofs and walls.",https://placehold.co/400x300/6B4F4F/FFFFFF?text=Lloyd+Insulation+Reflective+Foil+Insulation+%28
MAT02525,Roofing & Insulation,Insulation Materials,Reflective Foil Insulation (75mm),Supreme Insulation,75mm,sq.ft / panel,Rs.84 - Rs.156,"Supreme Insulation Reflective Foil Insulation, thickness 75mm, used for thermal and acoustic insulation of roofs and walls.",https://placehold.co/400x300/6B4F4F/FFFFFF?text=Supreme+Insulation+Reflective+Foil+Insulation
MAT02526,Roofing & Insulation,Insulation Materials,Reflective Foil Insulation (100mm),UltraTech Insulation,100mm,sq.ft / panel,Rs.84 - Rs.156,"UltraTech Insulation Reflective Foil Insulation, thickness 100mm, used for thermal and acoustic insulation of roofs and walls.",https://placehold.co/400x300/6B4F4F/FFFFFF?text=UltraTech+Insulation+Reflective+Foil+Insulati
MAT02527,Roofing & Insulation,Insulation Materials,Reflective Foil Insulation (100mm),Owens Corning,100mm,sq.ft / panel,Rs.84 - Rs.156,"Owens Corning Reflective Foil Insulation, thickness 100mm, used for thermal and acoustic insulation of roofs and walls.",https://placehold.co/400x300/6B4F4F/FFFFFF?text=Owens+Corning+Reflective+Foil+Insulation+%28100
MAT02528,Roofing & Insulation,Insulation Materials,Reflective Foil Insulation (100mm),Kingspan,100mm,sq.ft / panel,Rs.84 - Rs.156,"Kingspan Reflective Foil Insulation, thickness 100mm, used for thermal and acoustic insulation of roofs and walls.",https://placehold.co/400x300/6B4F4F/FFFFFF?text=Kingspan+Reflective+Foil+Insulation+%28100mm%29
MAT02529,Roofing & Insulation,Insulation Materials,Reflective Foil Insulation (100mm),Lloyd Insulation,100mm,sq.ft / panel,Rs.84 - Rs.156,"Lloyd Insulation Reflective Foil Insulation, thickness 100mm, used for thermal and acoustic insulation of roofs and walls.",https://placehold.co/400x300/6B4F4F/FFFFFF?text=Lloyd+Insulation+Reflective+Foil+Insulation+%28
MAT02530,Roofing & Insulation,Insulation Materials,Reflective Foil Insulation (100mm),Supreme Insulation,100mm,sq.ft / panel,Rs.84 - Rs.156,"Supreme Insulation Reflective Foil Insulation, thickness 100mm, used for thermal and acoustic insulation of roofs and walls.",https://placehold.co/400x300/6B4F4F/FFFFFF?text=Supreme+Insulation+Reflective+Foil+Insulation
MAT02531,Roofing & Insulation,Insulation Materials,Expanded Polystyrene (EPS) Sheet (25mm),UltraTech Insulation,25mm,sq.ft / panel,Rs.84 - Rs.156,"UltraTech Insulation Expanded Polystyrene (EPS) Sheet, thickness 25mm, used for thermal and acoustic insulation of roofs and walls.",https://placehold.co/400x300/6B4F4F/FFFFFF?text=UltraTech+Insulation+Expanded+Polystyrene+%28EP
MAT02532,Roofing & Insulation,Insulation Materials,Expanded Polystyrene (EPS) Sheet (25mm),Owens Corning,25mm,sq.ft / panel,Rs.84 - Rs.156,"Owens Corning Expanded Polystyrene (EPS) Sheet, thickness 25mm, used for thermal and acoustic insulation of roofs and walls.",https://placehold.co/400x300/6B4F4F/FFFFFF?text=Owens+Corning+Expanded+Polystyrene+%28EPS%29+Shee
MAT02533,Roofing & Insulation,Insulation Materials,Expanded Polystyrene (EPS) Sheet (25mm),Kingspan,25mm,sq.ft / panel,Rs.84 - Rs.156,"Kingspan Expanded Polystyrene (EPS) Sheet, thickness 25mm, used for thermal and acoustic insulation of roofs and walls.",https://placehold.co/400x300/6B4F4F/FFFFFF?text=Kingspan+Expanded+Polystyrene+%28EPS%29+Sheet+%2825
MAT02534,Roofing & Insulation,Insulation Materials,Expanded Polystyrene (EPS) Sheet (25mm),Lloyd Insulation,25mm,sq.ft / panel,Rs.84 - Rs.156,"Lloyd Insulation Expanded Polystyrene (EPS) Sheet, thickness 25mm, used for thermal and acoustic insulation of roofs and walls.",https://placehold.co/400x300/6B4F4F/FFFFFF?text=Lloyd+Insulation+Expanded+Polystyrene+%28EPS%29+S
MAT02535,Roofing & Insulation,Insulation Materials,Expanded Polystyrene (EPS) Sheet (25mm),Supreme Insulation,25mm,sq.ft / panel,Rs.84 - Rs.156,"Supreme Insulation Expanded Polystyrene (EPS) Sheet, thickness 25mm, used for thermal and acoustic insulation of roofs and walls.",https://placehold.co/400x300/6B4F4F/FFFFFF?text=Supreme+Insulation+Expanded+Polystyrene+%28EPS%29
MAT02536,Roofing & Insulation,Insulation Materials,Expanded Polystyrene (EPS) Sheet (50mm),UltraTech Insulation,50mm,sq.ft / panel,Rs.84 - Rs.156,"UltraTech Insulation Expanded Polystyrene (EPS) Sheet, thickness 50mm, used for thermal and acoustic insulation of roofs and walls.",https://placehold.co/400x300/6B4F4F/FFFFFF?text=UltraTech+Insulation+Expanded+Polystyrene+%28EP
MAT02537,Roofing & Insulation,Insulation Materials,Expanded Polystyrene (EPS) Sheet (50mm),Owens Corning,50mm,sq.ft / panel,Rs.84 - Rs.156,"Owens Corning Expanded Polystyrene (EPS) Sheet, thickness 50mm, used for thermal and acoustic insulation of roofs and walls.",https://placehold.co/400x300/6B4F4F/FFFFFF?text=Owens+Corning+Expanded+Polystyrene+%28EPS%29+Shee
MAT02538,Roofing & Insulation,Insulation Materials,Expanded Polystyrene (EPS) Sheet (50mm),Kingspan,50mm,sq.ft / panel,Rs.84 - Rs.156,"Kingspan Expanded Polystyrene (EPS) Sheet, thickness 50mm, used for thermal and acoustic insulation of roofs and walls.",https://placehold.co/400x300/6B4F4F/FFFFFF?text=Kingspan+Expanded+Polystyrene+%28EPS%29+Sheet+%2850
MAT02539,Roofing & Insulation,Insulation Materials,Expanded Polystyrene (EPS) Sheet (50mm),Lloyd Insulation,50mm,sq.ft / panel,Rs.84 - Rs.156,"Lloyd Insulation Expanded Polystyrene (EPS) Sheet, thickness 50mm, used for thermal and acoustic insulation of roofs and walls.",https://placehold.co/400x300/6B4F4F/FFFFFF?text=Lloyd+Insulation+Expanded+Polystyrene+%28EPS%29+S
MAT02540,Roofing & Insulation,Insulation Materials,Expanded Polystyrene (EPS) Sheet (50mm),Supreme Insulation,50mm,sq.ft / panel,Rs.84 - Rs.156,"Supreme Insulation Expanded Polystyrene (EPS) Sheet, thickness 50mm, used for thermal and acoustic insulation of roofs and walls.",https://placehold.co/400x300/6B4F4F/FFFFFF?text=Supreme+Insulation+Expanded+Polystyrene+%28EPS%29
MAT02541,Roofing & Insulation,Insulation Materials,Expanded Polystyrene (EPS) Sheet (75mm),UltraTech Insulation,75mm,sq.ft / panel,Rs.84 - Rs.156,"UltraTech Insulation Expanded Polystyrene (EPS) Sheet, thickness 75mm, used for thermal and acoustic insulation of roofs and walls.",https://placehold.co/400x300/6B4F4F/FFFFFF?text=UltraTech+Insulation+Expanded+Polystyrene+%28EP
MAT02542,Roofing & Insulation,Insulation Materials,Expanded Polystyrene (EPS) Sheet (75mm),Owens Corning,75mm,sq.ft / panel,Rs.84 - Rs.156,"Owens Corning Expanded Polystyrene (EPS) Sheet, thickness 75mm, used for thermal and acoustic insulation of roofs and walls.",https://placehold.co/400x300/6B4F4F/FFFFFF?text=Owens+Corning+Expanded+Polystyrene+%28EPS%29+Shee
MAT02543,Roofing & Insulation,Insulation Materials,Expanded Polystyrene (EPS) Sheet (75mm),Kingspan,75mm,sq.ft / panel,Rs.84 - Rs.156,"Kingspan Expanded Polystyrene (EPS) Sheet, thickness 75mm, used for thermal and acoustic insulation of roofs and walls.",https://placehold.co/400x300/6B4F4F/FFFFFF?text=Kingspan+Expanded+Polystyrene+%28EPS%29+Sheet+%2875
MAT02544,Roofing & Insulation,Insulation Materials,Expanded Polystyrene (EPS) Sheet (75mm),Lloyd Insulation,75mm,sq.ft / panel,Rs.84 - Rs.156,"Lloyd Insulation Expanded Polystyrene (EPS) Sheet, thickness 75mm, used for thermal and acoustic insulation of roofs and walls.",https://placehold.co/400x300/6B4F4F/FFFFFF?text=Lloyd+Insulation+Expanded+Polystyrene+%28EPS%29+S
MAT02545,Roofing & Insulation,Insulation Materials,Expanded Polystyrene (EPS) Sheet (75mm),Supreme Insulation,75mm,sq.ft / panel,Rs.84 - Rs.156,"Supreme Insulation Expanded Polystyrene (EPS) Sheet, thickness 75mm, used for thermal and acoustic insulation of roofs and walls.",https://placehold.co/400x300/6B4F4F/FFFFFF?text=Supreme+Insulation+Expanded+Polystyrene+%28EPS%29
MAT02546,Roofing & Insulation,Insulation Materials,Expanded Polystyrene (EPS) Sheet (100mm),UltraTech Insulation,100mm,sq.ft / panel,Rs.84 - Rs.156,"UltraTech Insulation Expanded Polystyrene (EPS) Sheet, thickness 100mm, used for thermal and acoustic insulation of roofs and walls.",https://placehold.co/400x300/6B4F4F/FFFFFF?text=UltraTech+Insulation+Expanded+Polystyrene+%28EP
MAT02547,Roofing & Insulation,Insulation Materials,Expanded Polystyrene (EPS) Sheet (100mm),Owens Corning,100mm,sq.ft / panel,Rs.84 - Rs.156,"Owens Corning Expanded Polystyrene (EPS) Sheet, thickness 100mm, used for thermal and acoustic insulation of roofs and walls.",https://placehold.co/400x300/6B4F4F/FFFFFF?text=Owens+Corning+Expanded+Polystyrene+%28EPS%29+Shee
MAT02548,Roofing & Insulation,Insulation Materials,Expanded Polystyrene (EPS) Sheet (100mm),Kingspan,100mm,sq.ft / panel,Rs.84 - Rs.156,"Kingspan Expanded Polystyrene (EPS) Sheet, thickness 100mm, used for thermal and acoustic insulation of roofs and walls.",https://placehold.co/400x300/6B4F4F/FFFFFF?text=Kingspan+Expanded+Polystyrene+%28EPS%29+Sheet+%2810
MAT02549,Roofing & Insulation,Insulation Materials,Expanded Polystyrene (EPS) Sheet (100mm),Lloyd Insulation,100mm,sq.ft / panel,Rs.84 - Rs.156,"Lloyd Insulation Expanded Polystyrene (EPS) Sheet, thickness 100mm, used for thermal and acoustic insulation of roofs and walls.",https://placehold.co/400x300/6B4F4F/FFFFFF?text=Lloyd+Insulation+Expanded+Polystyrene+%28EPS%29+S
MAT02550,Roofing & Insulation,Insulation Materials,Expanded Polystyrene (EPS) Sheet (100mm),Supreme Insulation,100mm,sq.ft / panel,Rs.84 - Rs.156,"Supreme Insulation Expanded Polystyrene (EPS) Sheet, thickness 100mm, used for thermal and acoustic insulation of roofs and walls.",https://placehold.co/400x300/6B4F4F/FFFFFF?text=Supreme+Insulation+Expanded+Polystyrene+%28EPS%29
MAT02551,Roofing & Insulation,Insulation Materials,Acoustic Insulation Panel (25mm),UltraTech Insulation,25mm,sq.ft / panel,Rs.84 - Rs.156,"UltraTech Insulation Acoustic Insulation Panel, thickness 25mm, used for thermal and acoustic insulation of roofs and walls.",https://placehold.co/400x300/6B4F4F/FFFFFF?text=UltraTech+Insulation+Acoustic+Insulation+Pane
MAT02552,Roofing & Insulation,Insulation Materials,Acoustic Insulation Panel (25mm),Owens Corning,25mm,sq.ft / panel,Rs.84 - Rs.156,"Owens Corning Acoustic Insulation Panel, thickness 25mm, used for thermal and acoustic insulation of roofs and walls.",https://placehold.co/400x300/6B4F4F/FFFFFF?text=Owens+Corning+Acoustic+Insulation+Panel+%2825mm
MAT02553,Roofing & Insulation,Insulation Materials,Acoustic Insulation Panel (25mm),Kingspan,25mm,sq.ft / panel,Rs.84 - Rs.156,"Kingspan Acoustic Insulation Panel, thickness 25mm, used for thermal and acoustic insulation of roofs and walls.",https://placehold.co/400x300/6B4F4F/FFFFFF?text=Kingspan+Acoustic+Insulation+Panel+%2825mm%29
MAT02554,Roofing & Insulation,Insulation Materials,Acoustic Insulation Panel (25mm),Lloyd Insulation,25mm,sq.ft / panel,Rs.84 - Rs.156,"Lloyd Insulation Acoustic Insulation Panel, thickness 25mm, used for thermal and acoustic insulation of roofs and walls.",https://placehold.co/400x300/6B4F4F/FFFFFF?text=Lloyd+Insulation+Acoustic+Insulation+Panel+%282
MAT02555,Roofing & Insulation,Insulation Materials,Acoustic Insulation Panel (25mm),Supreme Insulation,25mm,sq.ft / panel,Rs.84 - Rs.156,"Supreme Insulation Acoustic Insulation Panel, thickness 25mm, used for thermal and acoustic insulation of roofs and walls.",https://placehold.co/400x300/6B4F4F/FFFFFF?text=Supreme+Insulation+Acoustic+Insulation+Panel+
MAT02556,Roofing & Insulation,Insulation Materials,Acoustic Insulation Panel (50mm),UltraTech Insulation,50mm,sq.ft / panel,Rs.84 - Rs.156,"UltraTech Insulation Acoustic Insulation Panel, thickness 50mm, used for thermal and acoustic insulation of roofs and walls.",https://placehold.co/400x300/6B4F4F/FFFFFF?text=UltraTech+Insulation+Acoustic+Insulation+Pane
MAT02557,Roofing & Insulation,Insulation Materials,Acoustic Insulation Panel (50mm),Owens Corning,50mm,sq.ft / panel,Rs.84 - Rs.156,"Owens Corning Acoustic Insulation Panel, thickness 50mm, used for thermal and acoustic insulation of roofs and walls.",https://placehold.co/400x300/6B4F4F/FFFFFF?text=Owens+Corning+Acoustic+Insulation+Panel+%2850mm
MAT02558,Roofing & Insulation,Insulation Materials,Acoustic Insulation Panel (50mm),Kingspan,50mm,sq.ft / panel,Rs.84 - Rs.156,"Kingspan Acoustic Insulation Panel, thickness 50mm, used for thermal and acoustic insulation of roofs and walls.",https://placehold.co/400x300/6B4F4F/FFFFFF?text=Kingspan+Acoustic+Insulation+Panel+%2850mm%29
MAT02559,Roofing & Insulation,Insulation Materials,Acoustic Insulation Panel (50mm),Lloyd Insulation,50mm,sq.ft / panel,Rs.84 - Rs.156,"Lloyd Insulation Acoustic Insulation Panel, thickness 50mm, used for thermal and acoustic insulation of roofs and walls.",https://placehold.co/400x300/6B4F4F/FFFFFF?text=Lloyd+Insulation+Acoustic+Insulation+Panel+%285
MAT02560,Roofing & Insulation,Insulation Materials,Acoustic Insulation Panel (50mm),Supreme Insulation,50mm,sq.ft / panel,Rs.84 - Rs.156,"Supreme Insulation Acoustic Insulation Panel, thickness 50mm, used for thermal and acoustic insulation of roofs and walls.",https://placehold.co/400x300/6B4F4F/FFFFFF?text=Supreme+Insulation+Acoustic+Insulation+Panel+
MAT02561,Roofing & Insulation,Rainwater & Guttering,PVC Rain Gutter (3 inch),Ashirvad,3 inch,meter / piece,Rs.125 - Rs.234,"Ashirvad PVC Rain Gutter, size 3 inch, used for rainwater collection and drainage off the roof.",https://placehold.co/400x300/6B4F4F/FFFFFF?text=Ashirvad+PVC+Rain+Gutter+%283+inch%29
MAT02562,Roofing & Insulation,Rainwater & Guttering,PVC Rain Gutter (3 inch),Supreme,3 inch,meter / piece,Rs.125 - Rs.234,"Supreme PVC Rain Gutter, size 3 inch, used for rainwater collection and drainage off the roof.",https://placehold.co/400x300/6B4F4F/FFFFFF?text=Supreme+PVC+Rain+Gutter+%283+inch%29
MAT02563,Roofing & Insulation,Rainwater & Guttering,PVC Rain Gutter (3 inch),Astral,3 inch,meter / piece,Rs.125 - Rs.234,"Astral PVC Rain Gutter, size 3 inch, used for rainwater collection and drainage off the roof.",https://placehold.co/400x300/6B4F4F/FFFFFF?text=Astral+PVC+Rain+Gutter+%283+inch%29
MAT02564,Roofing & Insulation,Rainwater & Guttering,PVC Rain Gutter (3 inch),Plasto,3 inch,meter / piece,Rs.125 - Rs.234,"Plasto PVC Rain Gutter, size 3 inch, used for rainwater collection and drainage off the roof.",https://placehold.co/400x300/6B4F4F/FFFFFF?text=Plasto+PVC+Rain+Gutter+%283+inch%29
MAT02565,Roofing & Insulation,Rainwater & Guttering,PVC Rain Gutter (3 inch),Sintex,3 inch,meter / piece,Rs.125 - Rs.234,"Sintex PVC Rain Gutter, size 3 inch, used for rainwater collection and drainage off the roof.",https://placehold.co/400x300/6B4F4F/FFFFFF?text=Sintex+PVC+Rain+Gutter+%283+inch%29
MAT02566,Roofing & Insulation,Rainwater & Guttering,PVC Rain Gutter (4 inch),Ashirvad,4 inch,meter / piece,Rs.125 - Rs.234,"Ashirvad PVC Rain Gutter, size 4 inch, used for rainwater collection and drainage off the roof.",https://placehold.co/400x300/6B4F4F/FFFFFF?text=Ashirvad+PVC+Rain+Gutter+%284+inch%29
MAT02567,Roofing & Insulation,Rainwater & Guttering,PVC Rain Gutter (4 inch),Supreme,4 inch,meter / piece,Rs.125 - Rs.234,"Supreme PVC Rain Gutter, size 4 inch, used for rainwater collection and drainage off the roof.",https://placehold.co/400x300/6B4F4F/FFFFFF?text=Supreme+PVC+Rain+Gutter+%284+inch%29
MAT02568,Roofing & Insulation,Rainwater & Guttering,PVC Rain Gutter (4 inch),Astral,4 inch,meter / piece,Rs.125 - Rs.234,"Astral PVC Rain Gutter, size 4 inch, used for rainwater collection and drainage off the roof.",https://placehold.co/400x300/6B4F4F/FFFFFF?text=Astral+PVC+Rain+Gutter+%284+inch%29
MAT02569,Roofing & Insulation,Rainwater & Guttering,PVC Rain Gutter (4 inch),Plasto,4 inch,meter / piece,Rs.125 - Rs.234,"Plasto PVC Rain Gutter, size 4 inch, used for rainwater collection and drainage off the roof.",https://placehold.co/400x300/6B4F4F/FFFFFF?text=Plasto+PVC+Rain+Gutter+%284+inch%29
MAT02570,Roofing & Insulation,Rainwater & Guttering,PVC Rain Gutter (4 inch),Sintex,4 inch,meter / piece,Rs.125 - Rs.234,"Sintex PVC Rain Gutter, size 4 inch, used for rainwater collection and drainage off the roof.",https://placehold.co/400x300/6B4F4F/FFFFFF?text=Sintex+PVC+Rain+Gutter+%284+inch%29
MAT02571,Roofing & Insulation,Rainwater & Guttering,PVC Rain Gutter (5 inch),Ashirvad,5 inch,meter / piece,Rs.125 - Rs.234,"Ashirvad PVC Rain Gutter, size 5 inch, used for rainwater collection and drainage off the roof.",https://placehold.co/400x300/6B4F4F/FFFFFF?text=Ashirvad+PVC+Rain+Gutter+%285+inch%29
MAT02572,Roofing & Insulation,Rainwater & Guttering,PVC Rain Gutter (5 inch),Supreme,5 inch,meter / piece,Rs.125 - Rs.234,"Supreme PVC Rain Gutter, size 5 inch, used for rainwater collection and drainage off the roof.",https://placehold.co/400x300/6B4F4F/FFFFFF?text=Supreme+PVC+Rain+Gutter+%285+inch%29
MAT02573,Roofing & Insulation,Rainwater & Guttering,PVC Rain Gutter (5 inch),Astral,5 inch,meter / piece,Rs.125 - Rs.234,"Astral PVC Rain Gutter, size 5 inch, used for rainwater collection and drainage off the roof.",https://placehold.co/400x300/6B4F4F/FFFFFF?text=Astral+PVC+Rain+Gutter+%285+inch%29
MAT02574,Roofing & Insulation,Rainwater & Guttering,PVC Rain Gutter (5 inch),Plasto,5 inch,meter / piece,Rs.125 - Rs.234,"Plasto PVC Rain Gutter, size 5 inch, used for rainwater collection and drainage off the roof.",https://placehold.co/400x300/6B4F4F/FFFFFF?text=Plasto+PVC+Rain+Gutter+%285+inch%29
MAT02575,Roofing & Insulation,Rainwater & Guttering,PVC Rain Gutter (5 inch),Sintex,5 inch,meter / piece,Rs.125 - Rs.234,"Sintex PVC Rain Gutter, size 5 inch, used for rainwater collection and drainage off the roof.",https://placehold.co/400x300/6B4F4F/FFFFFF?text=Sintex+PVC+Rain+Gutter+%285+inch%29
MAT02576,Roofing & Insulation,Rainwater & Guttering,PVC Rain Gutter (6 inch),Ashirvad,6 inch,meter / piece,Rs.125 - Rs.234,"Ashirvad PVC Rain Gutter, size 6 inch, used for rainwater collection and drainage off the roof.",https://placehold.co/400x300/6B4F4F/FFFFFF?text=Ashirvad+PVC+Rain+Gutter+%286+inch%29
MAT02577,Roofing & Insulation,Rainwater & Guttering,PVC Rain Gutter (6 inch),Supreme,6 inch,meter / piece,Rs.125 - Rs.234,"Supreme PVC Rain Gutter, size 6 inch, used for rainwater collection and drainage off the roof.",https://placehold.co/400x300/6B4F4F/FFFFFF?text=Supreme+PVC+Rain+Gutter+%286+inch%29
MAT02578,Roofing & Insulation,Rainwater & Guttering,PVC Rain Gutter (6 inch),Astral,6 inch,meter / piece,Rs.125 - Rs.234,"Astral PVC Rain Gutter, size 6 inch, used for rainwater collection and drainage off the roof.",https://placehold.co/400x300/6B4F4F/FFFFFF?text=Astral+PVC+Rain+Gutter+%286+inch%29
MAT02579,Roofing & Insulation,Rainwater & Guttering,PVC Rain Gutter (6 inch),Plasto,6 inch,meter / piece,Rs.125 - Rs.234,"Plasto PVC Rain Gutter, size 6 inch, used for rainwater collection and drainage off the roof.",https://placehold.co/400x300/6B4F4F/FFFFFF?text=Plasto+PVC+Rain+Gutter+%286+inch%29
MAT02580,Roofing & Insulation,Rainwater & Guttering,PVC Rain Gutter (6 inch),Sintex,6 inch,meter / piece,Rs.125 - Rs.234,"Sintex PVC Rain Gutter, size 6 inch, used for rainwater collection and drainage off the roof.",https://placehold.co/400x300/6B4F4F/FFFFFF?text=Sintex+PVC+Rain+Gutter+%286+inch%29
MAT02581,Roofing & Insulation,Rainwater & Guttering,Aluminium Rain Gutter (3 inch),Ashirvad,3 inch,meter / piece,Rs.125 - Rs.234,"Ashirvad Aluminium Rain Gutter, size 3 inch, used for rainwater collection and drainage off the roof.",https://placehold.co/400x300/6B4F4F/FFFFFF?text=Ashirvad+Aluminium+Rain+Gutter+%283+inch%29
MAT02582,Roofing & Insulation,Rainwater & Guttering,Aluminium Rain Gutter (3 inch),Supreme,3 inch,meter / piece,Rs.125 - Rs.234,"Supreme Aluminium Rain Gutter, size 3 inch, used for rainwater collection and drainage off the roof.",https://placehold.co/400x300/6B4F4F/FFFFFF?text=Supreme+Aluminium+Rain+Gutter+%283+inch%29
MAT02583,Roofing & Insulation,Rainwater & Guttering,Aluminium Rain Gutter (3 inch),Astral,3 inch,meter / piece,Rs.125 - Rs.234,"Astral Aluminium Rain Gutter, size 3 inch, used for rainwater collection and drainage off the roof.",https://placehold.co/400x300/6B4F4F/FFFFFF?text=Astral+Aluminium+Rain+Gutter+%283+inch%29
MAT02584,Roofing & Insulation,Rainwater & Guttering,Aluminium Rain Gutter (3 inch),Plasto,3 inch,meter / piece,Rs.125 - Rs.234,"Plasto Aluminium Rain Gutter, size 3 inch, used for rainwater collection and drainage off the roof.",https://placehold.co/400x300/6B4F4F/FFFFFF?text=Plasto+Aluminium+Rain+Gutter+%283+inch%29
MAT02585,Roofing & Insulation,Rainwater & Guttering,Aluminium Rain Gutter (3 inch),Sintex,3 inch,meter / piece,Rs.125 - Rs.234,"Sintex Aluminium Rain Gutter, size 3 inch, used for rainwater collection and drainage off the roof.",https://placehold.co/400x300/6B4F4F/FFFFFF?text=Sintex+Aluminium+Rain+Gutter+%283+inch%29
MAT02586,Roofing & Insulation,Rainwater & Guttering,Aluminium Rain Gutter (4 inch),Ashirvad,4 inch,meter / piece,Rs.125 - Rs.234,"Ashirvad Aluminium Rain Gutter, size 4 inch, used for rainwater collection and drainage off the roof.",https://placehold.co/400x300/6B4F4F/FFFFFF?text=Ashirvad+Aluminium+Rain+Gutter+%284+inch%29
MAT02587,Roofing & Insulation,Rainwater & Guttering,Aluminium Rain Gutter (4 inch),Supreme,4 inch,meter / piece,Rs.125 - Rs.234,"Supreme Aluminium Rain Gutter, size 4 inch, used for rainwater collection and drainage off the roof.",https://placehold.co/400x300/6B4F4F/FFFFFF?text=Supreme+Aluminium+Rain+Gutter+%284+inch%29
MAT02588,Roofing & Insulation,Rainwater & Guttering,Aluminium Rain Gutter (4 inch),Astral,4 inch,meter / piece,Rs.125 - Rs.234,"Astral Aluminium Rain Gutter, size 4 inch, used for rainwater collection and drainage off the roof.",https://placehold.co/400x300/6B4F4F/FFFFFF?text=Astral+Aluminium+Rain+Gutter+%284+inch%29
MAT02589,Roofing & Insulation,Rainwater & Guttering,Aluminium Rain Gutter (4 inch),Plasto,4 inch,meter / piece,Rs.125 - Rs.234,"Plasto Aluminium Rain Gutter, size 4 inch, used for rainwater collection and drainage off the roof.",https://placehold.co/400x300/6B4F4F/FFFFFF?text=Plasto+Aluminium+Rain+Gutter+%284+inch%29
MAT02590,Roofing & Insulation,Rainwater & Guttering,Aluminium Rain Gutter (4 inch),Sintex,4 inch,meter / piece,Rs.125 - Rs.234,"Sintex Aluminium Rain Gutter, size 4 inch, used for rainwater collection and drainage off the roof.",https://placehold.co/400x300/6B4F4F/FFFFFF?text=Sintex+Aluminium+Rain+Gutter+%284+inch%29
MAT02591,Roofing & Insulation,Rainwater & Guttering,Aluminium Rain Gutter (5 inch),Ashirvad,5 inch,meter / piece,Rs.125 - Rs.234,"Ashirvad Aluminium Rain Gutter, size 5 inch, used for rainwater collection and drainage off the roof.",https://placehold.co/400x300/6B4F4F/FFFFFF?text=Ashirvad+Aluminium+Rain+Gutter+%285+inch%29
MAT02592,Roofing & Insulation,Rainwater & Guttering,Aluminium Rain Gutter (5 inch),Supreme,5 inch,meter / piece,Rs.125 - Rs.234,"Supreme Aluminium Rain Gutter, size 5 inch, used for rainwater collection and drainage off the roof.",https://placehold.co/400x300/6B4F4F/FFFFFF?text=Supreme+Aluminium+Rain+Gutter+%285+inch%29
MAT02593,Roofing & Insulation,Rainwater & Guttering,Aluminium Rain Gutter (5 inch),Astral,5 inch,meter / piece,Rs.125 - Rs.234,"Astral Aluminium Rain Gutter, size 5 inch, used for rainwater collection and drainage off the roof.",https://placehold.co/400x300/6B4F4F/FFFFFF?text=Astral+Aluminium+Rain+Gutter+%285+inch%29
MAT02594,Roofing & Insulation,Rainwater & Guttering,Aluminium Rain Gutter (5 inch),Plasto,5 inch,meter / piece,Rs.125 - Rs.234,"Plasto Aluminium Rain Gutter, size 5 inch, used for rainwater collection and drainage off the roof.",https://placehold.co/400x300/6B4F4F/FFFFFF?text=Plasto+Aluminium+Rain+Gutter+%285+inch%29
MAT02595,Roofing & Insulation,Rainwater & Guttering,Aluminium Rain Gutter (5 inch),Sintex,5 inch,meter / piece,Rs.125 - Rs.234,"Sintex Aluminium Rain Gutter, size 5 inch, used for rainwater collection and drainage off the roof.",https://placehold.co/400x300/6B4F4F/FFFFFF?text=Sintex+Aluminium+Rain+Gutter+%285+inch%29
MAT02596,Roofing & Insulation,Rainwater & Guttering,Aluminium Rain Gutter (6 inch),Ashirvad,6 inch,meter / piece,Rs.125 - Rs.234,"Ashirvad Aluminium Rain Gutter, size 6 inch, used for rainwater collection and drainage off the roof.",https://placehold.co/400x300/6B4F4F/FFFFFF?text=Ashirvad+Aluminium+Rain+Gutter+%286+inch%29
MAT02597,Roofing & Insulation,Rainwater & Guttering,Aluminium Rain Gutter (6 inch),Supreme,6 inch,meter / piece,Rs.125 - Rs.234,"Supreme Aluminium Rain Gutter, size 6 inch, used for rainwater collection and drainage off the roof.",https://placehold.co/400x300/6B4F4F/FFFFFF?text=Supreme+Aluminium+Rain+Gutter+%286+inch%29
MAT02598,Roofing & Insulation,Rainwater & Guttering,Aluminium Rain Gutter (6 inch),Astral,6 inch,meter / piece,Rs.125 - Rs.234,"Astral Aluminium Rain Gutter, size 6 inch, used for rainwater collection and drainage off the roof.",https://placehold.co/400x300/6B4F4F/FFFFFF?text=Astral+Aluminium+Rain+Gutter+%286+inch%29
MAT02599,Roofing & Insulation,Rainwater & Guttering,Aluminium Rain Gutter (6 inch),Plasto,6 inch,meter / piece,Rs.125 - Rs.234,"Plasto Aluminium Rain Gutter, size 6 inch, used for rainwater collection and drainage off the roof.",https://placehold.co/400x300/6B4F4F/FFFFFF?text=Plasto+Aluminium+Rain+Gutter+%286+inch%29
MAT02600,Roofing & Insulation,Rainwater & Guttering,Aluminium Rain Gutter (6 inch),Sintex,6 inch,meter / piece,Rs.125 - Rs.234,"Sintex Aluminium Rain Gutter, size 6 inch, used for rainwater collection and drainage off the roof.",https://placehold.co/400x300/6B4F4F/FFFFFF?text=Sintex+Aluminium+Rain+Gutter+%286+inch%29
MAT02601,Roofing & Insulation,Rainwater & Guttering,Downpipe (3 inch),Ashirvad,3 inch,meter / piece,Rs.125 - Rs.234,"Ashirvad Downpipe, size 3 inch, used for rainwater collection and drainage off the roof.",https://placehold.co/400x300/6B4F4F/FFFFFF?text=Ashirvad+Downpipe+%283+inch%29
MAT02602,Roofing & Insulation,Rainwater & Guttering,Downpipe (3 inch),Supreme,3 inch,meter / piece,Rs.125 - Rs.234,"Supreme Downpipe, size 3 inch, used for rainwater collection and drainage off the roof.",https://placehold.co/400x300/6B4F4F/FFFFFF?text=Supreme+Downpipe+%283+inch%29
MAT02603,Roofing & Insulation,Rainwater & Guttering,Downpipe (3 inch),Astral,3 inch,meter / piece,Rs.125 - Rs.234,"Astral Downpipe, size 3 inch, used for rainwater collection and drainage off the roof.",https://placehold.co/400x300/6B4F4F/FFFFFF?text=Astral+Downpipe+%283+inch%29
MAT02604,Roofing & Insulation,Rainwater & Guttering,Downpipe (3 inch),Plasto,3 inch,meter / piece,Rs.125 - Rs.234,"Plasto Downpipe, size 3 inch, used for rainwater collection and drainage off the roof.",https://placehold.co/400x300/6B4F4F/FFFFFF?text=Plasto+Downpipe+%283+inch%29
MAT02605,Roofing & Insulation,Rainwater & Guttering,Downpipe (3 inch),Sintex,3 inch,meter / piece,Rs.125 - Rs.234,"Sintex Downpipe, size 3 inch, used for rainwater collection and drainage off the roof.",https://placehold.co/400x300/6B4F4F/FFFFFF?text=Sintex+Downpipe+%283+inch%29
MAT02606,Roofing & Insulation,Rainwater & Guttering,Downpipe (4 inch),Ashirvad,4 inch,meter / piece,Rs.125 - Rs.234,"Ashirvad Downpipe, size 4 inch, used for rainwater collection and drainage off the roof.",https://placehold.co/400x300/6B4F4F/FFFFFF?text=Ashirvad+Downpipe+%284+inch%29
MAT02607,Roofing & Insulation,Rainwater & Guttering,Downpipe (4 inch),Supreme,4 inch,meter / piece,Rs.125 - Rs.234,"Supreme Downpipe, size 4 inch, used for rainwater collection and drainage off the roof.",https://placehold.co/400x300/6B4F4F/FFFFFF?text=Supreme+Downpipe+%284+inch%29
MAT02608,Roofing & Insulation,Rainwater & Guttering,Downpipe (4 inch),Astral,4 inch,meter / piece,Rs.125 - Rs.234,"Astral Downpipe, size 4 inch, used for rainwater collection and drainage off the roof.",https://placehold.co/400x300/6B4F4F/FFFFFF?text=Astral+Downpipe+%284+inch%29
MAT02609,Roofing & Insulation,Rainwater & Guttering,Downpipe (4 inch),Plasto,4 inch,meter / piece,Rs.125 - Rs.234,"Plasto Downpipe, size 4 inch, used for rainwater collection and drainage off the roof.",https://placehold.co/400x300/6B4F4F/FFFFFF?text=Plasto+Downpipe+%284+inch%29
MAT02610,Roofing & Insulation,Rainwater & Guttering,Downpipe (4 inch),Sintex,4 inch,meter / piece,Rs.125 - Rs.234,"Sintex Downpipe, size 4 inch, used for rainwater collection and drainage off the roof.",https://placehold.co/400x300/6B4F4F/FFFFFF?text=Sintex+Downpipe+%284+inch%29
MAT02611,Roofing & Insulation,Rainwater & Guttering,Downpipe (5 inch),Ashirvad,5 inch,meter / piece,Rs.125 - Rs.234,"Ashirvad Downpipe, size 5 inch, used for rainwater collection and drainage off the roof.",https://placehold.co/400x300/6B4F4F/FFFFFF?text=Ashirvad+Downpipe+%285+inch%29
MAT02612,Roofing & Insulation,Rainwater & Guttering,Downpipe (5 inch),Supreme,5 inch,meter / piece,Rs.125 - Rs.234,"Supreme Downpipe, size 5 inch, used for rainwater collection and drainage off the roof.",https://placehold.co/400x300/6B4F4F/FFFFFF?text=Supreme+Downpipe+%285+inch%29
MAT02613,Roofing & Insulation,Rainwater & Guttering,Downpipe (5 inch),Astral,5 inch,meter / piece,Rs.125 - Rs.234,"Astral Downpipe, size 5 inch, used for rainwater collection and drainage off the roof.",https://placehold.co/400x300/6B4F4F/FFFFFF?text=Astral+Downpipe+%285+inch%29
MAT02614,Roofing & Insulation,Rainwater & Guttering,Downpipe (5 inch),Plasto,5 inch,meter / piece,Rs.125 - Rs.234,"Plasto Downpipe, size 5 inch, used for rainwater collection and drainage off the roof.",https://placehold.co/400x300/6B4F4F/FFFFFF?text=Plasto+Downpipe+%285+inch%29
MAT02615,Roofing & Insulation,Rainwater & Guttering,Downpipe (5 inch),Sintex,5 inch,meter / piece,Rs.125 - Rs.234,"Sintex Downpipe, size 5 inch, used for rainwater collection and drainage off the roof.",https://placehold.co/400x300/6B4F4F/FFFFFF?text=Sintex+Downpipe+%285+inch%29
MAT02616,Roofing & Insulation,Rainwater & Guttering,Downpipe (6 inch),Ashirvad,6 inch,meter / piece,Rs.125 - Rs.234,"Ashirvad Downpipe, size 6 inch, used for rainwater collection and drainage off the roof.",https://placehold.co/400x300/6B4F4F/FFFFFF?text=Ashirvad+Downpipe+%286+inch%29
MAT02617,Roofing & Insulation,Rainwater & Guttering,Downpipe (6 inch),Supreme,6 inch,meter / piece,Rs.125 - Rs.234,"Supreme Downpipe, size 6 inch, used for rainwater collection and drainage off the roof.",https://placehold.co/400x300/6B4F4F/FFFFFF?text=Supreme+Downpipe+%286+inch%29
MAT02618,Roofing & Insulation,Rainwater & Guttering,Downpipe (6 inch),Astral,6 inch,meter / piece,Rs.125 - Rs.234,"Astral Downpipe, size 6 inch, used for rainwater collection and drainage off the roof.",https://placehold.co/400x300/6B4F4F/FFFFFF?text=Astral+Downpipe+%286+inch%29
MAT02619,Roofing & Insulation,Rainwater & Guttering,Downpipe (6 inch),Plasto,6 inch,meter / piece,Rs.125 - Rs.234,"Plasto Downpipe, size 6 inch, used for rainwater collection and drainage off the roof.",https://placehold.co/400x300/6B4F4F/FFFFFF?text=Plasto+Downpipe+%286+inch%29
MAT02620,Roofing & Insulation,Rainwater & Guttering,Downpipe (6 inch),Sintex,6 inch,meter / piece,Rs.125 - Rs.234,"Sintex Downpipe, size 6 inch, used for rainwater collection and drainage off the roof.",https://placehold.co/400x300/6B4F4F/FFFFFF?text=Sintex+Downpipe+%286+inch%29
MAT02621,Roofing & Insulation,Rainwater & Guttering,Gutter Bracket (3 inch),Ashirvad,3 inch,meter / piece,Rs.125 - Rs.234,"Ashirvad Gutter Bracket, size 3 inch, used for rainwater collection and drainage off the roof.",https://placehold.co/400x300/6B4F4F/FFFFFF?text=Ashirvad+Gutter+Bracket+%283+inch%29
MAT02622,Roofing & Insulation,Rainwater & Guttering,Gutter Bracket (3 inch),Supreme,3 inch,meter / piece,Rs.125 - Rs.234,"Supreme Gutter Bracket, size 3 inch, used for rainwater collection and drainage off the roof.",https://placehold.co/400x300/6B4F4F/FFFFFF?text=Supreme+Gutter+Bracket+%283+inch%29
MAT02623,Roofing & Insulation,Rainwater & Guttering,Gutter Bracket (3 inch),Astral,3 inch,meter / piece,Rs.125 - Rs.234,"Astral Gutter Bracket, size 3 inch, used for rainwater collection and drainage off the roof.",https://placehold.co/400x300/6B4F4F/FFFFFF?text=Astral+Gutter+Bracket+%283+inch%29
MAT02624,Roofing & Insulation,Rainwater & Guttering,Gutter Bracket (3 inch),Plasto,3 inch,meter / piece,Rs.125 - Rs.234,"Plasto Gutter Bracket, size 3 inch, used for rainwater collection and drainage off the roof.",https://placehold.co/400x300/6B4F4F/FFFFFF?text=Plasto+Gutter+Bracket+%283+inch%29
MAT02625,Roofing & Insulation,Rainwater & Guttering,Gutter Bracket (3 inch),Sintex,3 inch,meter / piece,Rs.125 - Rs.234,"Sintex Gutter Bracket, size 3 inch, used for rainwater collection and drainage off the roof.",https://placehold.co/400x300/6B4F4F/FFFFFF?text=Sintex+Gutter+Bracket+%283+inch%29
MAT02626,Roofing & Insulation,Rainwater & Guttering,Gutter Bracket (4 inch),Ashirvad,4 inch,meter / piece,Rs.125 - Rs.234,"Ashirvad Gutter Bracket, size 4 inch, used for rainwater collection and drainage off the roof.",https://placehold.co/400x300/6B4F4F/FFFFFF?text=Ashirvad+Gutter+Bracket+%284+inch%29
MAT02627,Roofing & Insulation,Rainwater & Guttering,Gutter Bracket (4 inch),Supreme,4 inch,meter / piece,Rs.125 - Rs.234,"Supreme Gutter Bracket, size 4 inch, used for rainwater collection and drainage off the roof.",https://placehold.co/400x300/6B4F4F/FFFFFF?text=Supreme+Gutter+Bracket+%284+inch%29
MAT02628,Roofing & Insulation,Rainwater & Guttering,Gutter Bracket (4 inch),Astral,4 inch,meter / piece,Rs.125 - Rs.234,"Astral Gutter Bracket, size 4 inch, used for rainwater collection and drainage off the roof.",https://placehold.co/400x300/6B4F4F/FFFFFF?text=Astral+Gutter+Bracket+%284+inch%29
MAT02629,Roofing & Insulation,Rainwater & Guttering,Gutter Bracket (4 inch),Plasto,4 inch,meter / piece,Rs.125 - Rs.234,"Plasto Gutter Bracket, size 4 inch, used for rainwater collection and drainage off the roof.",https://placehold.co/400x300/6B4F4F/FFFFFF?text=Plasto+Gutter+Bracket+%284+inch%29
MAT02630,Roofing & Insulation,Rainwater & Guttering,Gutter Bracket (4 inch),Sintex,4 inch,meter / piece,Rs.125 - Rs.234,"Sintex Gutter Bracket, size 4 inch, used for rainwater collection and drainage off the roof.",https://placehold.co/400x300/6B4F4F/FFFFFF?text=Sintex+Gutter+Bracket+%284+inch%29
MAT02631,Roofing & Insulation,Rainwater & Guttering,Gutter Bracket (5 inch),Ashirvad,5 inch,meter / piece,Rs.125 - Rs.234,"Ashirvad Gutter Bracket, size 5 inch, used for rainwater collection and drainage off the roof.",https://placehold.co/400x300/6B4F4F/FFFFFF?text=Ashirvad+Gutter+Bracket+%285+inch%29
MAT02632,Roofing & Insulation,Rainwater & Guttering,Gutter Bracket (5 inch),Supreme,5 inch,meter / piece,Rs.125 - Rs.234,"Supreme Gutter Bracket, size 5 inch, used for rainwater collection and drainage off the roof.",https://placehold.co/400x300/6B4F4F/FFFFFF?text=Supreme+Gutter+Bracket+%285+inch%29
MAT02633,Roofing & Insulation,Rainwater & Guttering,Gutter Bracket (5 inch),Astral,5 inch,meter / piece,Rs.125 - Rs.234,"Astral Gutter Bracket, size 5 inch, used for rainwater collection and drainage off the roof.",https://placehold.co/400x300/6B4F4F/FFFFFF?text=Astral+Gutter+Bracket+%285+inch%29
MAT02634,Roofing & Insulation,Rainwater & Guttering,Gutter Bracket (5 inch),Plasto,5 inch,meter / piece,Rs.125 - Rs.234,"Plasto Gutter Bracket, size 5 inch, used for rainwater collection and drainage off the roof.",https://placehold.co/400x300/6B4F4F/FFFFFF?text=Plasto+Gutter+Bracket+%285+inch%29
MAT02635,Roofing & Insulation,Rainwater & Guttering,Gutter Bracket (5 inch),Sintex,5 inch,meter / piece,Rs.125 - Rs.234,"Sintex Gutter Bracket, size 5 inch, used for rainwater collection and drainage off the roof.",https://placehold.co/400x300/6B4F4F/FFFFFF?text=Sintex+Gutter+Bracket+%285+inch%29
MAT02636,Roofing & Insulation,Rainwater & Guttering,Gutter Bracket (6 inch),Ashirvad,6 inch,meter / piece,Rs.125 - Rs.234,"Ashirvad Gutter Bracket, size 6 inch, used for rainwater collection and drainage off the roof.",https://placehold.co/400x300/6B4F4F/FFFFFF?text=Ashirvad+Gutter+Bracket+%286+inch%29
MAT02637,Roofing & Insulation,Rainwater & Guttering,Gutter Bracket (6 inch),Supreme,6 inch,meter / piece,Rs.125 - Rs.234,"Supreme Gutter Bracket, size 6 inch, used for rainwater collection and drainage off the roof.",https://placehold.co/400x300/6B4F4F/FFFFFF?text=Supreme+Gutter+Bracket+%286+inch%29
MAT02638,Roofing & Insulation,Rainwater & Guttering,Gutter Bracket (6 inch),Astral,6 inch,meter / piece,Rs.125 - Rs.234,"Astral Gutter Bracket, size 6 inch, used for rainwater collection and drainage off the roof.",https://placehold.co/400x300/6B4F4F/FFFFFF?text=Astral+Gutter+Bracket+%286+inch%29
MAT02639,Roofing & Insulation,Rainwater & Guttering,Gutter Bracket (6 inch),Plasto,6 inch,meter / piece,Rs.125 - Rs.234,"Plasto Gutter Bracket, size 6 inch, used for rainwater collection and drainage off the roof.",https://placehold.co/400x300/6B4F4F/FFFFFF?text=Plasto+Gutter+Bracket+%286+inch%29
MAT02640,Roofing & Insulation,Rainwater & Guttering,Gutter Bracket (6 inch),Sintex,6 inch,meter / piece,Rs.125 - Rs.234,"Sintex Gutter Bracket, size 6 inch, used for rainwater collection and drainage off the roof.",https://placehold.co/400x300/6B4F4F/FFFFFF?text=Sintex+Gutter+Bracket+%286+inch%29
MAT02641,Roofing & Insulation,Rainwater & Guttering,Rainwater Harvesting Filter (3 inch),Ashirvad,3 inch,meter / piece,Rs.125 - Rs.234,"Ashirvad Rainwater Harvesting Filter, size 3 inch, used for rainwater collection and drainage off the roof.",https://placehold.co/400x300/6B4F4F/FFFFFF?text=Ashirvad+Rainwater+Harvesting+Filter+%283+inch%29
MAT02642,Roofing & Insulation,Rainwater & Guttering,Rainwater Harvesting Filter (3 inch),Supreme,3 inch,meter / piece,Rs.125 - Rs.234,"Supreme Rainwater Harvesting Filter, size 3 inch, used for rainwater collection and drainage off the roof.",https://placehold.co/400x300/6B4F4F/FFFFFF?text=Supreme+Rainwater+Harvesting+Filter+%283+inch%29
MAT02643,Roofing & Insulation,Rainwater & Guttering,Rainwater Harvesting Filter (3 inch),Astral,3 inch,meter / piece,Rs.125 - Rs.234,"Astral Rainwater Harvesting Filter, size 3 inch, used for rainwater collection and drainage off the roof.",https://placehold.co/400x300/6B4F4F/FFFFFF?text=Astral+Rainwater+Harvesting+Filter+%283+inch%29
MAT02644,Roofing & Insulation,Rainwater & Guttering,Rainwater Harvesting Filter (3 inch),Plasto,3 inch,meter / piece,Rs.125 - Rs.234,"Plasto Rainwater Harvesting Filter, size 3 inch, used for rainwater collection and drainage off the roof.",https://placehold.co/400x300/6B4F4F/FFFFFF?text=Plasto+Rainwater+Harvesting+Filter+%283+inch%29
MAT02645,Roofing & Insulation,Rainwater & Guttering,Rainwater Harvesting Filter (3 inch),Sintex,3 inch,meter / piece,Rs.125 - Rs.234,"Sintex Rainwater Harvesting Filter, size 3 inch, used for rainwater collection and drainage off the roof.",https://placehold.co/400x300/6B4F4F/FFFFFF?text=Sintex+Rainwater+Harvesting+Filter+%283+inch%29
MAT02646,Roofing & Insulation,Rainwater & Guttering,Rainwater Harvesting Filter (4 inch),Ashirvad,4 inch,meter / piece,Rs.125 - Rs.234,"Ashirvad Rainwater Harvesting Filter, size 4 inch, used for rainwater collection and drainage off the roof.",https://placehold.co/400x300/6B4F4F/FFFFFF?text=Ashirvad+Rainwater+Harvesting+Filter+%284+inch%29
MAT02647,Roofing & Insulation,Rainwater & Guttering,Rainwater Harvesting Filter (4 inch),Supreme,4 inch,meter / piece,Rs.125 - Rs.234,"Supreme Rainwater Harvesting Filter, size 4 inch, used for rainwater collection and drainage off the roof.",https://placehold.co/400x300/6B4F4F/FFFFFF?text=Supreme+Rainwater+Harvesting+Filter+%284+inch%29
MAT02648,Roofing & Insulation,Rainwater & Guttering,Rainwater Harvesting Filter (4 inch),Astral,4 inch,meter / piece,Rs.125 - Rs.234,"Astral Rainwater Harvesting Filter, size 4 inch, used for rainwater collection and drainage off the roof.",https://placehold.co/400x300/6B4F4F/FFFFFF?text=Astral+Rainwater+Harvesting+Filter+%284+inch%29
MAT02649,Roofing & Insulation,Rainwater & Guttering,Rainwater Harvesting Filter (4 inch),Plasto,4 inch,meter / piece,Rs.125 - Rs.234,"Plasto Rainwater Harvesting Filter, size 4 inch, used for rainwater collection and drainage off the roof.",https://placehold.co/400x300/6B4F4F/FFFFFF?text=Plasto+Rainwater+Harvesting+Filter+%284+inch%29
MAT02650,Roofing & Insulation,Rainwater & Guttering,Rainwater Harvesting Filter (4 inch),Sintex,4 inch,meter / piece,Rs.125 - Rs.234,"Sintex Rainwater Harvesting Filter, size 4 inch, used for rainwater collection and drainage off the roof.",https://placehold.co/400x300/6B4F4F/FFFFFF?text=Sintex+Rainwater+Harvesting+Filter+%284+inch%29
MAT02651,Roofing & Insulation,Rainwater & Guttering,Rainwater Harvesting Filter (5 inch),Ashirvad,5 inch,meter / piece,Rs.125 - Rs.234,"Ashirvad Rainwater Harvesting Filter, size 5 inch, used for rainwater collection and drainage off the roof.",https://placehold.co/400x300/6B4F4F/FFFFFF?text=Ashirvad+Rainwater+Harvesting+Filter+%285+inch%29
MAT02652,Roofing & Insulation,Rainwater & Guttering,Rainwater Harvesting Filter (5 inch),Supreme,5 inch,meter / piece,Rs.125 - Rs.234,"Supreme Rainwater Harvesting Filter, size 5 inch, used for rainwater collection and drainage off the roof.",https://placehold.co/400x300/6B4F4F/FFFFFF?text=Supreme+Rainwater+Harvesting+Filter+%285+inch%29
MAT02653,Roofing & Insulation,Rainwater & Guttering,Rainwater Harvesting Filter (5 inch),Astral,5 inch,meter / piece,Rs.125 - Rs.234,"Astral Rainwater Harvesting Filter, size 5 inch, used for rainwater collection and drainage off the roof.",https://placehold.co/400x300/6B4F4F/FFFFFF?text=Astral+Rainwater+Harvesting+Filter+%285+inch%29
MAT02654,Roofing & Insulation,Rainwater & Guttering,Rainwater Harvesting Filter (5 inch),Plasto,5 inch,meter / piece,Rs.125 - Rs.234,"Plasto Rainwater Harvesting Filter, size 5 inch, used for rainwater collection and drainage off the roof.",https://placehold.co/400x300/6B4F4F/FFFFFF?text=Plasto+Rainwater+Harvesting+Filter+%285+inch%29
MAT02655,Roofing & Insulation,Rainwater & Guttering,Rainwater Harvesting Filter (5 inch),Sintex,5 inch,meter / piece,Rs.125 - Rs.234,"Sintex Rainwater Harvesting Filter, size 5 inch, used for rainwater collection and drainage off the roof.",https://placehold.co/400x300/6B4F4F/FFFFFF?text=Sintex+Rainwater+Harvesting+Filter+%285+inch%29
MAT02656,Roofing & Insulation,Rainwater & Guttering,Rainwater Harvesting Filter (6 inch),Ashirvad,6 inch,meter / piece,Rs.125 - Rs.234,"Ashirvad Rainwater Harvesting Filter, size 6 inch, used for rainwater collection and drainage off the roof.",https://placehold.co/400x300/6B4F4F/FFFFFF?text=Ashirvad+Rainwater+Harvesting+Filter+%286+inch%29
MAT02657,Roofing & Insulation,Rainwater & Guttering,Rainwater Harvesting Filter (6 inch),Supreme,6 inch,meter / piece,Rs.125 - Rs.234,"Supreme Rainwater Harvesting Filter, size 6 inch, used for rainwater collection and drainage off the roof.",https://placehold.co/400x300/6B4F4F/FFFFFF?text=Supreme+Rainwater+Harvesting+Filter+%286+inch%29
MAT02658,Roofing & Insulation,Rainwater & Guttering,Rainwater Harvesting Filter (6 inch),Astral,6 inch,meter / piece,Rs.125 - Rs.234,"Astral Rainwater Harvesting Filter, size 6 inch, used for rainwater collection and drainage off the roof.",https://placehold.co/400x300/6B4F4F/FFFFFF?text=Astral+Rainwater+Harvesting+Filter+%286+inch%29
MAT02659,Roofing & Insulation,Rainwater & Guttering,Rainwater Harvesting Filter (6 inch),Plasto,6 inch,meter / piece,Rs.125 - Rs.234,"Plasto Rainwater Harvesting Filter, size 6 inch, used for rainwater collection and drainage off the roof.",https://placehold.co/400x300/6B4F4F/FFFFFF?text=Plasto+Rainwater+Harvesting+Filter+%286+inch%29
MAT02660,Roofing & Insulation,Rainwater & Guttering,Rainwater Harvesting Filter (6 inch),Sintex,6 inch,meter / piece,Rs.125 - Rs.234,"Sintex Rainwater Harvesting Filter, size 6 inch, used for rainwater collection and drainage off the roof.",https://placehold.co/400x300/6B4F4F/FFFFFF?text=Sintex+Rainwater+Harvesting+Filter+%286+inch%29
MAT02661,Roofing & Insulation,Rainwater & Guttering,Rooftop Drain Outlet (3 inch),Ashirvad,3 inch,meter / piece,Rs.125 - Rs.234,"Ashirvad Rooftop Drain Outlet, size 3 inch, used for rainwater collection and drainage off the roof.",https://placehold.co/400x300/6B4F4F/FFFFFF?text=Ashirvad+Rooftop+Drain+Outlet+%283+inch%29
MAT02662,Roofing & Insulation,Rainwater & Guttering,Rooftop Drain Outlet (3 inch),Supreme,3 inch,meter / piece,Rs.125 - Rs.234,"Supreme Rooftop Drain Outlet, size 3 inch, used for rainwater collection and drainage off the roof.",https://placehold.co/400x300/6B4F4F/FFFFFF?text=Supreme+Rooftop+Drain+Outlet+%283+inch%29
MAT02663,Roofing & Insulation,Rainwater & Guttering,Rooftop Drain Outlet (3 inch),Astral,3 inch,meter / piece,Rs.125 - Rs.234,"Astral Rooftop Drain Outlet, size 3 inch, used for rainwater collection and drainage off the roof.",https://placehold.co/400x300/6B4F4F/FFFFFF?text=Astral+Rooftop+Drain+Outlet+%283+inch%29
MAT02664,Roofing & Insulation,Rainwater & Guttering,Rooftop Drain Outlet (3 inch),Plasto,3 inch,meter / piece,Rs.125 - Rs.234,"Plasto Rooftop Drain Outlet, size 3 inch, used for rainwater collection and drainage off the roof.",https://placehold.co/400x300/6B4F4F/FFFFFF?text=Plasto+Rooftop+Drain+Outlet+%283+inch%29
MAT02665,Roofing & Insulation,Rainwater & Guttering,Rooftop Drain Outlet (3 inch),Sintex,3 inch,meter / piece,Rs.125 - Rs.234,"Sintex Rooftop Drain Outlet, size 3 inch, used for rainwater collection and drainage off the roof.",https://placehold.co/400x300/6B4F4F/FFFFFF?text=Sintex+Rooftop+Drain+Outlet+%283+inch%29
MAT02666,Roofing & Insulation,Rainwater & Guttering,Rooftop Drain Outlet (4 inch),Ashirvad,4 inch,meter / piece,Rs.125 - Rs.234,"Ashirvad Rooftop Drain Outlet, size 4 inch, used for rainwater collection and drainage off the roof.",https://placehold.co/400x300/6B4F4F/FFFFFF?text=Ashirvad+Rooftop+Drain+Outlet+%284+inch%29
MAT02667,Roofing & Insulation,Rainwater & Guttering,Rooftop Drain Outlet (4 inch),Supreme,4 inch,meter / piece,Rs.125 - Rs.234,"Supreme Rooftop Drain Outlet, size 4 inch, used for rainwater collection and drainage off the roof.",https://placehold.co/400x300/6B4F4F/FFFFFF?text=Supreme+Rooftop+Drain+Outlet+%284+inch%29
MAT02668,Roofing & Insulation,Rainwater & Guttering,Rooftop Drain Outlet (4 inch),Astral,4 inch,meter / piece,Rs.125 - Rs.234,"Astral Rooftop Drain Outlet, size 4 inch, used for rainwater collection and drainage off the roof.",https://placehold.co/400x300/6B4F4F/FFFFFF?text=Astral+Rooftop+Drain+Outlet+%284+inch%29
MAT02669,Roofing & Insulation,Rainwater & Guttering,Rooftop Drain Outlet (4 inch),Plasto,4 inch,meter / piece,Rs.125 - Rs.234,"Plasto Rooftop Drain Outlet, size 4 inch, used for rainwater collection and drainage off the roof.",https://placehold.co/400x300/6B4F4F/FFFFFF?text=Plasto+Rooftop+Drain+Outlet+%284+inch%29
MAT02670,Roofing & Insulation,Rainwater & Guttering,Rooftop Drain Outlet (4 inch),Sintex,4 inch,meter / piece,Rs.125 - Rs.234,"Sintex Rooftop Drain Outlet, size 4 inch, used for rainwater collection and drainage off the roof.",https://placehold.co/400x300/6B4F4F/FFFFFF?text=Sintex+Rooftop+Drain+Outlet+%284+inch%29
MAT02671,Roofing & Insulation,Rainwater & Guttering,Rooftop Drain Outlet (5 inch),Ashirvad,5 inch,meter / piece,Rs.125 - Rs.234,"Ashirvad Rooftop Drain Outlet, size 5 inch, used for rainwater collection and drainage off the roof.",https://placehold.co/400x300/6B4F4F/FFFFFF?text=Ashirvad+Rooftop+Drain+Outlet+%285+inch%29
MAT02672,Roofing & Insulation,Rainwater & Guttering,Rooftop Drain Outlet (5 inch),Supreme,5 inch,meter / piece,Rs.125 - Rs.234,"Supreme Rooftop Drain Outlet, size 5 inch, used for rainwater collection and drainage off the roof.",https://placehold.co/400x300/6B4F4F/FFFFFF?text=Supreme+Rooftop+Drain+Outlet+%285+inch%29
MAT02673,Roofing & Insulation,Rainwater & Guttering,Rooftop Drain Outlet (5 inch),Astral,5 inch,meter / piece,Rs.125 - Rs.234,"Astral Rooftop Drain Outlet, size 5 inch, used for rainwater collection and drainage off the roof.",https://placehold.co/400x300/6B4F4F/FFFFFF?text=Astral+Rooftop+Drain+Outlet+%285+inch%29
MAT02674,Roofing & Insulation,Rainwater & Guttering,Rooftop Drain Outlet (5 inch),Plasto,5 inch,meter / piece,Rs.125 - Rs.234,"Plasto Rooftop Drain Outlet, size 5 inch, used for rainwater collection and drainage off the roof.",https://placehold.co/400x300/6B4F4F/FFFFFF?text=Plasto+Rooftop+Drain+Outlet+%285+inch%29
MAT02675,Roofing & Insulation,Rainwater & Guttering,Rooftop Drain Outlet (5 inch),Sintex,5 inch,meter / piece,Rs.125 - Rs.234,"Sintex Rooftop Drain Outlet, size 5 inch, used for rainwater collection and drainage off the roof.",https://placehold.co/400x300/6B4F4F/FFFFFF?text=Sintex+Rooftop+Drain+Outlet+%285+inch%29
MAT02676,Roofing & Insulation,Rainwater & Guttering,Rooftop Drain Outlet (6 inch),Ashirvad,6 inch,meter / piece,Rs.125 - Rs.234,"Ashirvad Rooftop Drain Outlet, size 6 inch, used for rainwater collection and drainage off the roof.",https://placehold.co/400x300/6B4F4F/FFFFFF?text=Ashirvad+Rooftop+Drain+Outlet+%286+inch%29
MAT02677,Roofing & Insulation,Rainwater & Guttering,Rooftop Drain Outlet (6 inch),Supreme,6 inch,meter / piece,Rs.125 - Rs.234,"Supreme Rooftop Drain Outlet, size 6 inch, used for rainwater collection and drainage off the roof.",https://placehold.co/400x300/6B4F4F/FFFFFF?text=Supreme+Rooftop+Drain+Outlet+%286+inch%29
MAT02678,Roofing & Insulation,Rainwater & Guttering,Rooftop Drain Outlet (6 inch),Astral,6 inch,meter / piece,Rs.125 - Rs.234,"Astral Rooftop Drain Outlet, size 6 inch, used for rainwater collection and drainage off the roof.",https://placehold.co/400x300/6B4F4F/FFFFFF?text=Astral+Rooftop+Drain+Outlet+%286+inch%29
MAT02679,Roofing & Insulation,Rainwater & Guttering,Rooftop Drain Outlet (6 inch),Plasto,6 inch,meter / piece,Rs.125 - Rs.234,"Plasto Rooftop Drain Outlet, size 6 inch, used for rainwater collection and drainage off the roof.",https://placehold.co/400x300/6B4F4F/FFFFFF?text=Plasto+Rooftop+Drain+Outlet+%286+inch%29
MAT02680,Roofing & Insulation,Rainwater & Guttering,Rooftop Drain Outlet (6 inch),Sintex,6 inch,meter / piece,Rs.125 - Rs.234,"Sintex Rooftop Drain Outlet, size 6 inch, used for rainwater collection and drainage off the roof.",https://placehold.co/400x300/6B4F4F/FFFFFF?text=Sintex+Rooftop+Drain+Outlet+%286+inch%29
MAT02681,Roofing & Insulation,Rainwater & Guttering,PVC Rain Gutter (3 inch),Ashirvad,3 inch,meter / piece,Rs.125 - Rs.234,"Ashirvad PVC Rain Gutter, size 3 inch, used for rainwater collection and drainage off the roof.",https://placehold.co/400x300/6B4F4F/FFFFFF?text=Ashirvad+PVC+Rain+Gutter+%283+inch%29
MAT02682,Roofing & Insulation,Rainwater & Guttering,PVC Rain Gutter (3 inch),Supreme,3 inch,meter / piece,Rs.125 - Rs.234,"Supreme PVC Rain Gutter, size 3 inch, used for rainwater collection and drainage off the roof.",https://placehold.co/400x300/6B4F4F/FFFFFF?text=Supreme+PVC+Rain+Gutter+%283+inch%29
MAT02683,Roofing & Insulation,Rainwater & Guttering,PVC Rain Gutter (3 inch),Astral,3 inch,meter / piece,Rs.125 - Rs.234,"Astral PVC Rain Gutter, size 3 inch, used for rainwater collection and drainage off the roof.",https://placehold.co/400x300/6B4F4F/FFFFFF?text=Astral+PVC+Rain+Gutter+%283+inch%29
MAT02684,Roofing & Insulation,Rainwater & Guttering,PVC Rain Gutter (3 inch),Plasto,3 inch,meter / piece,Rs.125 - Rs.234,"Plasto PVC Rain Gutter, size 3 inch, used for rainwater collection and drainage off the roof.",https://placehold.co/400x300/6B4F4F/FFFFFF?text=Plasto+PVC+Rain+Gutter+%283+inch%29
MAT02685,Roofing & Insulation,Rainwater & Guttering,PVC Rain Gutter (3 inch),Sintex,3 inch,meter / piece,Rs.125 - Rs.234,"Sintex PVC Rain Gutter, size 3 inch, used for rainwater collection and drainage off the roof.",https://placehold.co/400x300/6B4F4F/FFFFFF?text=Sintex+PVC+Rain+Gutter+%283+inch%29
MAT02686,Roofing & Insulation,Rainwater & Guttering,PVC Rain Gutter (4 inch),Ashirvad,4 inch,meter / piece,Rs.125 - Rs.234,"Ashirvad PVC Rain Gutter, size 4 inch, used for rainwater collection and drainage off the roof.",https://placehold.co/400x300/6B4F4F/FFFFFF?text=Ashirvad+PVC+Rain+Gutter+%284+inch%29
MAT02687,Roofing & Insulation,Rainwater & Guttering,PVC Rain Gutter (4 inch),Supreme,4 inch,meter / piece,Rs.125 - Rs.234,"Supreme PVC Rain Gutter, size 4 inch, used for rainwater collection and drainage off the roof.",https://placehold.co/400x300/6B4F4F/FFFFFF?text=Supreme+PVC+Rain+Gutter+%284+inch%29
MAT02688,Roofing & Insulation,Rainwater & Guttering,PVC Rain Gutter (4 inch),Astral,4 inch,meter / piece,Rs.125 - Rs.234,"Astral PVC Rain Gutter, size 4 inch, used for rainwater collection and drainage off the roof.",https://placehold.co/400x300/6B4F4F/FFFFFF?text=Astral+PVC+Rain+Gutter+%284+inch%29
MAT02689,Roofing & Insulation,Rainwater & Guttering,PVC Rain Gutter (4 inch),Plasto,4 inch,meter / piece,Rs.125 - Rs.234,"Plasto PVC Rain Gutter, size 4 inch, used for rainwater collection and drainage off the roof.",https://placehold.co/400x300/6B4F4F/FFFFFF?text=Plasto+PVC+Rain+Gutter+%284+inch%29
MAT02690,Roofing & Insulation,Rainwater & Guttering,PVC Rain Gutter (4 inch),Sintex,4 inch,meter / piece,Rs.125 - Rs.234,"Sintex PVC Rain Gutter, size 4 inch, used for rainwater collection and drainage off the roof.",https://placehold.co/400x300/6B4F4F/FFFFFF?text=Sintex+PVC+Rain+Gutter+%284+inch%29
